CustomerID,FirstName,LastName,State,Segment,JoinDate
1,Mary,Hughes,HI,Consumer,2023-09-16
2,Andrea,Williams,PR,VIP,2026-08-10
3,William,Wilson,SD,Consumer,2026-08-13
4,Mark,Garcia,MN,VIP,2023-06-04
5,Bradley,Foster,WV,Consumer,2022-10-13
6,Molly,Smith,ID,Consumer,2026-08-06
7,Jason,Schwartz,VT,Consumer,2025-04-23
8,Emily,Johnson,MO,Business,2022-12-24
9,Debra,Mcdonald,WV,Consumer,2022-10-20
10,Christopher,Thomas,OK,Consumer,2024-09-28
11,Thomas,Lee,ND,Consumer,2022-10-07
12,Edward,Parks,OH,Consumer,2024-01-31
13,Sean,Lawson,CO,Business,2025-01-02
14,Bruce,Baker,AR,Consumer,2025-08-26
15,Barbara,Walker,AZ,Consumer,2024-07-24
16,Richard,Taylor,NM,Business,2023-06-13
17,Andrea,Abbott,NH,Business,2022-03-02
18,Jose,Jones,WV,Consumer,2026-08-12
19,Alan,Fisher,VI,Consumer,2021-09-29
20,Natalie,Torres,VI,Consumer,2025-06-28
21,Jimmy,Barajas,UT,Consumer,2024-06-15
22,James,Duran,AL,Consumer,2022-10-05
23,Katherine,Miller,MO,Consumer,2024-02-21
24,Betty,Wilson,GA,Consumer,2024-10-03
25,Michele,Jones,NM,Business,2024-10-27
26,Cindy,Mack,MI,Consumer,2025-10-10
27,John,Ellison,NJ,VIP,2025-11-23
28,Brent,Morales,PW,VIP,2023-03-02
29,Vincent,Payne,MA,Consumer,2024-03-27
30,Michael,Haas,MH,Business,2024-02-28
31,Debbie,Hill,IL,Consumer,2024-03-25
32,Louis,Le,TX,Consumer,2022-06-04
33,Casey,Miles,GU,Consumer,2026-02-28
34,Kimberly,Ayala,MN,Consumer,2025-04-04
35,Kathy,Valenzuela,PA,Consumer,2021-11-10
36,Michele,Kramer,RI,Business,2025-05-27
37,Stephanie,Holloway,NY,Consumer,2026-03-31
38,Steven,Davis,AR,Consumer,2023-06-25
39,Seth,Williams,WA,Consumer,2024-08-09
40,Tara,Miller,MD,Consumer,2023-10-24
41,Autumn,Lee,NH,Consumer,2026-07-10
42,Daniel,Cowan,DE,Consumer,2024-10-15
43,Kyle,Young,SC,Consumer,2023-07-30
44,James,Davis,AZ,Business,2026-05-20
45,Justin,Nunez,DC,Business,2024-09-19
46,Shane,Stevens,MT,Business,2023-01-23
47,Roy,Howard,NM,Consumer,2025-11-27
48,Amy,Warren,DE,Consumer,2025-06-02
49,Regina,Garrison,RI,Consumer,2026-04-25
50,Janet,Nelson,MD,Business,2025-11-07
51,Amanda,Perez,OK,Consumer,2024-09-15
52,Erica,Kelly,FM,Consumer,2025-06-30
53,Alexandra,Stevens,PR,Consumer,2023-05-11
54,Kenneth,Haynes,IL,Consumer,2025-03-02
55,Stephanie,Thompson,NM,Consumer,2023-12-14
56,Jacob,Whitney,AS,Consumer,2023-07-06
57,Paula,Meadows,WV,Business,2026-05-19
58,Catherine,Zimmerman,ID,Consumer,2022-12-02
59,Steven,Reyes,MH,Consumer,2026-06-15
60,Christopher,Lopez,IL,Business,2024-05-29
61,Laura,Hopkins,HI,Consumer,2024-01-08
62,Caleb,Wolfe,MI,Consumer,2023-05-29
63,James,Sexton,NV,VIP,2024-06-26
64,Crystal,Thomas,DC,Consumer,2023-02-08
65,Mitchell,Pruitt,WI,Consumer,2023-09-02
66,Leslie,Simmons,OK,Consumer,2022-02-28
67,Lindsey,Fisher,IA,Consumer,2024-09-09
68,Amy,Hess,VT,VIP,2025-09-23
69,Amber,Buchanan,OR,Consumer,2024-09-24
70,Rebecca,Daugherty,MT,Consumer,2023-04-25
71,Danielle,Roth,UT,Consumer,2023-07-04
72,William,Flowers,MI,Consumer,2024-12-06
73,Nathan,Solomon,KY,Consumer,2025-09-05
74,Justin,Jones,WY,Consumer,2023-12-13
75,Henry,White,MI,VIP,2026-06-04
76,Madison,Olson,IN,Consumer,2024-11-22
77,Robert,Richard,TX,Consumer,2024-10-06
78,Tracy,Burns,LA,Business,2025-06-07
79,Jessica,Duran,MH,Consumer,2025-12-25
80,Gary,Joseph,PW,Consumer,2024-10-01
81,Jacqueline,Watkins,LA,Consumer,2025-04-15
82,Andres,Neal,WI,Consumer,2026-02-22
83,Carlos,Osborne,SD,Business,2021-10-06
84,Chelsea,Richardson,HI,Consumer,2022-04-27
85,Rhonda,Tran,NC,Business,2026-01-11
86,Ashley,Huffman,AS,Consumer,2022-08-08
87,Brittany,Anderson,VI,Consumer,2025-02-07
88,Alexis,Harding,NY,Consumer,2023-01-27
89,John,Hicks,SC,Consumer,2024-08-03
90,Andrea,Smith,FM,Consumer,2024-06-16
91,Jacob,Pierce,TN,Consumer,2026-04-02
92,Heidi,Schultz,SD,Consumer,2022-03-30
93,James,Barry,SD,Consumer,2023-10-30
94,Ryan,Roberts,MH,Business,2021-12-27
95,Emily,Mitchell,NC,Business,2024-05-24
96,Janice,Rivera,IA,Business,2023-03-26
97,Jason,Miller,AS,Consumer,2023-04-13
98,Maria,King,AK,VIP,2023-04-12
99,Barbara,Foster,ND,Business,2024-01-13
100,Maria,Figueroa,MN,Business,2026-01-21
101,Justin,Rosales,SC,Consumer,2026-01-18
102,Brittany,Stevens,AZ,Consumer,2025-12-12
103,Darren,Wright,GU,Consumer,2022-05-27
104,Linda,Johnson,OR,Consumer,2023-05-23
105,Dylan,Davenport,TX,Business,2022-08-30
106,Lorraine,Robinson,MT,Consumer,2023-07-14
107,Melissa,Bell,HI,Consumer,2026-07-30
108,Matthew,Zamora,TN,Consumer,2026-01-31
109,Jessica,Copeland,AZ,Consumer,2023-12-23
110,Gary,Campbell,WI,Consumer,2026-06-04
111,Michael,Landry,AS,Business,2025-02-07
112,Tom,Vang,TX,Consumer,2023-01-05
113,Kevin,Marshall,VA,VIP,2026-05-23
114,Cindy,Espinoza,ND,Consumer,2023-11-18
115,Debra,Tucker,PW,VIP,2026-09-11
116,Pamela,Wilkins,MA,Business,2021-12-19
117,Nancy,Buckley,IN,Consumer,2025-05-12
118,Christine,Austin,OR,Consumer,2021-11-06
119,John,Harris,NV,Consumer,2021-11-18
120,Michael,Thomas,GA,Consumer,2023-02-21
121,Jeffrey,Booker,CT,Business,2025-11-18
122,Vanessa,Ramirez,WV,Consumer,2021-11-17
123,Peter,Brown,DC,Consumer,2026-05-27
124,Nicole,Adams,MN,Consumer,2026-03-14
125,Evan,Wolfe,IN,Consumer,2025-11-23
126,Diana,Tanner,PA,Consumer,2023-01-02
127,Molly,Figueroa,DC,Consumer,2025-10-17
128,Veronica,Rodriguez,MT,Consumer,2024-03-01
129,Christopher,Fletcher,AK,VIP,2022-06-13
130,Isaac,Flores,ID,Consumer,2026-09-12
131,Michael,Ross,MO,Business,2023-08-21
132,Michael,Webb,AS,VIP,2025-07-24
133,Christine,Saunders,MA,Business,2022-09-07
134,Kimberly,Graham,CO,Business,2025-06-10
135,Daniel,Lindsey,VI,Consumer,2021-09-26
136,Dawn,Lawrence,IA,Consumer,2021-10-01
137,John,Daniel,MI,Consumer,2025-09-26
138,Tricia,Mathews,DE,Consumer,2023-07-12
139,Linda,Chambers,PR,Consumer,2024-07-13
140,Robert,Watson,FM,Business,2026-06-01
141,Ralph,Faulkner,SD,Consumer,2024-04-29
142,Veronica,Oliver,MP,Business,2024-11-18
143,Thomas,Nelson,UT,Consumer,2024-03-06
144,Lisa,Rodriguez,KS,Business,2024-09-18
145,Joy,Fisher,AS,Business,2025-11-23
146,Sarah,Ramirez,AL,Business,2026-06-16
147,Tamara,Byrd,NM,Consumer,2022-08-26
148,Anthony,Flores,VI,Consumer,2024-01-09
149,Renee,Charles,KS,Consumer,2023-04-04
150,Walter,Martin,ID,Consumer,2024-08-11
151,Sandra,Walker,LA,Consumer,2026-07-26
152,David,Hoffman,AR,Business,2025-07-05
153,Donald,Curry,CO,Consumer,2022-12-11
154,Amanda,James,NE,Consumer,2024-11-07
155,David,Murray,PW,Consumer,2025-05-25
156,Maria,Reed,AZ,Consumer,2024-01-26
157,Bobby,Herman,AL,Consumer,2024-05-03
158,Michael,Clarke,NH,Consumer,2025-01-09
159,Dorothy,Bryant,KS,Consumer,2026-07-26
160,Janet,Maldonado,PA,Consumer,2021-09-25
161,Breanna,Escobar,MA,Consumer,2026-07-26
162,Angela,Fisher,DC,Business,2025-05-24
163,Anne,Mccormick,MN,Consumer,2024-12-17
164,Teresa,Coleman,KS,Consumer,2022-09-11
165,Andrew,Perez,MA,Business,2026-03-23
166,Jasmine,Duncan,VA,Business,2022-09-01
167,Valerie,Bond,WA,Consumer,2022-02-18
168,Billy,Dalton,PA,Consumer,2026-04-26
169,Ethan,Koch,ME,Consumer,2023-08-26
170,Stacy,Miller,IL,Business,2026-07-28
171,James,Murray,ID,Consumer,2023-05-30
172,John,Williams,CA,VIP,2023-02-27
173,Ralph,Booth,OH,Business,2024-10-29
174,Lori,Soto,MP,Consumer,2026-02-04
175,Amanda,Hernandez,DE,Consumer,2026-03-12
176,Timothy,Hill,GA,Business,2023-01-23
177,Robert,Garcia,VA,Consumer,2022-09-04
178,Derrick,Thompson,VI,Consumer,2024-12-08
179,Jon,Kelley,KS,Consumer,2022-01-25
180,Ruben,Griffin,NC,Business,2022-06-02
181,Nicole,Swanson,NE,Consumer,2022-08-18
182,Jennifer,Sanchez,SD,Business,2022-07-10
183,Spencer,Barker,KS,Business,2025-01-03
184,Jerry,Wilson,AK,Consumer,2021-11-21
185,Shelby,Clark,WV,Consumer,2022-03-29
186,Amanda,Simpson,AL,Consumer,2023-08-07
187,Shelby,Morales,PW,Business,2023-02-28
188,Stephen,Hoffman,LA,Business,2025-03-19
189,Sean,Perez,ND,Business,2023-04-11
190,Elizabeth,Matthews,NC,Consumer,2023-08-12
191,Michael,Green,NM,VIP,2022-02-02
192,Megan,Thompson,OK,Consumer,2023-11-17
193,Ashley,Dunlap,KS,Business,2024-09-22
194,David,Rodriguez,AL,Consumer,2024-10-17
195,Peter,Blackwell,WA,VIP,2022-04-10
196,Daniel,French,DE,Consumer,2025-11-30
197,Jean,Kemp,MH,Consumer,2025-03-28
198,Sean,Terry,CO,Consumer,2025-12-23
199,Adrian,Palmer,NH,Consumer,2026-08-11
200,Matthew,Robinson,AZ,Consumer,2026-05-25
201,Paul,Edwards,PA,Consumer,2023-12-24
202,David,Kennedy,WI,Consumer,2025-04-21
203,Tyler,Fernandez,MI,Business,2023-12-08
204,Paul,Barber,MP,Consumer,2021-09-29
205,Caleb,Hall,MP,Consumer,2023-11-19
206,James,Brooks,NV,Consumer,2026-02-03
207,Amy,Carter,TX,Consumer,2022-09-13
208,Alejandro,Hubbard,RI,Business,2026-07-06
209,Priscilla,Curtis,NY,Business,2025-12-22
210,Shannon,Mora,MO,Consumer,2021-12-27
211,Michael,Harris,OH,Consumer,2025-01-12
212,Aaron,Johnson,NE,Consumer,2021-11-06
213,Susan,Bonilla,GA,Consumer,2023-05-09
214,Jenna,Walter,TX,Consumer,2023-08-31
215,William,Barry,VA,Business,2026-06-15
216,Kimberly,Gregory,AR,Consumer,2023-09-25
217,Matthew,Alvarez,ND,Consumer,2023-10-22
218,Jonathan,Johnson,PA,Consumer,2023-09-29
219,Mary,Owens,GU,Business,2023-07-21
220,Emily,Stark,MA,Consumer,2021-11-22
221,Lauren,Russell,MD,Consumer,2024-04-03
222,Robin,Gross,MI,VIP,2023-12-23
223,Tami,Williams,MA,Consumer,2026-06-19
224,Mackenzie,Thornton,MP,Business,2024-08-05
225,Elaine,Owens,FM,Business,2022-05-18
226,Belinda,Lozano,FM,Consumer,2022-07-11
227,Deanna,Hall,OK,Consumer,2026-06-26
228,Angela,Watts,DE,Business,2024-01-05
229,Luis,Walker,VT,Business,2021-11-02
230,Michael,Orr,SD,Consumer,2026-08-17
231,Richard,Johnson,IL,Consumer,2024-10-08
232,Julie,Booth,ME,Consumer,2025-05-07
233,John,Hart,CO,Business,2025-06-15
234,Wayne,Williams,MI,Consumer,2025-12-09
235,Elizabeth,Brandt,NE,Consumer,2023-11-10
236,Sara,Parrish,OR,Consumer,2022-05-04
237,Megan,Cooper,IA,Consumer,2024-05-16
238,Margaret,Sharp,TX,Consumer,2024-12-30
239,Amber,Miller,NJ,Consumer,2024-07-23
240,Kim,Robinson,TX,Consumer,2022-08-22
241,Paul,Young,SC,VIP,2024-01-26
242,Nicholas,Todd,NE,Consumer,2024-05-25
243,Mike,Kim,WY,Consumer,2026-06-09
244,Matthew,Smith,MS,Consumer,2022-11-25
245,Danielle,Paul,WY,Consumer,2024-08-24
246,Amber,Fowler,MI,Consumer,2022-05-04
247,Tina,Garner,VI,Consumer,2022-08-18
248,Steven,Hicks,VT,Consumer,2026-06-11
249,Teresa,Austin,GA,Consumer,2024-05-22
250,Karen,Vasquez,MO,Business,2024-04-10
251,Jasmine,Hernandez,SC,Consumer,2024-01-22
252,Julia,Flores,OK,Consumer,2024-10-25
253,Jennifer,Wright,PW,Consumer,2025-03-08
254,Justin,Harris,DE,Consumer,2024-01-03
255,Adam,Simon,ME,Consumer,2024-07-10
256,Andrew,Pennington,PR,Consumer,2023-08-31
257,Joseph,Medina,RI,Consumer,2025-03-24
258,Mario,Gray,GU,Business,2024-10-01
259,Sharon,Stewart,IA,Business,2024-09-06
260,Theresa,Calderon,IL,Consumer,2022-05-18
261,Kevin,Brown,PR,Consumer,2024-06-20
262,Ryan,Walters,WY,Consumer,2024-06-19
263,Laura,Johnson,FL,Business,2026-04-12
264,Sarah,Abbott,MO,Business,2026-08-12
265,Kyle,Barker,AL,Consumer,2025-02-08
266,Mark,Spencer,NM,Business,2025-09-21
267,Nicole,Travis,ID,Consumer,2023-05-17
268,Isaiah,Luna,NH,Consumer,2024-07-03
269,Maurice,Martinez,MO,Consumer,2026-09-15
270,Jennifer,Carter,MS,Consumer,2024-06-23
271,Melanie,Rogers,CT,Consumer,2023-11-17
272,Veronica,Sweeney,NY,Business,2023-05-04
273,Cheryl,Roth,MS,Business,2026-02-15
274,Patricia,Davis,NM,Consumer,2023-03-15
275,Gary,Cooper,TN,Consumer,2023-09-25
276,Faith,Holder,PW,Consumer,2022-06-23
277,Desiree,Preston,PW,Consumer,2025-07-19
278,Lindsey,Fields,WA,Consumer,2022-04-18
279,Laura,Long,CT,Consumer,2025-08-04
280,Amanda,Harrison,IN,Consumer,2022-07-14
281,Lauren,Cross,WY,Consumer,2026-04-01
282,Rhonda,Hanson,FM,Business,2024-12-20
283,Patrick,Clark,IL,Consumer,2025-02-02
284,Michele,Anderson,AR,Consumer,2024-08-27
285,Michael,Tapia,IL,VIP,2022-05-10
286,Robert,Owens,CO,Consumer,2024-10-21
287,Ryan,Meyer,NC,Consumer,2025-06-28
288,Cynthia,Gardner,MA,Consumer,2025-10-25
289,Cindy,Blevins,VI,Consumer,2022-04-29
290,Jeremy,Stone,AZ,Consumer,2025-12-27
291,Kelsey,Perkins,DC,Consumer,2023-03-20
292,Christopher,Mills,AL,Business,2022-09-17
293,Laura,Davis,IA,Consumer,2025-03-12
294,Christian,Hudson,SC,Consumer,2025-08-09
295,Kathleen,Gilbert,KY,Business,2025-12-05
296,Nicholas,Thomas,WY,Consumer,2025-01-09
297,Tiffany,Perez,OK,Consumer,2024-03-18
298,Jason,Larson,AS,Consumer,2025-11-09
299,Dennis,Mcdonald,CA,Consumer,2026-01-29
300,Ethan,Phillips,AK,Consumer,2026-07-24
301,Nancy,Sandoval,IA,Consumer,2023-01-28
302,Patrick,Velez,UT,Consumer,2025-03-21
303,Samantha,Richards,OK,Consumer,2026-01-26
304,Gabriel,Taylor,SD,Consumer,2024-09-15
305,Ashley,Austin,CO,Business,2025-10-04
306,David,Jensen,VT,Consumer,2022-09-12
307,Laurie,Martinez,NH,Consumer,2022-04-20
308,Jesus,Burton,MH,VIP,2023-10-02
309,Robert,Holland,AK,Consumer,2022-10-22
310,Samantha,Mayo,NY,Business,2025-08-18
311,Sue,Webb,WI,Consumer,2022-03-15
312,Stefanie,Sheppard,PA,VIP,2026-01-09
313,Jessica,Nichols,TN,Consumer,2024-09-05
314,Edward,Ellis,KY,Consumer,2023-04-29
315,Justin,Smith,ID,Consumer,2023-09-11
316,Andrew,Hogan,AR,Consumer,2024-11-22
317,David,Cooper,AS,Consumer,2022-05-13
318,Steven,Webb,MP,Consumer,2021-09-27
319,David,Hudson,GU,Consumer,2023-05-07
320,Luke,Shaw,PA,Consumer,2023-05-23
321,Jacqueline,Ford,AR,Consumer,2026-05-13
322,Karen,Ellis,DE,Business,2023-01-10
323,Erik,Allen,WY,Consumer,2025-12-07
324,Maria,Andrade,FL,Consumer,2023-06-14
325,Amanda,Fischer,IL,Consumer,2023-07-25
326,Alex,Nelson,MO,Business,2026-09-04
327,Kristy,Lopez,NY,Consumer,2022-10-10
328,Jennifer,Barber,IL,Business,2026-08-06
329,Luke,Moss,GU,Business,2024-11-15
330,Karen,Wallace,DE,VIP,2025-04-27
331,Kevin,Petty,KS,VIP,2025-12-08
332,Roy,Salas,MO,Consumer,2021-11-30
333,James,Simmons,OH,Consumer,2024-10-24
334,Matthew,Douglas,WY,Consumer,2026-05-06
335,Angela,Campbell,IA,Consumer,2024-06-17
336,Justin,Oliver,IA,Consumer,2022-04-03
337,Nicole,Holloway,NJ,Consumer,2024-04-24
338,Hunter,Perez,PW,Consumer,2022-04-30
339,Diana,Watkins,SC,Consumer,2024-07-11
340,Teresa,Bennett,MO,Consumer,2024-07-14
341,Charles,Curry,MN,VIP,2024-11-17
342,Kevin,Williams,NV,Consumer,2022-04-14
343,Rachel,Hanna,SD,Business,2022-10-30
344,Dana,Marquez,CA,Consumer,2022-07-23
345,Laura,Owen,RI,Business,2023-06-26
346,Joshua,Harris,NJ,Consumer,2025-10-24
347,Kimberly,Kane,IA,Business,2024-10-26
348,Randy,Padilla,GU,Business,2022-06-08
349,Kristi,Buchanan,MP,Consumer,2025-01-13
350,Brian,Chavez,IL,VIP,2024-03-24
351,David,Powell,NH,Consumer,2022-07-18
352,Courtney,Johnson,GU,Consumer,2025-04-01
353,Henry,Ortiz,VI,Consumer,2025-05-09
354,Julia,Levine,NY,Consumer,2022-09-18
355,James,Johnson,MD,Consumer,2024-07-13
356,Peter,Washington,ID,Consumer,2023-11-21
357,Terri,Melton,KY,Consumer,2025-08-09
358,Emma,Morris,ND,Consumer,2025-08-14
359,Mark,Harper,MO,Consumer,2022-08-05
360,Dean,Cummings,MP,Consumer,2024-12-28
361,Jacob,Turner,MN,Consumer,2021-12-12
362,Julie,Thomas,OK,Consumer,2023-09-13
363,Kevin,Rogers,MH,VIP,2024-01-24
364,Robin,Jensen,SD,Consumer,2022-01-20
365,Teresa,Rowe,CT,Consumer,2023-10-15
366,Michael,Richards,IL,VIP,2023-09-18
367,Joe,Morris,WY,Consumer,2024-03-15
368,Michael,Johnson,SC,Business,2025-11-03
369,Cheryl,Brown,MS,Consumer,2023-08-19
370,Stacey,Moore,NY,Consumer,2026-03-29
371,Christopher,Murphy,NY,Consumer,2025-10-09
372,Kristina,Smith,AZ,VIP,2023-02-19
373,Mark,Blackwell,MP,Consumer,2022-03-21
374,Steven,White,AS,Business,2025-05-18
375,Christopher,Christian,MP,Consumer,2023-07-03
376,Monica,Glass,MP,Consumer,2025-06-09
377,Sherry,Sanders,MD,Consumer,2022-06-22
378,Peter,Brandt,AK,Consumer,2025-04-06
379,Donna,Weiss,IA,Consumer,2025-04-10
380,Julie,Roberts,WI,Business,2025-07-01
381,Valerie,Watkins,OR,Consumer,2024-02-17
382,Kevin,Sparks,CO,Business,2024-02-06
383,Tammy,Knox,ID,Consumer,2024-08-31
384,Angela,Shah,HI,Consumer,2024-02-20
385,Christina,White,NV,Consumer,2023-06-06
386,Thomas,Martinez,WI,Consumer,2023-10-15
387,Kimberly,Torres,NY,Consumer,2022-04-15
388,Michael,Acosta,VI,Consumer,2023-09-12
389,Daniel,Contreras,SD,Consumer,2024-11-17
390,Alec,Short,AK,Consumer,2025-03-07
391,Ivan,Nguyen,GU,Consumer,2023-03-31
392,Bobby,Herrera,PR,Consumer,2023-06-27
393,Samantha,Ponce,MS,Consumer,2022-09-09
394,Jessica,Proctor,AZ,VIP,2022-03-20
395,Dominic,Mason,PA,Consumer,2023-04-14
396,Jessica,Henry,OK,Consumer,2022-05-18
397,Brian,Watson,MO,Business,2024-05-04
398,Richard,Gallagher,NH,Consumer,2026-02-09
399,Kayla,Bradley,TN,Consumer,2022-09-23
400,Wanda,Scott,AL,Business,2021-11-12
401,Maurice,Mcdowell,NY,Consumer,2024-06-12
402,Henry,Schultz,MH,Consumer,2025-07-04
403,Taylor,Tyler,WV,Consumer,2026-06-19
404,Joshua,Clark,VA,Consumer,2026-07-10
405,Brian,Jones,OR,Consumer,2024-02-06
406,Jonathon,Davis,KY,VIP,2024-01-05
407,Zachary,Li,CT,Consumer,2022-03-04
408,Natalie,Smith,OR,Consumer,2021-11-26
409,Edward,Robinson,AZ,Consumer,2024-05-04
410,Jose,Murray,CA,Consumer,2025-03-27
411,Leslie,Wood,IL,Business,2023-01-11
412,Bonnie,Hunt,SD,Consumer,2022-06-18
413,Patricia,Maynard,MT,Business,2025-01-07
414,Nathaniel,Cooke,NC,Consumer,2024-03-15
415,Kayla,Hall,WI,Consumer,2022-08-22
416,Brenda,Solis,WV,Consumer,2025-11-12
417,Kevin,Arnold,IN,Business,2022-04-26
418,Victoria,Jackson,NV,Business,2026-04-24
419,Eric,Mejia,SC,Consumer,2022-02-12
420,Summer,Mitchell,VI,Business,2023-04-03
421,Brittney,Vargas,AS,Consumer,2022-11-27
422,Grant,Powell,MH,Consumer,2023-08-14
423,Amanda,Carter,AR,Consumer,2022-09-20
424,Amber,Mcdonald,HI,Consumer,2023-07-02
425,Susan,Morris,OR,Consumer,2025-02-26
426,Cheryl,Johnson,MS,Business,2023-12-04
427,Robert,Peterson,FL,Consumer,2024-02-22
428,Gabriel,Hall,OH,Consumer,2026-08-24
429,William,Rogers,TN,Consumer,2022-10-27
430,Roger,Harvey,IA,Consumer,2022-05-13
431,Amanda,Hart,TX,Consumer,2023-04-19
432,Taylor,Joseph,WI,Consumer,2022-06-12
433,Ashley,Wells,MA,Consumer,2023-09-18
434,Kelly,Buchanan,IA,Business,2022-06-03
435,Amy,Jones,FL,Consumer,2023-03-10
436,Sarah,Murphy,UT,Consumer,2022-06-01
437,Adam,Moses,NJ,Business,2021-11-30
438,Tammy,Casey,DE,Consumer,2023-05-16
439,Victoria,Hernandez,WY,Consumer,2024-02-02
440,Beth,Gill,VA,Consumer,2023-12-06
441,Isaiah,Walters,NJ,Business,2022-10-05
442,Haley,Parker,MI,Consumer,2025-08-09
443,Jacqueline,Gibbs,VA,Consumer,2021-10-12
444,Wayne,Jackson,LA,Business,2024-06-14
445,Elizabeth,Gardner,NM,Business,2022-10-28
446,Brandon,Harris,IA,Consumer,2021-10-15
447,Matthew,Jensen,WA,Consumer,2023-10-25
448,Matthew,Gray,ID,Consumer,2024-03-20
449,Jacqueline,Johnson,CT,Consumer,2023-07-23
450,Loretta,Berry,FL,Consumer,2023-07-02
451,Samantha,Barrett,AZ,Consumer,2025-08-13
452,Andrew,Galvan,AZ,Consumer,2024-07-03
453,Michael,Flowers,SC,Consumer,2023-02-08
454,Timothy,White,NH,Business,2023-01-30
455,Kristin,Massey,DC,Consumer,2022-07-16
456,Amy,Vasquez,IN,Business,2023-10-16
457,Cory,Miller,AK,Consumer,2022-07-12
458,Amanda,Barnett,PA,Consumer,2023-05-29
459,Matthew,Davis,CT,Business,2022-10-07
460,Jason,Roberson,FM,Consumer,2026-01-08
461,Michael,Gomez,WA,VIP,2023-10-09
462,Erica,Lowe,MA,Business,2022-11-30
463,Claire,Coleman,AL,Consumer,2023-08-23
464,Justin,Richards,MI,Consumer,2022-09-26
465,Andrew,Hester,MN,Consumer,2025-08-10
466,George,Johnson,MS,Consumer,2022-09-06
467,Robert,Blair,CT,Consumer,2024-11-08
468,Lindsay,Lopez,OH,Consumer,2026-01-09
469,Gabriel,Love,UT,Consumer,2024-06-08
470,John,Jones,VT,Consumer,2024-01-07
471,Christopher,Hunt,MT,Consumer,2023-10-18
472,Tony,Stevens,UT,VIP,2024-03-01
473,Erin,Alvarez,KS,Business,2024-06-26
474,Patricia,Ryan,OH,Consumer,2022-01-04
475,Samantha,Romero,WY,Consumer,2022-05-22
476,Donald,Hardin,NV,Consumer,2025-10-01
477,Kiara,Hill,MD,Consumer,2022-08-23
478,Alicia,Webb,NC,Consumer,2024-07-14
479,Nancy,Duncan,MH,Consumer,2025-03-11
480,Isaac,Carr,WA,Consumer,2026-06-22
481,Elizabeth,Miles,IN,Consumer,2024-12-28
482,Roger,Holt,ID,Business,2021-11-16
483,Kelly,Reynolds,NH,Business,2024-03-26
484,Randall,Wright,GA,Consumer,2026-05-28
485,Gina,Vega,MI,Consumer,2024-08-15
486,Scott,Garcia,NV,VIP,2022-02-01
487,Jamie,Martin,SD,Consumer,2024-12-25
488,Shannon,Carrillo,OK,Business,2025-10-08
489,Mary,Blanchard,VT,Consumer,2021-10-20
490,Lawrence,Johnson,DE,Consumer,2025-12-07
491,Amanda,Edwards,NH,Consumer,2021-10-07
492,Melissa,Gonzales,NE,Consumer,2022-12-02
493,Scott,Sanders,NY,Consumer,2024-05-15
494,Reginald,Mooney,MA,Consumer,2023-04-24
495,Angel,Taylor,IL,Consumer,2023-11-19
496,John,Henderson,AK,Consumer,2025-07-30
497,Dennis,Compton,WA,Business,2024-10-01
498,Eric,Levine,GU,Consumer,2023-03-16
499,Phillip,House,TN,Consumer,2024-10-14
500,Keith,Fox,IA,Consumer,2025-03-21
501,Christian,Kim,NE,Consumer,2023-09-22
502,George,Anderson,FM,VIP,2025-09-12
503,Kristopher,Sanchez,ME,Consumer,2022-04-23
504,Brittany,Stewart,FL,Consumer,2026-07-11
505,Gloria,Garcia,VT,Business,2024-12-17
506,Anthony,Holmes,PR,Consumer,2023-12-22
507,Christian,Morgan,OR,Business,2024-04-28
508,Michael,Nichols,MD,Consumer,2026-06-07
509,Heidi,Dunn,ND,Business,2023-11-11
510,Kelsey,Johnson,MD,Consumer,2025-05-16
511,Glenn,Mclean,NJ,Consumer,2023-01-20
512,Adam,Castro,MI,VIP,2025-08-30
513,Lisa,Swanson,IL,Consumer,2023-10-10
514,Michael,Kaiser,ND,VIP,2022-03-29
515,Allen,Richardson,WA,Business,2022-04-19
516,Kyle,Richardson,LA,Business,2022-10-31
517,Joe,Simpson,MT,Consumer,2025-02-03
518,Jonathan,Holmes,CO,Business,2024-03-29
519,Thomas,Smith,NM,Consumer,2026-04-02
520,Mallory,Novak,NH,Consumer,2024-11-19
521,Jonathan,Spears,GA,Business,2025-05-03
522,Katherine,Kelly,NM,VIP,2022-09-14
523,Nicholas,Williams,MI,Consumer,2023-12-07
524,Eduardo,Shaffer,DC,Consumer,2025-06-26
525,Tina,Ferguson,UT,Consumer,2026-03-03
526,Johnathan,Walsh,ME,Consumer,2022-04-21
527,Amy,Riley,OH,Consumer,2023-06-15
528,Zachary,Rodriguez,MD,Consumer,2026-03-14
529,Philip,Hall,TN,Business,2025-09-04
530,John,Thomas,NY,Consumer,2022-12-23
531,Wendy,Guzman,AZ,Business,2023-05-26
532,Harold,Meyer,DC,Consumer,2025-05-04
533,Cassie,Vargas,WA,Consumer,2024-12-27
534,Zachary,Rodriguez,WI,Consumer,2021-10-15
535,Blake,Bell,NE,Consumer,2022-02-23
536,Melissa,Huerta,MD,Consumer,2026-07-08
537,Elizabeth,Newman,SC,Consumer,2023-11-29
538,Nicholas,Powell,TX,Consumer,2023-01-19
539,Brian,Lewis,NH,Consumer,2023-05-17
540,Jacob,Rich,WI,Consumer,2025-11-14
541,Samantha,Harris,PA,Consumer,2025-05-16
542,Natalie,Green,HI,Consumer,2025-05-06
543,Matthew,Jones,AZ,Consumer,2022-01-02
544,Kenneth,Graves,HI,Consumer,2024-08-20
545,Alexandria,Booth,OH,Consumer,2025-06-19
546,Matthew,Ferguson,ND,Consumer,2026-03-08
547,Rita,Rowe,IA,Consumer,2024-11-08
548,Christopher,Palmer,MI,Consumer,2022-04-14
549,William,Estrada,NM,Consumer,2024-05-08
550,Kara,Williams,KY,Consumer,2026-08-21
551,Douglas,Rogers,ME,Consumer,2022-01-06
552,Nathan,Chen,NE,Consumer,2023-05-24
553,Logan,Campbell,FM,Consumer,2024-07-20
554,Vanessa,Mitchell,AR,Consumer,2022-02-26
555,Michael,Daugherty,RI,Consumer,2025-04-24
556,Kimberly,Wright,PA,Consumer,2024-08-06
557,Anthony,Ramirez,NM,Business,2026-07-08
558,Kimberly,Simmons,MA,VIP,2026-08-01
559,Ashley,Spencer,GA,VIP,2022-04-19
560,Jessica,Wu,UT,Business,2022-09-21
561,Kara,Hill,MN,Consumer,2024-07-15
562,John,Ford,AR,Consumer,2024-01-21
563,Cynthia,Andrews,IA,Consumer,2023-11-24
564,James,Garner,PR,Consumer,2022-07-08
565,David,Frederick,CO,Business,2022-09-05
566,James,Santiago,MI,Consumer,2026-06-20
567,Tammy,Martin,SC,Consumer,2023-03-18
568,Dawn,Tran,ND,Consumer,2024-06-04
569,Jordan,Moore,OK,Consumer,2026-01-05
570,Oscar,Barry,IN,Consumer,2026-06-10
571,Victoria,Black,MS,Consumer,2022-08-01
572,Kyle,Christensen,KS,Consumer,2022-10-02
573,Ashley,Krause,NH,Business,2024-12-22
574,Stephanie,Santana,LA,Consumer,2025-11-02
575,Kendra,Gutierrez,WI,Consumer,2025-12-17
576,Kristi,Washington,HI,Business,2026-06-01
577,Cindy,Nguyen,OK,Consumer,2026-08-16
578,Sean,Day,FM,Consumer,2026-02-11
579,Justin,Knight,WV,Consumer,2021-10-09
580,Richard,Martin,MN,Consumer,2023-02-16
581,Janice,Allen,AL,Consumer,2025-11-22
582,Robert,Palmer,PR,Consumer,2023-05-05
583,Elizabeth,Brown,SD,Consumer,2024-01-24
584,George,Mccarthy,WI,Consumer,2026-05-26
585,Jose,Thompson,WY,Consumer,2025-06-10
586,Kim,Long,MP,Consumer,2023-01-20
587,Claudia,Orr,ND,Consumer,2022-11-18
588,Gina,Holmes,ND,Business,2023-11-25
589,Jenna,Patel,AZ,Business,2024-02-03
590,Phillip,Scott,IA,Consumer,2026-01-29
591,Matthew,Sullivan,ND,Consumer,2025-06-06
592,Jessica,Bell,AR,Consumer,2026-02-21
593,Christine,Walker,KY,Consumer,2025-03-03
594,Michael,Hopkins,ME,Consumer,2026-07-03
595,Nancy,Robinson,VT,Consumer,2023-12-14
596,Renee,Conley,AR,Business,2023-09-29
597,Rachael,Rogers,SC,Business,2026-08-31
598,Michael,Sanchez,CT,Business,2022-10-07
599,Matthew,Neal,MN,Consumer,2023-03-18
600,Andrew,Howell,MO,Consumer,2025-12-15
601,Tiffany,Singleton,NV,Consumer,2022-09-18
602,Donna,Bailey,CT,Consumer,2026-08-11
603,Stephanie,Cantu,NH,Consumer,2025-01-28
604,Brian,Brown,MO,Consumer,2025-08-14
605,Nicole,Wells,IN,Consumer,2024-04-11
606,Paul,Higgins,NM,Consumer,2023-01-07
607,Sandra,Johnson,AK,Consumer,2022-12-22
608,Michael,Tapia,MD,Consumer,2021-10-07
609,Sally,Moore,MO,Consumer,2024-10-16
610,Jennifer,Macias,OK,VIP,2022-02-03
611,Jose,Lynch,LA,Consumer,2023-10-25
612,Cesar,Mitchell,LA,Consumer,2025-07-28
613,Jose,Harper,AL,Consumer,2025-11-14
614,Emma,Hunt,IL,Consumer,2022-01-17
615,Brooke,Bowman,WI,Business,2022-10-15
616,Kara,Stone,NY,Consumer,2025-05-06
617,Robert,Donaldson,KS,VIP,2024-01-08
618,Matthew,Johnson,IN,Consumer,2022-01-23
619,Alan,Shannon,TN,Consumer,2022-09-08
620,Jennifer,Garcia,MS,Consumer,2022-12-09
621,Lori,Lee,TX,Business,2026-02-28
622,Michael,Duncan,ID,Consumer,2024-07-29
623,Tracy,Taylor,AR,Consumer,2023-06-30
624,Kyle,Gomez,PR,Business,2024-08-16
625,Emily,Serrano,MI,Consumer,2026-03-30
626,Grant,Owens,SC,Consumer,2025-10-07
627,Amy,Boyle,VI,Consumer,2025-12-18
628,Lisa,Deleon,ME,Consumer,2023-03-12
629,Amber,Jackson,VT,Consumer,2025-10-05
630,Ashley,Brown,NM,Business,2023-01-12
631,Brittany,Willis,ME,Consumer,2023-01-24
632,Jorge,Marquez,IN,Business,2023-07-31
633,Nathan,Edwards,OK,Consumer,2023-10-16
634,Dana,Russell,NM,Business,2025-07-30
635,Craig,Glenn,VT,Business,2026-08-23
636,Morgan,Smith,WA,Consumer,2025-12-04
637,Barbara,Mitchell,FL,Business,2024-03-23
638,Sara,Medina,SC,Business,2023-10-10
639,Amber,Gillespie,NH,Business,2024-11-22
640,Gabriel,Miller,MN,Consumer,2023-10-13
641,Scott,Black,HI,Business,2022-11-06
642,Ashley,Jackson,MS,Consumer,2025-05-11
643,Gerald,Cannon,MD,Consumer,2023-10-20
644,Peter,David,ND,Consumer,2023-11-04
645,Jennifer,Baker,AK,Business,2025-02-16
646,Ross,Schmitt,WI,Consumer,2025-04-30
647,Evan,Torres,OR,Consumer,2022-10-30
648,Andrea,Patel,GU,Consumer,2025-07-14
649,Rhonda,Campos,PR,Consumer,2023-05-15
650,Morgan,Stanley,KS,Consumer,2024-03-01
651,Kristin,Jones,IA,Consumer,2025-10-11
652,Emily,Jenkins,NY,Consumer,2024-09-02
653,Edwin,Carlson,NH,Consumer,2023-02-03
654,Anthony,Johnson,NY,Consumer,2024-09-08
655,Angela,Woodard,OH,Business,2023-08-20
656,Madison,Chase,TN,Consumer,2022-08-15
657,John,Hart,CA,Consumer,2025-03-05
658,Caitlin,Evans,GU,Business,2022-03-10
659,Richard,Bryant,WV,Consumer,2023-02-02
660,Martin,Shah,AS,Business,2024-10-21
661,Keith,Brown,NH,Consumer,2021-11-01
662,Andrew,Torres,OR,Consumer,2025-08-25
663,Bryce,Smith,RI,Consumer,2025-01-21
664,Samuel,Jones,PR,Business,2022-05-31
665,Colton,Wolf,DC,Consumer,2022-08-14
666,Lisa,Parks,SD,Consumer,2023-08-19
667,Marie,Wheeler,SD,Business,2022-03-20
668,Melinda,Benitez,OR,Business,2025-02-01
669,Larry,Larson,MN,VIP,2022-11-12
670,Richard,Boyd,AS,Consumer,2023-06-24
671,Sandra,Roth,WY,Business,2022-01-17
672,Charles,Ibarra,PA,VIP,2023-02-12
673,Maxwell,Scott,DC,Consumer,2023-08-08
674,Emily,Long,NM,Consumer,2025-09-04
675,Timothy,Kennedy,ND,Consumer,2026-03-16
676,Brian,White,AK,Consumer,2024-06-28
677,Laura,Edwards,NE,Consumer,2025-12-22
678,Samantha,Henderson,NH,Consumer,2022-08-28
679,Tiffany,Smith,MI,Consumer,2025-11-13
680,Katherine,Turner,GU,Consumer,2025-04-19
681,Michelle,Lee,VA,Consumer,2022-02-23
682,Jeffrey,Williams,VA,Business,2025-05-03
683,Nicole,Wilson,IN,Consumer,2024-10-17
684,Robert,Ross,ID,Consumer,2024-06-08
685,Brian,Quinn,GA,Consumer,2023-10-19
686,Victoria,Smith,OK,Consumer,2026-08-16
687,Samantha,Wang,NE,Consumer,2022-11-22
688,Timothy,Morris,NV,Business,2026-05-08
689,Brendan,Hurley,RI,Consumer,2025-06-28
690,Jeremy,Hunt,WI,Business,2022-02-22
691,David,Simmons,WA,Consumer,2025-06-03
692,Jennifer,Shelton,ND,Consumer,2026-03-09
693,Stephen,King,MA,Consumer,2022-07-24
694,Kristine,Copeland,ID,Consumer,2024-06-26
695,Terry,Parker,PW,Consumer,2025-04-15
696,Sheri,Fitzgerald,WA,Consumer,2022-08-25
697,Ronald,Vega,AR,Consumer,2024-12-15
698,Jeffrey,Freeman,IN,Consumer,2025-10-19
699,John,Coleman,VT,Business,2023-08-29
700,Whitney,Perez,KS,Business,2025-11-29
701,Christopher,Pollard,PA,Consumer,2026-07-14
702,Bradley,Gomez,DC,Business,2024-05-04
703,Evelyn,Burton,OK,Consumer,2026-04-10
704,Lisa,Hodges,KY,Consumer,2024-11-20
705,Nancy,Hall,NJ,Consumer,2024-07-01
706,Janet,Davis,UT,Consumer,2025-07-27
707,Chad,Melton,PW,Consumer,2022-11-18
708,Christopher,Brown,TN,VIP,2024-01-03
709,Jennifer,Smith,NM,Consumer,2022-10-11
710,Stephen,Stewart,MD,Consumer,2022-07-06
711,Sabrina,Smith,MP,Business,2025-05-26
712,Steven,Hammond,MA,Consumer,2026-02-20
713,Luis,Carter,ID,VIP,2025-11-20
714,Clifford,Rivera,IA,Consumer,2024-12-22
715,Loretta,Fleming,WY,Consumer,2024-04-30
716,Deborah,Anderson,KS,Consumer,2023-12-03
717,Mark,Padilla,AK,Consumer,2024-11-17
718,Trevor,Owens,CO,Consumer,2024-07-02
719,Jessica,Bishop,DC,Consumer,2023-04-09
720,Valerie,Davis,SD,Consumer,2023-03-26
721,Ronald,Woodard,MT,Consumer,2023-01-13
722,Dana,Morgan,IA,Business,2024-11-17
723,Stacey,Dodson,NY,Consumer,2024-01-03
724,Holly,Phillips,SC,Business,2024-04-06
725,Kayla,Hernandez,HI,Business,2024-10-28
726,Anthony,White,AK,Consumer,2024-10-04
727,Tanya,Webb,OK,Consumer,2022-01-26
728,Tonya,Brown,MS,Consumer,2023-04-13
729,Ricky,Atkins,ME,Business,2022-01-04
730,Lawrence,Rodriguez,KS,Consumer,2022-08-22
731,Paula,Wood,FM,Consumer,2022-07-02
732,Danielle,Avery,MT,Consumer,2024-10-17
733,Shawn,Massey,VI,Consumer,2024-12-25
734,Joe,Santana,FL,Business,2023-09-10
735,Kathryn,Ford,PW,Consumer,2024-08-28
736,Stephanie,Duke,WA,Consumer,2023-11-25
737,Richard,Solomon,MA,Consumer,2024-07-10
738,Ian,Reid,PA,Consumer,2025-07-15
739,Robert,Gomez,AZ,Consumer,2024-12-21
740,Diana,Henry,MA,Consumer,2024-10-13
741,James,Mcintosh,WV,Consumer,2025-04-30
742,Shane,Russell,VI,Consumer,2022-10-05
743,Joseph,Stewart,IL,Consumer,2022-08-29
744,Andrea,Jackson,WI,Business,2022-12-06
745,Mathew,Green,MP,Consumer,2021-10-23
746,Jonathan,Nelson,NE,Business,2026-08-18
747,Hannah,Shaw,ME,VIP,2023-07-11
748,John,Johnson,NH,Consumer,2025-07-12
749,Theresa,Cook,TX,Consumer,2024-10-18
750,Diana,Guerra,AK,Business,2025-04-26
751,Ashley,Rivera,WA,Business,2022-04-18
752,Regina,Brennan,CT,Consumer,2021-10-07
753,William,Brooks,CO,Consumer,2024-03-01
754,Jessica,Ross,VI,Consumer,2023-12-05
755,Alison,Parker,ME,Business,2024-09-10
756,Christopher,Hernandez,CO,Consumer,2025-01-30
757,Brandon,Hamilton,PA,Consumer,2022-10-14
758,Patrick,Perez,MD,Consumer,2025-03-07
759,Ricky,Fisher,MN,Business,2024-10-31
760,April,Montoya,UT,Business,2024-09-09
761,Rita,Barber,GA,Consumer,2023-08-30
762,Pamela,Christensen,WY,Consumer,2024-03-23
763,Elizabeth,Gibson,MI,Consumer,2022-11-18
764,Lisa,Mcdonald,KS,Consumer,2024-01-23
765,Kristina,Jones,ME,Consumer,2022-05-16
766,Andrew,Clements,KS,Business,2022-03-06
767,Crystal,Olson,MN,Consumer,2023-04-19
768,Robert,Parker,RI,Consumer,2025-04-18
769,Holly,Hess,VT,Consumer,2022-07-17
770,Kristen,Williams,OH,Consumer,2025-07-17
771,Damon,Ramirez,OR,Consumer,2025-01-27
772,Steven,Baker,WI,Business,2025-09-09
773,Melissa,Johnson,NE,Consumer,2024-11-21
774,Kayla,Stone,VT,Business,2022-05-04
775,John,Francis,GU,Business,2025-04-02
776,Kayla,Thompson,DE,Consumer,2026-04-23
777,Nicole,Howard,NV,Consumer,2024-03-04
778,Jennifer,Richardson,AR,Consumer,2022-03-19
779,Thomas,Weiss,MH,Consumer,2024-07-20
780,Sara,Nguyen,LA,Consumer,2025-11-21
781,Joanne,Rogers,MS,Consumer,2022-03-05
782,Gary,Brown,NC,Consumer,2022-08-31
783,Kenneth,Johnson,AL,Consumer,2021-11-01
784,Natalie,Ruiz,MO,Business,2026-07-28
785,Desiree,Hawkins,NV,Consumer,2023-12-11
786,Timothy,Miranda,NY,Consumer,2023-08-04
787,Sean,Rivers,OR,Consumer,2025-10-30
788,Eduardo,Cox,AL,Consumer,2026-03-07
789,James,Ross,MD,Business,2025-10-10
790,Mark,Myers,CA,Consumer,2025-01-31
791,Margaret,Rogers,MD,Consumer,2025-04-19
792,Jonathan,Jennings,RI,Consumer,2023-08-19
793,Rebecca,Rios,VT,Consumer,2025-08-25
794,Katie,Burton,NV,Consumer,2025-03-17
795,Cody,Lee,PA,Consumer,2023-03-09
796,Taylor,Booker,MD,Consumer,2023-08-15
797,Alicia,Martin,IA,Consumer,2021-10-22
798,Sherry,White,MP,Consumer,2025-01-30
799,Theresa,Sexton,MN,Consumer,2023-11-25
800,Nathan,Collins,NY,Business,2022-03-12
801,Michael,Brown,NC,Consumer,2025-01-28
802,Kristin,Wolf,MD,Consumer,2024-01-02
803,Edwin,Smith,GU,Consumer,2025-03-20
804,Sara,Navarro,MI,Consumer,2026-08-28
805,Michael,Stevens,RI,Consumer,2023-01-08
806,Travis,Robertson,ME,Consumer,2026-06-07
807,Joshua,Fuentes,MD,Consumer,2022-08-04
808,Austin,Lopez,CT,Business,2023-09-23
809,Seth,Fowler,FM,Consumer,2022-09-19
810,Jennifer,Moore,GA,Consumer,2022-12-12
811,Ricky,Pennington,NC,Consumer,2022-05-18
812,Stephanie,Aguilar,VT,Business,2025-05-07
813,Cheryl,Friedman,WV,Consumer,2023-01-03
814,Carrie,Santiago,MP,Consumer,2025-06-29
815,Shannon,Gaines,VI,Consumer,2025-07-28
816,Bobby,Wagner,NC,Consumer,2026-03-19
817,Christopher,Howell,NY,Consumer,2024-03-21
818,James,Vaughan,ND,VIP,2022-03-21
819,Amanda,Mitchell,GA,VIP,2021-12-14
820,Scott,Walker,TX,Business,2022-11-10
821,Christine,Duncan,AL,Consumer,2024-04-27
822,Stacey,Thomas,PA,Consumer,2025-08-10
823,Michael,Willis,WI,Consumer,2024-08-28
824,Jaclyn,Tyler,MA,Consumer,2026-02-04
825,Charles,Johnson,CA,Consumer,2022-04-04
826,Kirsten,Mcdaniel,MS,Consumer,2026-08-13
827,Erika,Brown,IN,Consumer,2024-10-14
828,Crystal,Wolf,ID,Consumer,2024-04-13
829,Jeanette,Hale,KS,Consumer,2022-07-30
830,Margaret,Bray,ND,Consumer,2022-12-19
831,Brendan,Powell,GA,Consumer,2022-06-06
832,Nicole,Salazar,OR,Consumer,2023-03-25
833,Albert,Cross,NY,Consumer,2022-09-19
834,Justin,Thomas,WV,Consumer,2023-04-13
835,Katrina,Weeks,AL,Consumer,2024-02-12
836,Christopher,Ray,MD,Consumer,2025-09-06
837,Timothy,Reynolds,WV,Consumer,2025-02-22
838,Gwendolyn,Clayton,KY,Consumer,2024-03-03
839,Michelle,Miller,GA,Consumer,2022-03-08
840,Heather,Brown,OK,Consumer,2022-03-02
841,Donald,Cook,MH,Consumer,2022-07-28
842,David,Johnson,NJ,Consumer,2023-08-22
843,Margaret,Martinez,NE,Consumer,2022-04-28
844,Joshua,Schwartz,MI,Business,2023-07-10
845,Jason,Hopkins,MI,Consumer,2022-08-23
846,Ronald,Hamilton,WY,Consumer,2025-07-19
847,John,Mccoy,VA,Consumer,2026-08-03
848,Judy,Frost,SC,Consumer,2022-07-10
849,Jessica,Rodgers,NC,Consumer,2025-12-01
850,Patrick,Murphy,HI,Consumer,2023-10-21
851,Lee,Sanchez,CO,Business,2022-08-21
852,Margaret,Coffey,CT,Consumer,2024-04-10
853,Edward,Watson,CT,Consumer,2024-08-28
854,William,Webb,AZ,Consumer,2021-11-22
855,Lauren,Rowe,MH,Consumer,2025-01-17
856,Chad,Hart,LA,Consumer,2024-10-26
857,Brittney,Woodard,CA,Consumer,2022-06-08
858,Cameron,Salazar,OR,Consumer,2024-12-23
859,Scott,Holloway,PW,Business,2024-02-01
860,Zachary,Sampson,NH,Consumer,2022-02-20
861,Denise,Edwards,MT,Business,2022-03-19
862,Ashley,Farrell,LA,Consumer,2025-10-12
863,Joe,Pierce,HI,Consumer,2026-05-01
864,Shelly,Garcia,NM,Business,2025-09-02
865,Daniel,Johnson,DE,Business,2026-06-14
866,Patrick,Rush,PW,Consumer,2024-05-28
867,Keith,Liu,OH,VIP,2024-08-02
868,Matthew,Daniels,FL,Business,2023-07-10
869,Kellie,Finley,IN,Consumer,2022-03-05
870,Meghan,Williams,CA,Business,2025-05-26
871,Austin,Sanchez,NJ,Consumer,2024-02-17
872,Monica,Mora,OR,Consumer,2025-03-13
873,Marie,Young,DC,Consumer,2025-12-23
874,Joshua,Jackson,OK,Consumer,2024-08-29
875,Kristine,Villanueva,DE,Consumer,2022-08-20
876,Tracy,Davis,AR,Consumer,2026-04-23
877,Teresa,Smith,TN,Consumer,2022-05-31
878,Jared,Richardson,GA,Business,2025-12-16
879,Vanessa,Mann,AZ,Consumer,2025-01-31
880,Sean,Ruiz,TX,Consumer,2025-06-25
881,Carol,Rodriguez,IA,Consumer,2025-07-28
882,Krista,Murray,FL,Consumer,2026-09-09
883,Marcus,Gonzalez,MP,Consumer,2022-08-07
884,Amanda,Guerrero,WI,Consumer,2022-11-10
885,Kristin,Mckee,MT,Consumer,2023-09-12
886,Stephanie,Nichols,PA,Consumer,2022-03-24
887,Jeremiah,Freeman,IA,Consumer,2026-08-22
888,Yesenia,Henry,OH,Consumer,2025-10-08
889,Yolanda,Lang,FL,Consumer,2023-03-20
890,Michael,Luna,WY,Consumer,2025-07-02
891,Charles,Combs,AS,Business,2024-02-19
892,Kayla,Jimenez,NJ,Consumer,2025-11-30
893,Lisa,Diaz,ND,Consumer,2024-05-12
894,Charlene,Anderson,MI,Consumer,2025-08-27
895,Nathaniel,Hawkins,HI,Consumer,2022-05-03
896,Tyrone,Morgan,NY,Business,2026-04-10
897,Nathan,Chang,TX,Consumer,2022-10-02
898,Kevin,Tucker,OR,Consumer,2025-02-18
899,Sara,Hall,RI,Consumer,2023-02-19
900,Curtis,Mooney,OH,Consumer,2024-01-15
901,David,Gibson,ID,Consumer,2024-01-06
902,Jeffrey,Williams,CT,Consumer,2023-09-04
903,Richard,Moreno,MS,Consumer,2025-01-17
904,Brandi,Thompson,TN,Consumer,2022-01-12
905,Ronald,Brown,MN,Consumer,2026-05-18
906,Samantha,Ross,RI,Business,2024-06-28
907,Ricky,White,VI,Consumer,2023-10-22
908,Cassandra,Pham,GU,Consumer,2026-05-29
909,Maria,Clark,ME,Consumer,2023-03-25
910,Cynthia,Fox,ME,Consumer,2024-08-14
911,Angela,Richardson,MI,Consumer,2023-02-13
912,Ricky,Martin,CT,Consumer,2023-08-07
913,Melissa,Li,NV,Consumer,2026-02-10
914,Michael,Fletcher,SC,Consumer,2022-04-09
915,Colleen,Perry,PA,Consumer,2023-09-27
916,Victoria,Bauer,AL,Consumer,2024-11-15
917,William,Rodriguez,GA,Consumer,2022-06-05
918,Timothy,Brown,NM,Consumer,2025-10-09
919,Daniel,Wilson,OH,Consumer,2023-03-12
920,Amanda,Alvarado,AS,Consumer,2023-09-25
921,Audrey,Hines,RI,Consumer,2024-09-17
922,Brian,Ortiz,CT,Consumer,2023-09-07
923,Anthony,Brewer,AK,Business,2025-12-02
924,Samantha,Greene,DE,Consumer,2024-03-17
925,Jeffrey,Roberson,NM,Consumer,2022-09-07
926,Jill,Marshall,MI,Business,2025-06-07
927,Jason,Dyer,KY,Consumer,2023-07-03
928,Jodi,Adkins,MD,Business,2021-10-02
929,Michael,Lyons,CT,Consumer,2026-03-22
930,Rachel,Cox,SC,Business,2024-04-17
931,Lisa,Moore,DC,Consumer,2021-10-29
932,Ryan,Mahoney,PA,Consumer,2023-06-24
933,Melissa,Cochran,AR,Consumer,2023-11-08
934,Steven,Thomas,GU,Business,2023-04-18
935,Linda,James,WA,Business,2026-01-29
936,Nicole,Wilson,GU,Business,2023-09-24
937,Dana,Davis,ME,Business,2024-11-10
938,Jennifer,Martin,ID,Consumer,2022-03-21
939,William,Kim,MH,Consumer,2024-11-12
940,Carl,Guerra,NH,Consumer,2025-07-20
941,Scott,Maldonado,IA,Consumer,2022-12-18
942,Rachel,Jones,TX,Consumer,2022-05-20
943,Kristin,Robinson,GU,VIP,2026-03-13
944,Chelsea,Mcintosh,VA,Consumer,2026-07-31
945,James,Gomez,WV,Consumer,2021-09-19
946,Cole,Cox,MT,Consumer,2022-07-21
947,Scott,Browning,ID,Consumer,2025-01-27
948,Victoria,Young,MH,Consumer,2022-12-20
949,Brittany,Smith,CO,Business,2022-10-11
950,Patricia,White,MN,Consumer,2024-02-16
951,Kelli,Shea,OK,Business,2025-02-08
952,Jonathan,Larson,WY,Consumer,2022-08-26
953,Harold,Hunter,WI,Business,2023-01-04
954,Aaron,Todd,OK,Consumer,2025-06-14
955,Joseph,Morris,AS,Consumer,2025-05-14
956,Peggy,Smith,MT,Consumer,2023-06-26
957,Austin,Wright,AK,Consumer,2022-03-21
958,Katelyn,Young,DC,Consumer,2022-08-06
959,Kirsten,Kelley,DC,Business,2024-01-13
960,Nicole,Cruz,AS,VIP,2026-08-14
961,Troy,Walker,CT,Consumer,2024-06-24
962,Susan,Sawyer,DE,VIP,2024-06-30
963,David,Smith,CO,Consumer,2023-03-14
964,Stephen,Reyes,CT,Business,2023-02-22
965,Ryan,Schmitt,MS,Consumer,2025-09-13
966,Brandy,Powers,NH,Consumer,2024-07-17
967,Emily,Jensen,CA,Consumer,2026-05-08
968,Eric,Acosta,CT,Consumer,2023-06-15
969,Cassidy,Baker,TN,Consumer,2022-04-10
970,Chase,Smith,WA,Business,2024-12-20
971,Dennis,Dennis,MN,Business,2025-12-10
972,Brandy,Fisher,MN,Consumer,2023-12-15
973,Edward,Wolfe,MA,Consumer,2026-02-06
974,Travis,Robertson,MP,Consumer,2022-12-02
975,Omar,Long,AZ,Business,2022-11-19
976,Joseph,Anderson,NJ,Business,2024-01-16
977,Debra,Espinoza,WI,VIP,2021-10-08
978,Barbara,Holt,MT,Consumer,2023-07-14
979,Stephen,Gilbert,VI,Business,2026-07-02
980,Shelby,Butler,ME,Consumer,2025-12-16
981,Nicole,Williams,AL,Consumer,2024-11-19
982,Alicia,Fletcher,WV,Consumer,2022-06-28
983,Samuel,Mosley,MD,Consumer,2023-04-23
984,Ronnie,Castro,SC,Consumer,2024-04-15
985,Jason,Todd,NC,Consumer,2021-12-17
986,Christine,Lee,CT,Consumer,2022-09-02
987,Sharon,Wilkerson,TX,Consumer,2021-12-14
988,Eddie,Smith,MN,Consumer,2024-06-24
989,Sarah,Harris,UT,Consumer,2026-03-09
990,Brent,Anderson,MS,Business,2022-05-04
991,Carol,Jenkins,MO,Business,2022-10-31
992,Anita,Marshall,RI,Consumer,2023-08-05
993,Elizabeth,Brown,VI,Consumer,2024-11-09
994,Joshua,Whitaker,CA,Consumer,2024-05-04
995,Joshua,Higgins,AL,Consumer,2021-10-27
996,James,Mcbride,NY,Consumer,2022-11-15
997,Danielle,Matthews,AL,Consumer,2021-10-02
998,Christopher,Robertson,IN,Business,2025-02-12
999,Rodney,Reynolds,AS,Business,2025-07-26
1000,Joshua,Crosby,ND,Consumer,2021-10-05
1001,Robert,Farmer,ID,Consumer,2026-01-17
1002,Jennifer,Chaney,WA,Business,2024-07-12
1003,James,Cameron,MN,Consumer,2023-07-27
1004,Kellie,Mcdaniel,MN,VIP,2025-12-24
1005,Joseph,Warren,MD,Consumer,2026-01-23
1006,Cindy,Johnson,CT,Business,2024-04-07
1007,Raymond,Wheeler,VI,Consumer,2026-04-21
1008,Seth,Johnson,AK,Consumer,2024-04-14
1009,Sara,Curtis,NY,Business,2024-03-22
1010,Sarah,Blackwell,WA,Business,2024-09-26
1011,Eric,Carlson,NE,Consumer,2025-01-30
1012,Joseph,Humphrey,OH,Consumer,2023-12-16
1013,David,Williams,MN,Business,2025-07-15
1014,Jill,Dyer,NY,Consumer,2024-03-04
1015,Lisa,Hall,OH,Business,2023-04-28
1016,Colin,Sanchez,RI,Consumer,2024-12-31
1017,Andrea,Mcguire,CO,VIP,2025-06-11
1018,Stephanie,Ramirez,SC,Consumer,2022-08-06
1019,Ashlee,Lane,TN,Business,2022-04-13
1020,Michelle,Gomez,RI,Consumer,2022-11-20
1021,Kevin,Martinez,MP,Consumer,2024-08-07
1022,Lance,Smith,NE,Consumer,2022-10-28
1023,Samuel,Haynes,WA,Consumer,2025-04-14
1024,Alex,Stanton,NY,Consumer,2024-12-20
1025,Veronica,Crawford,OR,Consumer,2023-12-09
1026,Jennifer,Moreno,UT,Business,2023-04-14
1027,Morgan,Alexander,ME,Consumer,2026-04-17
1028,Katie,Luna,NE,Consumer,2026-04-03
1029,Connie,Rich,UT,Consumer,2023-03-25
1030,Joshua,Hamilton,OR,Consumer,2024-05-01
1031,Mike,Miller,IL,Consumer,2024-04-10
1032,Hannah,Williams,DC,Consumer,2022-03-25
1033,Doris,Gibson,ME,Consumer,2022-06-08
1034,Raymond,Rogers,TX,Consumer,2024-09-28
1035,Emily,Miller,WI,Consumer,2023-03-23
1036,Nicole,Norton,WI,Consumer,2026-01-06
1037,Kelsey,Barnett,CA,Business,2025-11-12
1038,John,Bryant,CT,Consumer,2022-12-12
1039,Elizabeth,Buck,ID,VIP,2022-05-22
1040,Scott,Owens,IA,Consumer,2025-01-22
1041,Matthew,Ibarra,KS,Consumer,2025-11-28
1042,Alexis,Miller,GU,Consumer,2024-08-06
1043,Laura,Wood,HI,Consumer,2025-06-21
1044,Kyle,Bailey,LA,Consumer,2024-10-26
1045,Laura,Jackson,KY,Business,2026-02-22
1046,Brett,Smith,MT,Business,2023-09-06
1047,Timothy,Pruitt,MD,Consumer,2025-01-03
1048,David,Charles,MH,Consumer,2026-04-19
1049,Samantha,Green,NC,Business,2021-12-14
1050,Brianna,Adams,CA,Business,2023-04-01
1051,Sabrina,Bullock,PW,Consumer,2023-12-18
1052,Sean,Sanford,HI,Consumer,2026-08-03
1053,Roberta,Smith,IA,Business,2022-08-06
1054,Catherine,Ritter,IL,VIP,2022-10-19
1055,Angela,Berry,VI,Consumer,2024-02-03
1056,Jaime,Thompson,LA,Business,2026-05-03
1057,Anne,Martinez,VA,Business,2025-06-17
1058,Brandon,Vincent,WV,Consumer,2025-05-29
1059,Yvette,King,IA,Consumer,2023-04-03
1060,Tammy,Bray,AK,Consumer,2023-05-19
1061,Michael,Nelson,SD,Business,2025-01-03
1062,Michael,Webb,MN,Consumer,2021-10-02
1063,Jimmy,Bradshaw,AR,Consumer,2025-12-23
1064,Joyce,Ruiz,ID,Consumer,2026-01-23
1065,Kaitlyn,Maldonado,OH,Consumer,2024-08-06
1066,Jonathan,Avery,PW,Business,2024-06-24
1067,Frank,Rowland,AS,Consumer,2025-03-09
1068,Natasha,Jones,CT,Business,2022-09-14
1069,Christy,Kane,PW,Business,2025-01-15
1070,Joshua,Newton,MS,Business,2025-12-02
1071,Robert,Miller,CA,Business,2023-08-04
1072,Jessica,Chandler,TN,Consumer,2024-03-11
1073,Phillip,Sanders,WI,Consumer,2024-11-16
1074,Amanda,Cruz,TN,Consumer,2022-03-22
1075,Jesse,Jones,AR,Consumer,2022-06-29
1076,Erika,Hill,TX,Business,2026-05-25
1077,Jessica,Lewis,FL,Consumer,2023-04-26
1078,Alexis,Lewis,MH,Business,2022-06-23
1079,Ashlee,Foster,CT,Business,2022-07-24
1080,Travis,Lopez,MS,VIP,2024-02-19
1081,Curtis,Hernandez,WY,Business,2025-06-17
1082,Emily,Williamson,ME,Business,2022-06-02
1083,Larry,Velasquez,ME,Consumer,2022-11-29
1084,Emily,Rodriguez,FM,VIP,2024-06-23
1085,Heather,Griffin,MD,Business,2021-12-05
1086,Joshua,Rodgers,UT,Business,2023-05-22
1087,Laura,Nelson,GA,VIP,2023-11-23
1088,Mark,Singh,VT,Consumer,2022-01-15
1089,Richard,Salazar,IA,Consumer,2025-01-08
1090,Kimberly,Ortega,AL,Consumer,2026-07-13
1091,Jesse,Austin,PR,Consumer,2026-04-28
1092,James,Porter,IN,Business,2022-06-21
1093,Diana,Reed,NY,Consumer,2021-10-21
1094,Amanda,Riley,CT,Consumer,2021-09-22
1095,Sandra,Colon,MI,Consumer,2025-01-01
1096,Dale,Terry,VI,Consumer,2024-10-20
1097,Omar,Smith,GA,Consumer,2025-03-10
1098,Leslie,Guerra,HI,Consumer,2026-05-11
1099,Tina,Rich,FL,Consumer,2025-06-02
1100,Samuel,Moore,MO,Consumer,2022-04-10
1101,Jasmine,Garcia,NE,Consumer,2022-02-06
1102,Jill,Nelson,MO,Consumer,2025-09-08
1103,Samuel,Ball,NE,Consumer,2022-07-10
1104,Kurt,Weaver,NC,Consumer,2024-05-29
1105,Gilbert,Conway,TN,Consumer,2022-09-19
1106,Mary,Santos,PA,Consumer,2022-02-27
1107,Angela,Martinez,WV,VIP,2022-03-31
1108,Mary,Daniel,FL,Consumer,2022-12-29
1109,Timothy,Brown,MD,Consumer,2026-09-04
1110,Dustin,Price,UT,Consumer,2023-12-30
1111,Jonathan,Flores,NJ,Consumer,2026-06-23
1112,Crystal,Cochran,OR,Consumer,2023-03-13
1113,Anthony,Mccarthy,GA,Consumer,2026-03-15
1114,Carl,Wolfe,CT,Consumer,2026-08-13
1115,Matthew,Tran,MD,VIP,2024-03-04
1116,Kelsey,Jenkins,NJ,Consumer,2026-09-11
1117,Tony,Aguilar,MO,Consumer,2022-03-18
1118,Ashley,Anderson,NY,Consumer,2022-01-26
1119,Curtis,Sanders,WA,VIP,2023-05-28
1120,Lindsey,Williamson,SC,Consumer,2025-10-31
1121,Justin,Hansen,NJ,Consumer,2025-07-28
1122,Barry,Chung,WA,Consumer,2024-05-06
1123,Samuel,Walker,MN,Consumer,2026-09-02
1124,Sharon,Reyes,OR,Consumer,2025-07-28
1125,Jeffrey,Brown,PW,Business,2023-12-18
1126,Jose,Ross,TX,Consumer,2024-07-26
1127,David,Donovan,MN,Consumer,2025-01-28
1128,Angela,Elliott,IA,VIP,2024-11-14
1129,Veronica,Brooks,GA,Consumer,2024-04-03
1130,Kellie,Shaw,MO,Business,2023-01-20
1131,Christopher,Buck,FM,Consumer,2022-10-21
1132,Melanie,Jimenez,AL,Consumer,2023-01-13
1133,Joshua,Wilkins,WV,Business,2022-12-08
1134,Rebecca,Wright,RI,Consumer,2022-09-07
1135,Rhonda,Sexton,NV,Consumer,2026-06-08
1136,Nicole,Wright,AL,Consumer,2025-11-24
1137,Michael,Mejia,IA,Business,2024-07-02
1138,Duane,Lang,FL,Consumer,2025-05-02
1139,John,Young,MT,Consumer,2023-04-28
1140,Carla,Payne,GA,Business,2026-05-03
1141,Joseph,Warren,ME,Consumer,2026-02-13
1142,Scott,Gray,CA,Consumer,2025-04-19
1143,Christina,Sims,NM,Consumer,2022-12-11
1144,Jason,Phillips,FL,Consumer,2026-03-16
1145,Sarah,Harris,CO,Consumer,2023-03-01
1146,James,Jones,MT,VIP,2025-12-08
1147,Joseph,Mason,MT,Consumer,2025-09-13
1148,Antonio,Knight,ID,Consumer,2023-01-12
1149,Douglas,Payne,MD,Consumer,2023-12-07
1150,Kimberly,Conrad,WI,Consumer,2025-08-01
1151,Laura,Fernandez,MN,Consumer,2023-01-25
1152,Jessica,Olson,PA,Consumer,2025-08-14
1153,Debra,Gillespie,VT,Consumer,2023-04-27
1154,Brooke,Hudson,MH,Consumer,2024-03-21
1155,Christina,Hernandez,VI,Business,2022-04-21
1156,Tammy,Logan,DC,Consumer,2025-10-29
1157,Bruce,Carter,UT,Consumer,2024-02-02
1158,David,Kaiser,MH,Consumer,2025-10-11
1159,John,Smith,NC,Business,2024-10-16
1160,Tyler,Delgado,MP,Business,2024-07-19
1161,April,Winters,PA,Consumer,2023-09-07
1162,Ryan,Simmons,CT,Business,2026-08-20
1163,Pamela,Holmes,NM,Consumer,2022-07-24
1164,Kristopher,Brock,IN,Business,2025-06-10
1165,Susan,Harris,MD,Business,2023-03-24
1166,Jean,Lawrence,OH,Consumer,2023-11-26
1167,John,Gibson,RI,Business,2021-12-18
1168,Amber,Anderson,AS,Consumer,2026-03-14
1169,Jill,Richardson,LA,Consumer,2025-12-31
1170,Veronica,Levine,WY,Business,2026-08-16
1171,Lisa,Burton,ID,Consumer,2025-11-17
1172,John,Macias,KY,Consumer,2022-11-18
1173,Andrew,Sloan,CA,Consumer,2023-01-20
1174,Nicole,Holmes,IA,Consumer,2025-10-16
1175,Scott,Clarke,AL,Business,2021-11-06
1176,Mark,Davis,IA,Consumer,2024-06-12
1177,James,Small,MI,Consumer,2024-09-16
1178,Daniel,Farrell,NC,Business,2022-12-26
1179,Nicholas,Jackson,MS,Consumer,2026-03-01
1180,Benjamin,Lyons,GU,VIP,2024-09-21
1181,David,Hayes,OK,Consumer,2024-06-25
1182,Shannon,Ramirez,GA,Consumer,2025-09-19
1183,John,Arnold,TN,Consumer,2026-05-18
1184,Joel,Gilbert,DE,Consumer,2025-04-07
1185,James,Higgins,MN,Business,2022-09-15
1186,Cindy,Elliott,WI,Consumer,2023-02-17
1187,David,Young,CA,Consumer,2023-06-29
1188,Sara,Hooper,MH,Consumer,2022-09-23
1189,Thomas,Garcia,AS,Consumer,2024-08-10
1190,Jason,Chan,WA,Consumer,2025-01-24
1191,Stephanie,Morgan,GU,VIP,2024-11-13
1192,Maxwell,Gonzalez,AR,Consumer,2025-08-04
1193,Megan,Oliver,AS,VIP,2022-03-14
1194,Christy,Mendoza,OR,Consumer,2025-09-16
1195,Mark,Williams,IN,Business,2022-07-04
1196,Tracie,Kennedy,WV,Consumer,2023-05-31
1197,Eric,Carlson,DE,Business,2024-09-18
1198,Erik,Mccullough,RI,Business,2026-06-07
1199,Patrick,Davis,NY,Consumer,2023-07-21
1200,Christopher,Cobb,FL,Consumer,2022-07-16
1201,Valerie,Holden,OK,Business,2024-11-16
1202,Gary,Howard,AK,Consumer,2022-04-24
1203,Nathaniel,Rangel,CO,Consumer,2026-07-20
1204,Robert,Higgins,AR,Business,2025-07-02
1205,Peter,Deleon,RI,Business,2023-10-06
1206,Debbie,Lopez,GU,Consumer,2025-02-24
1207,Kelly,Koch,ID,Consumer,2023-02-07
1208,Cynthia,Irwin,AK,Consumer,2023-10-10
1209,Stephanie,Rodriguez,OR,Consumer,2022-05-07
1210,Jeffrey,Delgado,CT,Consumer,2025-08-16
1211,Timothy,Davis,OH,Consumer,2022-01-10
1212,Adrian,Henderson,SD,Consumer,2024-09-10
1213,Michelle,Knight,VA,Consumer,2025-12-03
1214,Jacqueline,Peterson,HI,Consumer,2022-08-10
1215,John,Ortega,ND,Consumer,2026-02-22
1216,Stephanie,Johnson,FL,Consumer,2024-11-10
1217,Robert,Werner,SC,Consumer,2023-01-25
1218,Stephen,Green,MT,VIP,2022-09-11
1219,Karen,Summers,MN,Consumer,2025-03-09
1220,Joy,Harrison,TX,Consumer,2026-09-08
1221,Alejandra,Murphy,NV,Consumer,2025-10-04
1222,Charles,Flores,MT,Consumer,2022-01-14
1223,Joseph,Wright,WY,Consumer,2024-07-15
1224,Joshua,Hanna,TX,Business,2023-10-18
1225,Heather,Jimenez,WA,Consumer,2023-02-08
1226,Colleen,Anderson,OK,Consumer,2023-08-07
1227,Robert,Richards,VT,Consumer,2024-06-23
1228,Mary,Michael,ME,Business,2023-03-08
1229,Deborah,Perez,AS,Consumer,2022-05-20
1230,Kathy,Martin,SC,Consumer,2024-11-20
1231,Dennis,Miles,FM,Consumer,2023-12-28
1232,Cynthia,Ward,PR,Consumer,2026-01-11
1233,Elijah,Miller,OK,Consumer,2024-04-15
1234,Brian,White,HI,Consumer,2026-04-20
1235,Robert,Bailey,WV,Consumer,2024-02-12
1236,Carlos,Wright,TX,Consumer,2022-05-30
1237,Casey,Kirk,GA,Consumer,2022-12-15
1238,Laura,Mckinney,FL,Consumer,2025-03-15
1239,Anthony,Boyer,MN,Consumer,2023-12-14
1240,Sarah,Clark,VI,Consumer,2022-07-05
1241,Jill,Rodriguez,NH,Consumer,2022-09-13
1242,Ryan,Palmer,WY,Consumer,2023-02-02
1243,Jill,Estes,MA,VIP,2021-10-11
1244,James,Nguyen,FL,Consumer,2022-02-17
1245,Jordan,Johnson,NE,Consumer,2021-11-30
1246,Bianca,Alexander,KS,Consumer,2025-09-06
1247,Julie,Burton,KS,Consumer,2024-12-22
1248,Troy,Salazar,VI,Consumer,2026-08-11
1249,Julie,Johnson,AL,Business,2022-01-20
1250,Jonathan,Martinez,MO,Consumer,2022-11-27
1251,Krista,Bender,MS,Consumer,2026-07-13
1252,Lisa,Daniels,DC,Consumer,2024-09-29
1253,Nancy,Sims,TX,Business,2021-12-05
1254,Rachel,Gonzales,NC,VIP,2024-08-29
1255,Nicholas,Robinson,OR,Consumer,2022-02-18
1256,Eric,Henderson,KS,Consumer,2025-09-21
1257,David,Burgess,MS,Consumer,2024-08-09
1258,Mark,Middleton,MI,Consumer,2022-02-25
1259,Alexander,Roach,IN,Business,2024-06-08
1260,Robert,Rogers,FM,Consumer,2025-01-23
1261,Jacqueline,Wilson,MA,Consumer,2022-06-23
1262,Tonya,Schmidt,RI,Consumer,2024-09-28
1263,Alyssa,Brown,NC,Consumer,2022-08-20
1264,Thomas,Doyle,PW,Consumer,2025-05-08
1265,Andrew,Moon,VI,Consumer,2025-02-10
1266,Alexandra,Jackson,WV,Business,2024-06-01
1267,Mark,Schultz,GU,Business,2022-04-02
1268,Lisa,Garcia,DE,Consumer,2022-10-21
1269,Gabriel,King,AK,Consumer,2023-01-07
1270,Rebecca,Mcfarland,WI,Consumer,2021-10-01
1271,Alexa,Shaffer,IA,Consumer,2021-10-05
1272,Heather,Nguyen,RI,Consumer,2022-04-30
1273,James,Powell,ND,Consumer,2025-09-18
1274,Holly,Coleman,IA,Consumer,2023-12-18
1275,Brent,Higgins,KS,Business,2022-04-29
1276,David,Cohen,GA,Consumer,2023-06-01
1277,Virginia,Ashley,VT,Consumer,2026-04-28
1278,Phillip,Young,CA,Consumer,2022-05-31
1279,Stacy,Mccullough,DC,Consumer,2026-04-05
1280,Max,Smith,MS,Consumer,2024-02-29
1281,Alan,Obrien,NJ,Consumer,2025-11-02
1282,Michele,Flynn,ND,Business,2022-10-31
1283,Cody,Marquez,KS,Business,2025-03-17
1284,Dylan,Navarro,AZ,Consumer,2025-08-31
1285,Justin,Johnson,WI,Consumer,2023-07-18
1286,Philip,Nguyen,ID,Consumer,2026-09-10
1287,Angel,Evans,KY,Business,2023-09-06
1288,Gina,Miles,WI,Business,2022-01-06
1289,Stephanie,Lane,IL,Business,2024-08-23
1290,Donald,Carlson,IL,Consumer,2022-09-03
1291,Mary,Lee,GU,Consumer,2023-08-21
1292,Michael,Henderson,MP,Business,2025-08-08
1293,Nathan,Doyle,IN,VIP,2022-06-17
1294,Scott,Pace,SC,Business,2024-10-01
1295,Amanda,Roth,NE,Business,2023-07-09
1296,Derek,Lewis,FL,Consumer,2024-06-15
1297,Amanda,Jackson,TN,Consumer,2025-05-06
1298,Angela,Moore,MN,Consumer,2022-06-17
1299,Jesus,Rodriguez,LA,Business,2023-02-03
1300,Carol,Taylor,FM,Consumer,2023-05-15
1301,Haley,Jones,ND,Business,2024-05-31
1302,Bradley,Owens,GA,Business,2025-06-11
1303,Dustin,Knight,AS,Consumer,2024-10-09
1304,Craig,Lewis,IA,Consumer,2024-11-25
1305,Matthew,Stewart,HI,Consumer,2025-04-23
1306,Maria,White,CO,Consumer,2024-11-30
1307,Jacob,Zimmerman,WV,Consumer,2025-01-16
1308,Jessica,Rodriguez,SC,Consumer,2022-10-08
1309,Gloria,Rice,IN,VIP,2023-07-10
1310,Sharon,Johnson,AZ,Consumer,2022-12-02
1311,Jacqueline,Lyons,FM,VIP,2025-02-17
1312,Jennifer,Bean,GU,Business,2025-02-22
1313,Amy,Joseph,MS,Consumer,2025-11-15
1314,Mario,Moreno,MS,Consumer,2024-09-01
1315,Kenneth,Brown,MD,Consumer,2022-03-01
1316,Heather,Herring,MD,Consumer,2024-06-22
1317,Samuel,Kelly,WY,Consumer,2024-12-29
1318,Douglas,Mckenzie,WY,Consumer,2023-08-02
1319,Vincent,Davis,HI,Consumer,2025-03-20
1320,Matthew,Jones,SC,Business,2022-01-30
1321,Jamie,Hammond,MS,Consumer,2022-02-12
1322,Daniel,Knight,AR,Business,2024-12-08
1323,Susan,Burton,AZ,Consumer,2025-12-05
1324,Anita,Price,SC,Consumer,2025-05-07
1325,Krystal,Robles,AL,Consumer,2024-05-26
1326,Joseph,Davis,DE,Consumer,2024-05-24
1327,Jessica,Perez,UT,Consumer,2023-10-01
1328,Kayla,Gilmore,AS,Consumer,2025-08-15
1329,Kendra,Miller,WI,Consumer,2024-05-31
1330,James,White,IA,Consumer,2026-03-01
1331,Anita,Watson,MP,Consumer,2024-11-05
1332,Todd,Miller,MN,Consumer,2023-12-12
1333,Amber,Strickland,VT,Consumer,2025-06-14
1334,Deborah,Robinson,IL,Consumer,2026-07-08
1335,Jamie,Ward,ND,Consumer,2022-06-21
1336,Steven,Lewis,WY,Consumer,2023-08-16
1337,Cindy,Lawson,TX,Business,2024-02-15
1338,Daniel,Price,MO,Consumer,2026-01-16
1339,Angela,Graham,ND,Consumer,2025-05-12
1340,Sarah,Ramsey,RI,Business,2024-02-05
1341,Rachael,Odonnell,MO,Consumer,2025-09-08
1342,William,Bryant,WA,Business,2022-10-19
1343,Mitchell,Davis,ME,Consumer,2023-02-24
1344,Tyler,Hill,MH,Consumer,2022-07-06
1345,Nicholas,Goodman,AL,Consumer,2023-01-08
1346,Christine,Garcia,WV,Consumer,2024-03-09
1347,Lauren,Wallace,OH,Consumer,2025-07-06
1348,Robert,Craig,UT,Consumer,2023-03-24
1349,Courtney,Bryan,MI,Consumer,2024-04-02
1350,Sarah,Ramos,MI,Consumer,2026-03-03
1351,Nicole,Grimes,MA,Consumer,2025-10-17
1352,Joseph,Garcia,NH,Consumer,2023-09-24
1353,David,Mccarthy,RI,Consumer,2023-06-12
1354,Angela,Roberts,UT,Consumer,2023-10-01
1355,John,Cox,NC,Consumer,2021-10-14
1356,Scott,Mendez,HI,Consumer,2023-04-29
1357,Adam,Davis,UT,Consumer,2024-09-03
1358,David,Clark,CT,Consumer,2023-12-03
1359,Nicholas,Williams,MO,Consumer,2025-11-03
1360,Helen,Lara,NH,Consumer,2025-06-30
1361,Laura,Ford,FM,Business,2024-12-20
1362,Jeffrey,Alexander,VA,Consumer,2025-02-08
1363,Lisa,Taylor,VA,Consumer,2026-09-03
1364,Luis,Porter,GU,Consumer,2021-10-13
1365,Rebecca,Lewis,IL,Consumer,2021-09-17
1366,Daniel,Rogers,HI,Consumer,2023-09-11
1367,Michael,Avila,ND,Consumer,2025-03-21
1368,Andrew,Ford,OK,Consumer,2024-05-09
1369,Paul,Landry,MI,Consumer,2022-09-18
1370,Carrie,Taylor,MP,Consumer,2022-12-17
1371,Adrian,Meza,PW,Consumer,2023-11-11
1372,April,Harris,AR,Business,2024-06-21
1373,Benjamin,Stevenson,MH,Consumer,2025-11-30
1374,Logan,Adkins,FM,Consumer,2026-02-01
1375,Alan,Ramsey,AK,Consumer,2023-08-03
1376,Michael,Torres,AK,VIP,2023-04-24
1377,Paul,Hamilton,RI,Consumer,2023-03-13
1378,Brittany,Robbins,SC,Consumer,2025-05-30
1379,Isaac,Bailey,NJ,Consumer,2023-07-21
1380,Thomas,James,AK,Consumer,2026-08-01
1381,Scott,Phillips,NE,Business,2026-04-10
1382,Rebecca,Kelly,GA,Consumer,2024-06-20
1383,Brad,Valdez,AZ,Consumer,2022-12-26
1384,Dennis,Hill,MN,Consumer,2023-10-11
1385,Denise,Wright,WA,Consumer,2026-06-17
1386,Krystal,Vargas,MS,Business,2021-09-24
1387,Chad,Flores,VA,Consumer,2022-10-07
1388,Scott,Allen,RI,Business,2026-01-07
1389,Kevin,Richardson,DC,Consumer,2025-01-27
1390,Lawrence,Harris,MP,Consumer,2025-05-22
1391,Daniel,York,OH,Business,2023-10-30
1392,Eric,Smith,AZ,Business,2024-02-28
1393,Carmen,Martin,UT,Consumer,2021-12-30
1394,Joshua,Cooper,OR,Consumer,2026-05-27
1395,Christopher,Sanchez,UT,Consumer,2025-08-12
1396,Jesus,Stewart,CO,Consumer,2022-02-28
1397,Alyssa,Wright,SD,Consumer,2024-04-05
1398,Peter,Burns,MD,Business,2023-12-01
1399,Jonathan,Bowman,MT,Consumer,2022-05-17
1400,Bailey,Harris,AR,Consumer,2024-09-16
1401,Christina,Terry,FM,Consumer,2025-05-13
1402,Jonathan,Hampton,MN,Consumer,2026-07-14
1403,Tracy,Robertson,SC,Business,2026-06-22
1404,Blake,Valdez,KY,Consumer,2023-10-04
1405,Michele,Mcdonald,NE,Consumer,2026-01-25
1406,Cheyenne,Li,ID,Consumer,2022-04-21
1407,Jason,Mills,TN,Consumer,2022-04-18
1408,Kelly,Turner,NY,Consumer,2024-05-24
1409,William,Young,NJ,Business,2024-10-26
1410,Thomas,Burns,IL,Consumer,2023-08-23
1411,Tyler,Sherman,CO,Business,2025-05-19
1412,Megan,Smith,NV,Business,2023-03-02
1413,Jeffrey,Porter,OH,Consumer,2022-03-19
1414,Michael,Perry,UT,Consumer,2023-08-01
1415,Tracey,Benitez,FL,Consumer,2022-09-15
1416,Jennifer,Obrien,DE,Consumer,2021-10-29
1417,Cody,Mejia,NE,Consumer,2024-03-19
1418,Carol,Smith,LA,Consumer,2022-10-29
1419,Kimberly,Martin,IL,Consumer,2023-03-27
1420,Andrew,Beck,NC,Consumer,2024-01-12
1421,Jason,Lane,NE,Consumer,2024-10-21
1422,Matthew,Hart,IA,Consumer,2022-02-04
1423,Patricia,Knight,ID,Consumer,2024-05-12
1424,Deborah,Duncan,RI,Consumer,2023-07-02
1425,Melissa,Mendoza,ME,Consumer,2026-03-12
1426,Tracie,Davis,GA,Consumer,2024-09-14
1427,Julia,Wilson,ID,Consumer,2024-09-29
1428,Sonya,Williams,VI,VIP,2026-02-23
1429,Joseph,Horton,CA,Consumer,2023-05-21
1430,Kevin,Williams,DC,Business,2025-08-31
1431,Jessica,Rogers,TX,Consumer,2025-03-13
1432,Scott,Clark,OK,Consumer,2025-12-31
1433,Michael,Ford,AZ,Consumer,2026-08-27
1434,Holly,Reed,HI,Consumer,2022-12-08
1435,Charles,Kelley,WV,Consumer,2024-07-08
1436,Billy,Garcia,MD,Consumer,2025-02-22
1437,Angela,Rodriguez,NV,Consumer,2025-10-26
1438,Sarah,Serrano,PW,Consumer,2023-07-07
1439,Thomas,Perez,OH,Consumer,2026-03-26
1440,Richard,Smith,AL,Business,2025-04-06
1441,Chloe,Bradley,FM,Consumer,2022-04-21
1442,Joshua,Allen,IN,Consumer,2025-12-01
1443,Kari,Johnson,ID,Consumer,2024-10-17
1444,Nicole,Martinez,AR,Consumer,2024-08-03
1445,Mary,Wallace,PR,Consumer,2023-02-28
1446,Amy,Marsh,AS,Consumer,2022-06-24
1447,Alejandra,Moore,KS,Business,2024-04-13
1448,Brandon,Hall,AL,VIP,2025-04-26
1449,Elizabeth,Ellis,SC,VIP,2025-10-04
1450,Austin,White,WV,Consumer,2021-11-25
1451,Marc,Rivera,PW,Consumer,2025-10-02
1452,Michael,Rasmussen,IL,Business,2025-12-28
1453,Joseph,Clark,OH,Consumer,2026-01-30
1454,Shawn,Banks,IA,Business,2024-11-09
1455,Melissa,Williams,MA,Consumer,2026-01-11
1456,Linda,Lopez,NH,Consumer,2021-10-20
1457,Rachel,Carlson,PR,Consumer,2023-07-23
1458,Kenneth,Lee,AL,Consumer,2024-12-03
1459,Lindsey,Newton,WY,Business,2025-09-14
1460,Elizabeth,Black,NY,Consumer,2024-05-27
1461,Carol,Williams,HI,Consumer,2025-12-12
1462,Marie,Harrison,NC,Consumer,2021-10-19
1463,Jessica,Vasquez,KS,Consumer,2022-12-09
1464,Olivia,Garcia,ID,Consumer,2023-09-22
1465,Ronald,Green,WI,Consumer,2022-08-29
1466,Larry,Smith,MH,Consumer,2026-06-01
1467,Nancy,Johnson,OR,Consumer,2023-11-12
1468,James,Walls,WI,Consumer,2022-07-28
1469,Jessica,Herrera,OH,Consumer,2024-01-09
1470,Michelle,Griffin,HI,Consumer,2021-11-23
1471,Ryan,Brown,PA,Consumer,2025-03-10
1472,Michael,Zhang,FL,Consumer,2023-07-15
1473,Ryan,Walls,LA,VIP,2025-06-24
1474,Max,Garcia,LA,Consumer,2022-09-04
1475,Clifford,Hernandez,AZ,Consumer,2023-11-21
1476,David,Adams,TX,Consumer,2021-10-11
1477,Teresa,Carroll,MN,Consumer,2022-01-15
1478,Roy,Hicks,KY,Consumer,2023-08-18
1479,Mark,Mullins,GA,Consumer,2024-05-15
1480,Melvin,Jefferson,DE,Consumer,2023-03-29
1481,Aaron,Hernandez,AR,Consumer,2025-02-24
1482,David,Adams,GA,Business,2025-12-28
1483,Jason,Myers,LA,Consumer,2021-09-27
1484,Melinda,Jones,VA,Consumer,2026-06-16
1485,Ronald,Bruce,ND,Consumer,2025-05-01
1486,Lisa,Sanders,NM,Consumer,2023-05-29
1487,Carlos,Jennings,IL,Business,2026-01-17
1488,Allison,Brown,IN,Consumer,2026-09-13
1489,Suzanne,Ross,MD,Business,2022-01-22
1490,Craig,Avila,HI,Consumer,2023-01-12
1491,Gina,Leach,WI,Business,2024-12-25
1492,Jessica,Sanders,LA,Consumer,2026-02-15
1493,Christina,Berry,SD,Business,2023-03-18
1494,Shannon,Collins,GU,Business,2026-01-22
1495,Jennifer,Cochran,WY,Consumer,2026-03-12
1496,David,Kelly,VA,Consumer,2025-03-01
1497,Steven,Simon,VI,Consumer,2025-04-18
1498,Sonya,Campbell,MT,Business,2022-12-12
1499,Shawn,Park,MP,Consumer,2024-03-01
1500,Brenda,Griffin,FL,VIP,2025-08-16
1501,Teresa,Baldwin,NJ,Consumer,2024-06-10
1502,Taylor,Davidson,ID,Consumer,2023-06-06
1503,Ryan,Collins,CO,Consumer,2024-11-06
1504,Andrea,Edwards,DE,Consumer,2025-09-25
1505,Jessica,Mcdowell,TN,Business,2023-07-27
1506,Susan,Henry,TN,Consumer,2026-09-03
1507,Andrew,Dillon,SD,Consumer,2022-10-06
1508,Jill,Baird,FM,Consumer,2024-02-01
1509,Anne,Watkins,FL,Business,2023-07-18
1510,Nicholas,Collier,MI,Consumer,2023-05-04
1511,Tammy,Cooper,AL,Consumer,2022-09-02
1512,Amanda,Manning,MA,Business,2024-08-25
1513,April,Gray,IN,Consumer,2023-03-22
1514,Danielle,Rodriguez,SD,Consumer,2024-04-30
1515,James,Cruz,HI,Consumer,2025-05-25
1516,Evelyn,Daniels,NH,Consumer,2022-05-10
1517,Heather,Bennett,UT,Consumer,2023-04-09
1518,Mark,Thomas,LA,Consumer,2024-04-21
1519,Kimberly,Barnes,DE,Consumer,2025-02-15
1520,Alexander,Gomez,OK,Consumer,2025-06-18
1521,Peter,Bruce,FL,Business,2022-12-31
1522,Lisa,Brown,MP,Business,2023-01-24
1523,Billy,Chambers,MH,Consumer,2022-09-01
1524,Lisa,Barry,AZ,VIP,2026-05-17
1525,Christine,Hughes,SC,Consumer,2024-03-02
1526,Cheryl,Chen,WI,Consumer,2025-09-27
1527,William,Nicholson,UT,Consumer,2025-11-02
1528,Matthew,Cantu,GU,VIP,2023-07-10
1529,Victor,Maynard,AZ,Consumer,2023-11-02
1530,Heidi,Garcia,MH,Consumer,2024-04-10
1531,Nicholas,Mcintyre,WY,Consumer,2025-12-24
1532,Noah,Lambert,MT,Consumer,2025-10-23
1533,Matthew,Wade,CT,Consumer,2022-09-10
1534,Geoffrey,Powers,FM,VIP,2026-04-09
1535,Jeffrey,Miles,NH,Consumer,2025-06-25
1536,Karen,Daniel,OK,Business,2024-02-06
1537,Gloria,Young,WY,Consumer,2024-01-09
1538,Kelli,Gonzalez,NC,Consumer,2022-03-07
1539,Mathew,Thompson,WV,Consumer,2024-09-09
1540,Krystal,Hurst,NJ,Consumer,2026-06-03
1541,Amy,Smith,SD,Consumer,2022-10-04
1542,Steven,Hernandez,MO,Consumer,2022-08-05
1543,Danny,Douglas,NC,Consumer,2025-01-21
1544,Alec,Guzman,IN,Consumer,2026-02-04
1545,Joshua,Hawkins,ID,VIP,2023-05-30
1546,Mercedes,Williams,VT,Consumer,2025-11-24
1547,Michael,Kim,MA,Consumer,2023-04-11
1548,Rebecca,Perez,IA,Business,2022-08-18
1549,Stacy,Ortiz,MH,Consumer,2025-01-28
1550,Jessica,Hull,AL,Business,2025-10-14
1551,Bryan,Sanders,FM,Consumer,2023-10-29
1552,Eric,Mann,MO,Consumer,2022-09-10
1553,John,Ortiz,KS,Consumer,2026-03-19
1554,Thomas,Butler,IN,Consumer,2022-02-19
1555,David,Robertson,UT,Consumer,2026-08-18
1556,Leah,Jackson,WY,Business,2022-02-20
1557,Joshua,Miller,MS,Consumer,2024-02-11
1558,Madison,Hernandez,SC,VIP,2026-05-12
1559,Tyler,Perez,HI,Consumer,2024-03-27
1560,Jeffrey,Smith,MS,Consumer,2026-06-24
1561,Nicholas,Soto,ND,Consumer,2021-10-14
1562,Matthew,Preston,OH,Consumer,2026-04-10
1563,Margaret,Russell,NY,Consumer,2023-03-14
1564,Casey,Glass,DE,Consumer,2021-12-28
1565,Dalton,Mcmillan,FL,VIP,2022-07-18
1566,David,Humphrey,OR,Consumer,2024-06-22
1567,Brent,Rodriguez,MP,VIP,2021-11-04
1568,Brandi,Martin,NY,Business,2022-09-18
1569,Matthew,Smith,NH,Consumer,2024-06-03
1570,Alex,Rodriguez,AL,Business,2024-06-20
1571,Anna,Gilbert,VT,Consumer,2022-09-07
1572,Lauren,Leonard,ND,Consumer,2023-07-05
1573,Shannon,Williams,VA,Consumer,2025-12-06
1574,Carlos,Welch,AK,Consumer,2021-10-09
1575,Vanessa,Williams,OR,Consumer,2026-03-15
1576,Nathan,Figueroa,LA,Business,2022-04-06
1577,Leslie,Lee,DC,Consumer,2022-10-28
1578,Patricia,Clark,RI,Business,2023-02-14
1579,John,Manning,IN,Business,2023-12-18
1580,Mark,James,ID,Consumer,2025-10-21
1581,Paige,Phillips,RI,Consumer,2025-06-08
1582,Joseph,Knight,NY,Consumer,2021-12-30
1583,Keith,Hampton,IN,Business,2024-06-10
1584,Timothy,Howard,NY,Consumer,2023-03-26
1585,Christopher,Lee,NV,Consumer,2025-08-30
1586,Brian,Carter,DE,Consumer,2023-12-08
1587,Amy,Tucker,OK,Consumer,2024-09-29
1588,Mary,Davis,RI,Business,2022-10-11
1589,Lauren,Young,ID,Business,2023-04-23
1590,Bobby,Marsh,TN,Consumer,2026-05-19
1591,Michael,Young,AK,Consumer,2026-06-11
1592,Barbara,Rios,MH,Consumer,2022-11-21
1593,Charles,Ramirez,VT,Consumer,2025-02-19
1594,Lauren,Merritt,GU,Consumer,2026-02-05
1595,Ana,King,IN,Consumer,2023-01-24
1596,Tonya,Torres,FL,Business,2025-05-01
1597,Daniel,Carter,UT,Consumer,2022-12-07
1598,Marcus,Wilkinson,AZ,VIP,2021-10-14
1599,Andrea,Maxwell,OH,Business,2026-04-20
1600,Tina,Sloan,NC,Business,2024-06-21
1601,Danny,Singleton,WI,Consumer,2023-11-21
1602,Marissa,Martinez,VI,Consumer,2025-09-07
1603,Elizabeth,Lyons,WA,Consumer,2023-10-03
1604,Brian,Jordan,GA,Business,2024-03-07
1605,Joshua,Webb,PR,Business,2024-11-18
1606,Jasmine,Smith,TN,Consumer,2025-11-08
1607,Jill,Russell,HI,Consumer,2023-11-29
1608,Christina,Mayer,KS,Consumer,2023-09-22
1609,Makayla,Butler,WA,Consumer,2026-06-14
1610,Danielle,Dixon,VT,Consumer,2025-04-18
1611,Yolanda,Scott,MT,Consumer,2025-07-19
1612,Michelle,Ortiz,TN,Business,2024-07-13
1613,Alison,Brown,ID,Consumer,2022-09-12
1614,Tommy,Conway,NM,Consumer,2026-07-06
1615,Lori,Robertson,SC,Consumer,2024-07-07
1616,Lance,Diaz,PR,Consumer,2022-02-07
1617,Brandon,Perez,WY,Consumer,2026-04-23
1618,Michael,Burgess,OK,Consumer,2024-04-19
1619,Rhonda,Howard,SD,Consumer,2022-09-23
1620,Robert,Johnson,AS,Consumer,2023-02-13
1621,Margaret,White,GU,Consumer,2023-06-15
1622,Ashley,Pugh,CO,Business,2024-07-11
1623,Charles,Smith,KY,Consumer,2026-07-19
1624,Amber,Armstrong,NV,Consumer,2025-02-07
1625,Peter,Valdez,IA,Consumer,2026-05-07
1626,Steve,Howard,ME,Consumer,2026-08-01
1627,Renee,Allen,AR,Consumer,2022-08-13
1628,Angela,White,RI,Consumer,2025-04-16
1629,Laurie,Rodriguez,TN,Consumer,2023-09-16
1630,Connie,Casey,NM,Consumer,2024-12-26
1631,Brandon,Larson,TX,Consumer,2023-04-07
1632,Stephen,Hill,VT,Consumer,2022-04-11
1633,Steven,Lopez,OK,Business,2026-03-19
1634,Tyrone,Phillips,DC,Consumer,2022-10-07
1635,Joel,Smith,WI,Consumer,2025-01-09
1636,Olivia,Pierce,LA,Consumer,2023-06-12
1637,Jessica,Smith,PW,Business,2021-09-25
1638,Mason,Ford,GA,Consumer,2022-08-20
1639,Carla,Knight,LA,Consumer,2023-06-08
1640,Sarah,Bernard,RI,Consumer,2026-02-21
1641,Jennifer,Duke,ND,Business,2025-10-07
1642,Nicholas,Goodwin,NJ,Consumer,2025-09-04
1643,Teresa,Berry,MD,Consumer,2021-12-18
1644,Haley,Thompson,MP,Consumer,2025-06-01
1645,Thomas,Wilson,FL,Consumer,2026-05-11
1646,Eric,Evans,UT,Consumer,2026-01-31
1647,Kevin,Briggs,DE,Business,2022-07-03
1648,April,Lamb,NY,Consumer,2023-12-31
1649,Christina,Choi,TN,Business,2022-12-31
1650,April,Blair,FL,Business,2022-05-15
1651,Carl,Santiago,FM,Business,2022-01-12
1652,Samantha,Bell,FL,Business,2024-07-21
1653,Walter,Garner,FM,Consumer,2026-01-13
1654,Antonio,Perry,IA,Consumer,2025-04-16
1655,James,Wall,KS,Business,2026-08-15
1656,Lauren,Cook,FL,Consumer,2022-04-15
1657,George,Murphy,MP,Business,2022-03-09
1658,Stefanie,Gonzales,NY,Business,2022-11-30
1659,Jaime,Simmons,ND,Consumer,2026-05-21
1660,Christopher,Macdonald,OK,Consumer,2023-12-13
1661,Bradley,Campbell,MP,Consumer,2025-02-11
1662,Charles,Murray,TN,Consumer,2021-11-16
1663,David,Mccoy,SD,Consumer,2022-07-22
1664,Crystal,Wilson,MO,Consumer,2024-09-14
1665,Jade,Hernandez,AR,Consumer,2024-11-26
1666,Katherine,Bailey,NH,Business,2024-06-28
1667,Christine,Jimenez,KY,Consumer,2022-12-16
1668,Thomas,Boyd,PR,Business,2023-06-03
1669,Jeffrey,James,MN,Consumer,2022-02-10
1670,Dakota,Garcia,WI,Consumer,2025-08-26
1671,Taylor,Kelly,MT,Consumer,2026-09-07
1672,Timothy,Allen,AL,Consumer,2026-04-22
1673,Jamie,Parker,SC,Business,2022-03-15
1674,Jonathan,Nunez,CA,Consumer,2021-09-28
1675,Angelica,Scott,VA,Consumer,2023-04-13
1676,Kristine,Martin,TN,Consumer,2025-09-01
1677,Olivia,Livingston,VT,Consumer,2022-02-14
1678,Mark,Robinson,RI,Consumer,2025-08-08
1679,Katie,Wright,VT,Consumer,2026-07-13
1680,Steven,Jones,WI,Business,2024-04-04
1681,Sabrina,Dean,OH,Consumer,2024-04-19
1682,Jose,Moon,KY,Consumer,2026-05-21
1683,Derek,Williams,NC,Consumer,2024-06-17
1684,Theodore,Harrison,IL,Consumer,2024-05-04
1685,Kelsey,Hunter,NE,Consumer,2021-12-02
1686,Warren,Wood,OR,Consumer,2023-02-26
1687,Margaret,Flowers,WV,Consumer,2026-09-01
1688,Kathleen,Williams,MO,Business,2025-03-09
1689,Sarah,Wilcox,NM,Business,2025-05-15
1690,Tara,White,IN,Consumer,2026-09-15
1691,Tony,Bush,MD,Consumer,2023-11-17
1692,Krista,Jones,FL,Consumer,2026-04-21
1693,Wesley,Scott,IL,Consumer,2025-03-25
1694,Sara,Reid,MI,Consumer,2025-02-24
1695,Joseph,Smith,VI,VIP,2026-01-17
1696,Christopher,Fowler,NV,Business,2023-10-17
1697,Hunter,Perry,TN,Consumer,2021-10-14
1698,Chad,Brown,ND,Business,2023-09-29
1699,Elizabeth,Holmes,CT,Business,2023-01-29
1700,Sean,Wheeler,MH,Consumer,2023-06-23
1701,Jennifer,Jennings,AR,Consumer,2025-01-12
1702,Ricardo,Lambert,ID,Consumer,2024-07-28
1703,Douglas,Garza,AL,Business,2025-11-17
1704,Curtis,Young,NH,Consumer,2023-06-15
1705,Stephanie,Lee,RI,Consumer,2024-03-10
1706,Jennifer,Yang,TN,Consumer,2023-09-10
1707,Kelly,Patrick,OH,Business,2026-08-25
1708,Raymond,Gutierrez,ID,Consumer,2021-12-04
1709,Hector,Matthews,OR,Consumer,2023-10-06
1710,Jodi,Estrada,DE,Consumer,2025-12-10
1711,Mark,Osborn,MP,Consumer,2026-05-27
1712,Alexandria,Lin,MN,Consumer,2022-01-19
1713,Shannon,Davis,RI,Consumer,2026-01-25
1714,Doris,Cooper,AK,Business,2026-01-04
1715,Daniel,Davis,NM,Consumer,2024-01-12
1716,Benjamin,Foley,NY,Consumer,2022-02-23
1717,Victoria,Hayes,NE,Consumer,2023-06-07
1718,Edward,Castillo,DE,Business,2021-12-26
1719,Meghan,Collins,AK,Consumer,2024-07-14
1720,Amy,Williams,RI,Consumer,2023-07-02
1721,Janet,Stark,PW,Consumer,2022-11-04
1722,Jason,Gibson,ID,Consumer,2026-07-05
1723,Javier,Potter,DE,Business,2023-04-01
1724,Anne,Sims,CO,VIP,2024-09-24
1725,David,Perkins,DE,Consumer,2023-05-23
1726,Melissa,Chang,RI,Consumer,2025-08-29
1727,Cynthia,Williamson,SD,Consumer,2026-05-13
1728,Jeffrey,Ruiz,DC,Consumer,2023-01-19
1729,Henry,Benitez,WA,Consumer,2022-12-31
1730,Jennifer,Palmer,ND,Business,2023-09-04
1731,Laurie,Green,ND,Consumer,2023-01-01
1732,Sarah,Joyce,MD,Consumer,2021-11-11
1733,Thomas,Kelly,PW,Business,2025-02-08
1734,Lisa,Johnson,SD,Business,2025-08-31
1735,Dana,Hernandez,MP,VIP,2022-02-26
1736,Christopher,Moore,TN,Consumer,2025-11-15
1737,Ruben,Nichols,VI,Consumer,2022-07-01
1738,Tyler,Smith,ID,Business,2024-07-10
1739,Andrew,Johnson,KY,Consumer,2024-06-18
1740,Patricia,Short,SD,Business,2026-06-05
1741,Jessica,Turner,AS,Consumer,2023-02-18
1742,Jennifer,Wall,PR,VIP,2023-08-03
1743,Steven,Flowers,ME,Consumer,2025-03-18
1744,Lori,Schneider,ID,Business,2024-05-09
1745,Carla,Walls,CA,Consumer,2023-11-03
1746,Deborah,Johnson,OH,Business,2024-05-08
1747,Amy,Mendez,OK,Business,2022-05-29
1748,Brianna,Chung,TN,VIP,2024-07-15
1749,Michael,Leon,PA,Consumer,2022-03-18
1750,William,Howard,UT,Consumer,2021-10-27
1751,Felicia,Smith,MD,VIP,2022-09-09
1752,Kimberly,Henry,OH,Consumer,2025-01-11
1753,Cynthia,Castro,WA,Consumer,2024-11-18
1754,Melanie,Smith,NC,Consumer,2026-05-26
1755,James,Campbell,MH,Consumer,2024-05-01
1756,Jennifer,Patel,KS,Consumer,2023-10-04
1757,Cynthia,Evans,MN,Consumer,2024-04-03
1758,Jack,Lee,ND,Business,2023-10-06
1759,Julie,Hayden,MO,Business,2023-03-18
1760,Charles,Barrera,MO,Consumer,2022-06-02
1761,Craig,Martin,MO,Consumer,2024-07-03
1762,Katherine,Villa,MN,Consumer,2026-04-01
1763,Rebecca,Thornton,GU,Consumer,2025-07-28
1764,Heather,Wallace,HI,Consumer,2024-07-15
1765,Cheryl,Garner,MN,Consumer,2024-07-07
1766,Taylor,Fletcher,OK,Consumer,2026-08-27
1767,Jillian,Mckenzie,IL,Consumer,2023-06-20
1768,Jennifer,Curtis,NV,Consumer,2025-02-18
1769,Nichole,Williams,NM,Consumer,2025-07-14
1770,Suzanne,Richmond,PR,Business,2023-12-13
1771,Bradley,Nguyen,NH,Consumer,2024-06-20
1772,Peter,Thomas,MN,Consumer,2022-02-19
1773,Marissa,Perez,AR,Consumer,2026-02-25
1774,Ruben,Jones,NM,Consumer,2024-08-01
1775,Pamela,Graham,FL,Consumer,2021-10-01
1776,James,Atkins,WY,Consumer,2022-07-02
1777,George,Bray,CO,Consumer,2023-08-31
1778,Aaron,Wang,AS,Consumer,2023-10-02
1779,Cheryl,Sullivan,KY,Consumer,2022-08-27
1780,Jimmy,Love,SD,Business,2023-09-27
1781,Nathan,Harvey,WY,Consumer,2025-08-21
1782,Nicholas,Bowers,NC,Consumer,2022-01-19
1783,Diane,Horn,VA,Business,2022-05-30
1784,John,Bond,PR,Consumer,2023-10-31
1785,Richard,Campbell,MD,Consumer,2024-03-22
1786,Wendy,Tucker,SD,Business,2022-02-07
1787,Jeffrey,Gonzalez,LA,Consumer,2022-03-01
1788,Kenneth,Perry,FL,Consumer,2024-05-13
1789,Abigail,Dalton,IA,Consumer,2025-02-25
1790,Amber,Schultz,ND,Consumer,2025-03-20
1791,Keith,Tanner,WV,Consumer,2025-05-10
1792,Marc,Nelson,VI,Consumer,2025-02-14
1793,Jeremy,Mueller,CO,Consumer,2023-08-21
1794,Brianna,Sharp,NV,Consumer,2023-01-07
1795,Ashley,Weiss,MN,Business,2023-02-12
1796,Chelsea,Jenkins,FL,Business,2023-01-11
1797,Michelle,Phillips,VI,Business,2024-12-10
1798,Ronald,Diaz,MA,Consumer,2026-04-08
1799,Wayne,Tanner,VT,Business,2024-06-21
1800,Molly,Carlson,AL,Consumer,2026-01-01
1801,Timothy,Garrett,WY,Consumer,2024-04-23
1802,Charles,Christensen,MO,Consumer,2021-10-05
1803,Jennifer,Smith,FM,Consumer,2024-10-27
1804,Michelle,Lee,LA,Consumer,2026-03-15
1805,Rachel,Greer,TN,Consumer,2024-05-08
1806,Paul,Mccall,OK,Consumer,2024-02-18
1807,Travis,James,LA,Consumer,2023-03-17
1808,Stephanie,Conner,FM,Business,2022-07-05
1809,Mason,Glover,PA,Consumer,2022-08-20
1810,Tyler,Mason,CO,Consumer,2026-01-06
1811,Jose,Hunter,RI,Consumer,2023-12-20
1812,Barbara,Bryant,MP,Consumer,2022-06-01
1813,Shawn,Cunningham,VI,Business,2024-08-20
1814,Brian,Leon,PW,Business,2025-06-28
1815,Scott,Gordon,VT,Consumer,2025-12-24
1816,Robin,Burton,KS,Consumer,2023-09-29
1817,Michael,Ruiz,ME,Consumer,2026-05-01
1818,Paul,May,VA,Consumer,2023-02-25
1819,Mckenzie,Torres,OR,Consumer,2023-05-08
1820,Michael,Thompson,MA,Consumer,2026-07-01
1821,Nichole,York,NE,Business,2023-04-26
1822,Jennifer,Walsh,NH,Consumer,2022-01-31
1823,Stephanie,Henderson,ID,Consumer,2023-05-10
1824,George,Perry,IA,Consumer,2024-12-24
1825,David,Wells,OK,Consumer,2025-09-18
1826,Michelle,Burke,AR,Consumer,2026-06-11
1827,Nicholas,Alexander,IL,VIP,2022-09-04
1828,John,Watts,NC,Consumer,2025-02-28
1829,Daniel,Brady,CO,Business,2026-02-01
1830,Nicholas,Ortiz,PW,Consumer,2023-10-31
1831,Wendy,Simmons,IA,Consumer,2026-07-01
1832,John,Mahoney,MN,Business,2026-09-01
1833,Ronald,Duncan,NE,Consumer,2021-10-11
1834,Amy,Taylor,RI,Consumer,2026-09-14
1835,Greg,Parks,RI,Consumer,2025-07-22
1836,Timothy,Strickland,MT,Business,2022-12-03
1837,Jesse,Adams,AR,VIP,2023-07-10
1838,Shannon,Vasquez,MP,Consumer,2023-11-09
1839,Russell,Smith,AK,Consumer,2026-04-01
1840,Anita,York,OK,Consumer,2025-07-22
1841,Heidi,Ellis,ME,Consumer,2024-06-16
1842,Anna,Sanchez,LA,Consumer,2022-12-21
1843,Cynthia,Nguyen,GA,Business,2022-09-23
1844,Andrea,Frank,AZ,Consumer,2024-02-02
1845,Elizabeth,Buchanan,OK,Business,2025-07-15
1846,Joshua,Thomas,KY,Consumer,2026-05-02
1847,Rachel,Brown,NY,Consumer,2022-09-24
1848,Molly,Douglas,DC,Consumer,2024-07-26
1849,Sara,Ward,MN,VIP,2022-09-26
1850,Brett,Zimmerman,HI,Consumer,2025-02-27
1851,Sara,Guzman,MN,Consumer,2025-04-16
1852,Melissa,Zavala,MI,Consumer,2025-11-07
1853,Justin,Berry,NV,Consumer,2023-06-13
1854,Chris,Brewer,NV,Consumer,2026-06-12
1855,Christopher,Joseph,DC,Consumer,2022-08-08
1856,Tina,Vargas,FL,Consumer,2025-05-30
1857,Angela,Lloyd,WY,Business,2022-07-11
1858,Kristen,Mata,LA,Consumer,2023-12-25
1859,Daniel,Guzman,VI,Business,2024-12-31
1860,Andrew,Williams,MN,Consumer,2026-04-15
1861,Carly,Aguirre,LA,Consumer,2025-02-08
1862,Summer,Brown,NY,Consumer,2025-01-21
1863,Wayne,Moore,IL,Business,2024-11-15
1864,Brittany,Lewis,KS,Consumer,2025-06-11
1865,Jennifer,Dawson,VT,Business,2024-05-01
1866,Jennifer,Singleton,AK,Consumer,2024-06-24
1867,Holly,Sandoval,WY,Consumer,2022-09-02
1868,Heather,Garcia,ME,Consumer,2026-05-09
1869,Luis,Kennedy,FM,Consumer,2024-11-14
1870,Chris,Murillo,MN,Consumer,2022-10-07
1871,Kevin,Johnson,UT,Business,2024-05-20
1872,Joan,Lewis,WA,Consumer,2023-09-22
1873,Sara,Foster,HI,VIP,2023-12-03
1874,Diane,Warner,RI,Consumer,2024-08-22
1875,Ariel,Barrett,WI,Consumer,2025-01-25
1876,Sara,Armstrong,FL,Consumer,2022-08-10
1877,Alexander,Hill,CT,Consumer,2025-02-07
1878,John,Edwards,UT,Business,2023-08-18
1879,Kevin,Martinez,FL,Business,2024-04-05
1880,Ashley,Phillips,WA,Consumer,2023-09-08
1881,Rachel,Chavez,SD,Consumer,2021-11-22
1882,Nicholas,Rios,UT,Consumer,2021-12-18
1883,Lisa,Scott,AS,Consumer,2022-09-26
1884,Robert,Jones,IN,Consumer,2023-02-26
1885,Cassandra,King,AR,Consumer,2023-09-01
1886,Angela,Frey,DE,Business,2022-02-08
1887,Michelle,Hansen,NY,Consumer,2026-08-25
1888,Jared,Rodriguez,ND,Business,2023-04-04
1889,Shannon,Stephens,IA,Business,2025-09-18
1890,Tyrone,Rogers,VI,Consumer,2025-08-28
1891,Brooke,Murphy,AL,Consumer,2025-04-28
1892,Amber,Esparza,MS,Business,2026-08-12
1893,Nicole,Valentine,PR,Consumer,2025-03-10
1894,Christopher,Frazier,DE,Consumer,2024-07-06
1895,Denise,Serrano,RI,Consumer,2021-09-26
1896,Sheri,Cummings,AS,Business,2023-09-19
1897,Michael,Barnett,GA,Consumer,2024-08-12
1898,Tamara,Carpenter,AK,Consumer,2024-06-02
1899,Angelica,Sullivan,CT,Consumer,2024-06-30
1900,Matthew,Miller,SC,Business,2023-07-01
1901,David,Woodard,NC,Consumer,2023-10-14
1902,Heather,Patel,WV,Consumer,2024-12-11
1903,Kimberly,Lee,GU,Business,2025-05-05
1904,Rose,Pearson,MD,Consumer,2023-10-01
1905,Bradley,Morgan,IA,Consumer,2025-12-29
1906,Jennifer,Brady,NC,Consumer,2025-07-11
1907,Shannon,Patterson,ME,Business,2025-09-05
1908,Colton,Johnston,AK,Business,2023-12-28
1909,Laura,Taylor,WV,Business,2023-08-28
1910,Patrick,Gilbert,SD,Consumer,2025-08-23
1911,Stacie,Welch,NH,Business,2026-05-11
1912,Cassie,Mullins,IA,Consumer,2021-12-08
1913,Marilyn,Salas,SC,Consumer,2026-07-26
1914,Nicholas,Gonzalez,UT,Business,2025-03-17
1915,Rebecca,Hunt,NM,Consumer,2024-10-07
1916,Thomas,Griffin,AL,Consumer,2022-07-31
1917,Jacob,Pearson,OK,Consumer,2022-12-14
1918,William,George,FM,Consumer,2024-12-14
1919,Jonathan,Daniel,DC,VIP,2021-12-05
1920,Hannah,Tyler,ND,Consumer,2026-08-19
1921,Debbie,Patterson,CT,Consumer,2023-08-23
1922,Chad,White,AK,Consumer,2026-09-08
1923,Matthew,Bryant,ME,Consumer,2023-02-20
1924,Heather,Henson,HI,Consumer,2025-11-20
1925,William,Salas,AL,Business,2021-10-24
1926,Charles,Erickson,NV,Consumer,2024-10-10
1927,Ernest,Wagner,NJ,Consumer,2026-02-15
1928,Matthew,Levy,ID,Consumer,2024-01-18
1929,Kenneth,Andrews,ND,Consumer,2021-10-22
1930,Jennifer,Baker,MD,Consumer,2024-08-21
1931,Mark,Anderson,DE,Consumer,2022-10-07
1932,Daniel,Wilkins,CA,Consumer,2024-01-22
1933,Stacey,Yoder,AS,Consumer,2025-01-14
1934,Sarah,Rosario,CT,Consumer,2023-11-18
1935,Kevin,Hughes,OK,Consumer,2026-06-25
1936,Christopher,Harris,PW,Consumer,2021-12-19
1937,Elizabeth,Smith,KY,Consumer,2021-10-03
1938,Martin,Morgan,PA,Consumer,2022-01-04
1939,Rodney,Sullivan,CA,Consumer,2026-05-18
1940,Kathryn,Rodriguez,FM,Consumer,2024-05-23
1941,Andrew,Bishop,PR,Consumer,2023-12-30
1942,Jamie,Reynolds,DE,Consumer,2025-07-27
1943,Christopher,Peters,WY,Consumer,2026-03-01
1944,Michael,Moore,NC,Business,2022-10-23
1945,Garrett,Ward,PA,Consumer,2021-12-19
1946,Laura,Bradley,LA,Consumer,2023-02-21
1947,Shawn,Drake,OR,VIP,2023-05-22
1948,Michelle,Woodard,PW,VIP,2024-01-19
1949,Teresa,Flores,TX,Consumer,2026-02-13
1950,David,Jenkins,NH,Consumer,2024-01-08
1951,Susan,Mejia,KS,Business,2026-08-10
1952,Brandon,Liu,PR,Consumer,2026-02-08
1953,Benjamin,Barnett,VI,Consumer,2026-03-13
1954,Melissa,Barrett,KS,Consumer,2023-02-15
1955,Ashley,Collins,MP,Consumer,2024-04-26
1956,Thomas,Shaw,AR,Consumer,2025-02-13
1957,Kevin,Reed,MS,Consumer,2023-06-06
1958,Peggy,Osborne,AR,Consumer,2025-09-16
1959,Daniel,Ritter,AK,VIP,2024-04-01
1960,Paul,Miller,VI,Consumer,2021-10-14
1961,Jason,Daniel,ID,Consumer,2024-07-06
1962,Nicole,Monroe,LA,Consumer,2023-06-30
1963,Christina,Dyer,HI,VIP,2022-10-15
1964,Suzanne,Lynch,SC,Business,2022-11-05
1965,Anthony,Rice,FM,Consumer,2026-04-18
1966,Crystal,Obrien,ME,Consumer,2025-01-16
1967,Holly,Watson,NH,Consumer,2025-11-12
1968,Melanie,Williams,WY,Consumer,2025-05-26
1969,Joshua,Scott,LA,Consumer,2026-04-16
1970,Nathan,Levy,MP,Consumer,2023-03-26
1971,Sheri,Rodriguez,VI,Consumer,2022-03-13
1972,Tricia,Vance,FM,Business,2021-11-15
1973,Lisa,Gutierrez,IL,Consumer,2025-01-21
1974,Julia,Orozco,MN,Consumer,2026-08-27
1975,Natasha,Peters,IL,Consumer,2023-06-13
1976,Laura,Hanna,IN,Consumer,2021-09-25
1977,Olivia,Lynn,OR,Consumer,2022-01-25
1978,Jennifer,Campbell,ID,Consumer,2023-08-05
1979,Jeffrey,Warren,DE,Business,2023-09-29
1980,Michael,Wyatt,KY,Consumer,2026-02-27
1981,Robert,Martinez,MA,Consumer,2025-06-11
1982,Brianna,Wheeler,OK,Consumer,2024-03-08
1983,Michael,Cox,CA,Consumer,2023-06-11
1984,Carl,Wagner,NE,Consumer,2023-08-01
1985,Jennifer,Wade,MP,Business,2026-08-11
1986,Denise,Giles,NE,Consumer,2024-02-10
1987,Kim,Vincent,DE,Consumer,2022-08-26
1988,Patricia,Mitchell,NJ,VIP,2026-04-20
1989,Brady,Contreras,SD,Business,2024-02-29
1990,Rebecca,Anderson,NJ,Consumer,2022-04-29
1991,William,Harris,VA,VIP,2026-07-15
1992,Jennifer,May,LA,Consumer,2023-01-25
1993,Kimberly,Kent,TX,Consumer,2022-04-20
1994,Paula,Knight,WY,Consumer,2023-02-06
1995,Michele,Gutierrez,RI,Consumer,2025-02-28
1996,Kenneth,Downs,MI,Consumer,2025-08-17
1997,Sarah,Carter,ME,Consumer,2025-11-19
1998,Dustin,Weber,AK,Consumer,2022-12-04
1999,Daniel,Martinez,VI,Consumer,2023-11-13
2000,Elizabeth,Anderson,NH,Business,2026-06-12
2001,Brandy,Mueller,WI,VIP,2022-12-05
2002,Charles,Brooks,MA,Consumer,2026-07-31
2003,Todd,Reed,DC,Consumer,2022-01-16
2004,Sarah,Nichols,VA,Consumer,2025-04-30
2005,Emily,Copeland,WY,Business,2023-07-18
2006,Julie,Lara,NE,Business,2026-09-03
2007,Justin,Howard,PR,Consumer,2024-01-11
2008,Jose,Nelson,IA,Consumer,2024-09-11
2009,Mario,Patel,TX,Consumer,2025-08-19
2010,Grace,Carroll,CO,Consumer,2026-02-21
2011,Jason,Brown,NM,Consumer,2022-09-28
2012,Susan,Castro,MA,Consumer,2023-12-23
2013,Jennifer,Johnson,GU,VIP,2021-12-09
2014,Daniel,Morris,VT,Consumer,2022-07-06
2015,Natalie,Ramirez,LA,Consumer,2022-01-19
2016,Juan,Hood,NE,Consumer,2024-04-25
2017,Nicole,Johnson,VI,Consumer,2023-05-22
2018,Pam,Owens,MS,Consumer,2024-01-31
2019,Jamie,Clark,DE,Consumer,2022-11-08
2020,Shane,Moore,AZ,Consumer,2023-09-13
2021,Amanda,Rowe,PA,Consumer,2022-12-29
2022,Ashley,Henry,OK,Consumer,2023-08-10
2023,Michael,Patel,PR,Consumer,2025-04-23
2024,Kim,Reyes,PW,Business,2022-03-21
2025,Kelly,Cortez,OR,Consumer,2022-05-24
2026,Elizabeth,Maldonado,PA,Consumer,2024-04-06
2027,Chad,Johnston,NH,Consumer,2023-10-26
2028,Robert,Morton,CT,VIP,2024-09-05
2029,Darrell,Martin,MN,Consumer,2021-11-09
2030,Bryan,Young,OH,Consumer,2023-02-05
2031,Alejandro,Johnson,DC,Consumer,2021-11-22
2032,Julie,Garcia,PR,Consumer,2026-06-10
2033,Alexis,Carpenter,AK,Consumer,2025-05-15
2034,Nicole,Carson,OK,Consumer,2026-08-01
2035,Johnny,Le,RI,Consumer,2024-05-12
2036,Jessica,Blair,AK,Consumer,2026-06-12
2037,Jaime,Davis,NE,Consumer,2024-01-25
2038,Briana,Barton,MD,Consumer,2024-05-29
2039,Bradley,White,OH,Consumer,2021-12-05
2040,Marie,Mcmahon,NV,Consumer,2023-09-07
2041,Donald,Green,CO,Business,2026-07-12
2042,Richard,Young,NC,Consumer,2025-02-17
2043,Laura,Moreno,KY,Consumer,2025-11-12
2044,Nancy,Henderson,UT,Consumer,2022-03-31
2045,Hunter,Cooper,HI,Consumer,2026-08-29
2046,Luis,Myers,MS,Consumer,2024-05-05
2047,Tammy,Dixon,DC,Consumer,2023-11-19
2048,Jerry,Romero,KS,Consumer,2024-12-27
2049,Caroline,Wells,TN,Business,2021-10-15
2050,Rachel,Chavez,WY,Consumer,2021-10-26
2051,Kelsey,Tucker,MO,Consumer,2026-03-09
2052,Charles,Newton,AZ,Business,2022-01-18
2053,Jason,Lindsey,RI,Consumer,2025-07-19
2054,Julie,Durham,RI,Consumer,2022-05-10
2055,Linda,Melton,VT,Business,2023-05-21
2056,Anthony,Valencia,AK,Business,2024-09-01
2057,Karen,Thompson,ME,Consumer,2024-04-29
2058,Albert,Dyer,GU,Business,2022-07-06
2059,Nicole,Coleman,NM,Consumer,2026-03-21
2060,Brittany,Zhang,CT,Consumer,2026-07-07
2061,Stephanie,Gaines,WI,Consumer,2025-05-28
2062,Christopher,Johnson,MP,Consumer,2025-05-11
2063,Michael,Miller,CA,Consumer,2023-08-21
2064,Sherry,Myers,TN,Business,2024-02-01
2065,Sean,Phillips,NH,Consumer,2024-09-20
2066,Vanessa,Brown,VA,Consumer,2023-07-18
2067,Jon,Jones,AL,Consumer,2025-07-22
2068,Maria,Contreras,IA,Consumer,2025-09-22
2069,Eric,Jones,VT,Consumer,2025-07-14
2070,Richard,Jones,NY,Business,2026-07-20
2071,Anita,Brown,IN,Consumer,2022-09-27
2072,Michael,Perez,PR,Consumer,2022-11-19
2073,Michael,Wheeler,FL,Consumer,2026-09-03
2074,Edward,Jacobs,PW,Consumer,2024-11-21
2075,James,Sheppard,IN,Business,2023-10-10
2076,Joseph,Mcguire,WV,Consumer,2024-12-26
2077,Jennifer,Barr,CA,Business,2023-07-20
2078,Martha,Brown,MH,Consumer,2024-10-25
2079,Jeremiah,Walker,MN,Consumer,2024-02-26
2080,Jessica,Freeman,OK,Consumer,2022-01-15
2081,Michael,Stephenson,AR,Consumer,2026-06-17
2082,Meghan,Lopez,CA,Consumer,2023-03-05
2083,Jasmine,Jimenez,AR,Consumer,2025-01-19
2084,Gerald,Harrell,MH,Business,2026-06-30
2085,Melissa,Lawrence,LA,Consumer,2024-07-01
2086,Robert,Rodriguez,GA,Business,2023-02-25
2087,Renee,Henderson,DE,Consumer,2023-01-29
2088,Paul,Anderson,NM,Consumer,2022-05-07
2089,Linda,Irwin,AR,Consumer,2025-02-15
2090,William,Jones,NC,Business,2022-10-10
2091,Krystal,Rocha,NE,Consumer,2022-04-23
2092,Cynthia,White,ME,VIP,2022-09-15
2093,Timothy,Garcia,GU,Consumer,2026-01-18
2094,Erica,Marks,GU,Consumer,2022-09-08
2095,Joshua,Clark,GA,Consumer,2022-01-21
2096,Charles,Allen,VA,Consumer,2023-01-09
2097,Heather,Long,MP,Consumer,2022-11-25
2098,Kirsten,Frank,PR,Consumer,2026-07-10
2099,Kevin,Lewis,FL,Consumer,2024-05-04
2100,Rebecca,Allen,IA,Business,2026-09-01
2101,Thomas,Wood,IA,Business,2022-09-09
2102,Tina,Owens,AS,Business,2024-03-24
2103,Courtney,Perez,GA,Consumer,2022-11-20
2104,Brian,Moore,FL,Consumer,2022-07-16
2105,Richard,Delacruz,WY,Consumer,2025-06-15
2106,John,Ingram,TN,Consumer,2023-05-25
2107,Donald,Moody,NJ,Consumer,2023-10-24
2108,Natalie,Moore,MT,Consumer,2022-05-26
2109,Nicole,Smith,RI,Consumer,2022-09-26
2110,Stephanie,Rice,AR,Business,2021-11-22
2111,Kim,Phillips,MS,Consumer,2022-08-19
2112,Elaine,Allen,WA,Consumer,2024-05-02
2113,Kayla,Griffin,GU,Consumer,2023-02-07
2114,Catherine,Johnson,LA,Consumer,2022-12-06
2115,Stacey,Jones,DE,Business,2022-07-30
2116,Shannon,Conner,DC,Consumer,2025-06-11
2117,Taylor,Valentine,TX,Consumer,2023-11-05
2118,Eugene,Clark,MH,Consumer,2026-03-31
2119,Darren,Guerrero,FM,Business,2024-05-13
2120,Gina,Mosley,ND,Consumer,2022-07-11
2121,Sara,Parrish,MH,Consumer,2026-03-20
2122,Richard,Stafford,WV,Consumer,2026-08-28
2123,Valerie,Irwin,ID,Business,2026-06-22
2124,Jennifer,Gutierrez,VT,Business,2026-04-01
2125,Zachary,Anderson,MO,Consumer,2021-12-12
2126,Christopher,Moore,DE,Consumer,2022-04-05
2127,Julie,Flores,MN,Consumer,2023-06-23
2128,Theresa,Rojas,AZ,Consumer,2022-11-11
2129,Alan,Wallace,OK,Consumer,2023-03-20
2130,Allison,Roberson,DC,Consumer,2023-05-28
2131,Dylan,Fisher,NY,Consumer,2022-08-26
2132,Joseph,Moreno,NJ,Business,2026-05-31
2133,Danielle,Rodriguez,AK,Consumer,2023-10-06
2134,Ryan,Christensen,AK,Consumer,2023-12-29
2135,Brandon,Monroe,AZ,Consumer,2022-01-10
2136,Holly,Reed,CT,Business,2022-06-09
2137,Evan,Jimenez,FL,Consumer,2023-01-14
2138,Kathryn,Harris,GA,Consumer,2024-11-13
2139,Aaron,Espinoza,CO,Consumer,2025-06-06
2140,Shane,Sanders,ME,Consumer,2024-03-31
2141,Pamela,Mclaughlin,SC,Consumer,2024-09-17
2142,Shaun,Gutierrez,LA,Consumer,2021-11-16
2143,Jennifer,Miller,KS,Consumer,2024-08-08
2144,Justin,Jones,NV,Consumer,2022-10-01
2145,Scott,Duncan,MA,Business,2022-01-03
2146,Barbara,Martin,ME,Consumer,2025-03-29
2147,Jose,Ball,ND,Consumer,2025-05-22
2148,Felicia,David,SD,Consumer,2023-01-14
2149,Craig,Brown,TX,Consumer,2023-11-16
2150,Gregory,Patrick,CT,Consumer,2025-12-09
2151,Melanie,Holder,IL,Consumer,2021-11-11
2152,Matthew,Morgan,NY,Consumer,2025-07-31
2153,Christina,Alvarez,VT,Consumer,2022-03-04
2154,Kristen,Holland,HI,Consumer,2024-05-24
2155,Larry,Jones,DC,VIP,2022-12-30
2156,Kevin,Benson,PA,Consumer,2022-11-18
2157,Katherine,Bell,SD,Consumer,2025-06-25
2158,Emma,Vasquez,ID,Consumer,2024-09-27
2159,Joshua,Terry,OR,Consumer,2026-07-25
2160,Dennis,Holt,KY,Consumer,2021-10-12
2161,Elizabeth,Barnes,CT,Consumer,2024-01-21
2162,Tracy,Jensen,OK,Consumer,2023-05-01
2163,Michael,Rivas,SD,Consumer,2024-08-18
2164,Tara,Alvarado,FL,Business,2022-08-25
2165,Sandra,Holt,CT,Consumer,2024-05-24
2166,Mckenzie,Downs,NH,Consumer,2022-02-17
2167,Jordan,Rhodes,SD,Consumer,2022-04-15
2168,Dana,Jones,FL,Consumer,2025-02-22
2169,Jill,Hines,ID,Consumer,2024-10-02
2170,Keith,Gregory,IA,Consumer,2025-11-16
2171,Isaiah,Heath,RI,Business,2025-03-03
2172,Tristan,Jones,OR,Consumer,2023-06-26
2173,David,Moss,ND,Consumer,2022-02-11
2174,Jason,Saunders,RI,Consumer,2024-04-28
2175,Amy,Curtis,ND,Consumer,2024-12-14
2176,Jeffrey,Brown,WA,Consumer,2022-03-09
2177,Stephen,Smith,GU,VIP,2022-08-13
2178,Timothy,Cummings,WA,Consumer,2023-11-20
2179,Joshua,Moore,WV,Consumer,2024-05-30
2180,Christina,Wright,SC,Business,2024-09-10
2181,Andrew,Drake,MA,Consumer,2023-12-25
2182,Sarah,Johnson,FL,Consumer,2024-11-14
2183,Sharon,Holmes,IN,Consumer,2025-03-25
2184,Wayne,Wall,MH,Consumer,2025-02-25
2185,Michelle,Cardenas,OH,Consumer,2025-01-13
2186,Steven,Moore,NH,Consumer,2025-07-25
2187,Rodney,Fields,NV,Consumer,2025-04-23
2188,Robert,Montgomery,NC,Consumer,2026-09-06
2189,Jerry,Lindsey,HI,Consumer,2025-04-07
2190,Ashley,Garcia,MT,Consumer,2025-09-08
2191,Keith,Anderson,MD,Consumer,2022-08-01
2192,Holly,Velasquez,NM,Consumer,2022-12-01
2193,Joshua,Taylor,MO,Consumer,2024-02-02
2194,Alexis,Murphy,NH,Consumer,2024-08-22
2195,Angelica,Johnson,IA,Consumer,2024-05-29
2196,Janet,Thomas,AZ,Consumer,2024-08-07
2197,Jeff,Weber,TN,Consumer,2023-02-05
2198,Kathryn,Arias,WY,Consumer,2024-09-25
2199,Brian,Fisher,KY,Consumer,2025-01-02
2200,Robert,Roberts,HI,Consumer,2026-05-20
2201,Kristina,Booth,NH,Business,2025-12-03
2202,Meghan,Nguyen,IA,Consumer,2024-06-06
2203,Kendra,Mason,TN,Consumer,2023-12-12
2204,Janet,Huynh,VT,Consumer,2024-03-03
2205,Linda,Morgan,KY,Consumer,2024-11-13
2206,Justin,Howell,FM,Business,2024-07-08
2207,Allen,Smith,PW,Consumer,2022-03-11
2208,Brad,Bowman,HI,Consumer,2022-08-17
2209,Richard,Eaton,NY,Consumer,2024-05-02
2210,Jonathan,Livingston,VA,Consumer,2022-05-16
2211,Heather,Gonzalez,HI,Consumer,2025-03-09
2212,Jacqueline,Lee,WV,VIP,2023-02-14
2213,Thomas,Brown,KY,Business,2025-03-01
2214,Robert,Richards,NV,Consumer,2026-08-04
2215,John,Jones,NH,Consumer,2024-12-13
2216,Sean,Richmond,OK,Consumer,2023-12-21
2217,Raymond,Fuller,CO,Consumer,2025-05-21
2218,Brittany,Bryant,NC,Consumer,2021-10-19
2219,Erin,Burgess,OR,Business,2024-06-27
2220,Eric,Stein,KS,Consumer,2026-03-17
2221,Gabriel,Lewis,MN,Consumer,2023-05-29
2222,Jason,Johnson,PW,Business,2025-03-31
2223,Darryl,Frazier,MH,Consumer,2021-11-01
2224,Joel,Terry,AR,VIP,2023-02-19
2225,Matthew,Beltran,WI,Consumer,2026-02-12
2226,David,Smith,RI,Business,2025-01-23
2227,Ryan,Parrish,GA,Consumer,2024-01-30
2228,Brian,Swanson,PR,Consumer,2024-02-25
2229,Kristin,Stewart,IA,Consumer,2021-11-16
2230,Joe,Singh,TN,Consumer,2022-01-20
2231,Frank,Martinez,IA,Consumer,2023-02-24
2232,Gail,Carroll,LA,Consumer,2025-08-23
2233,Colton,Hurst,IL,Business,2024-06-03
2234,Krista,Rogers,TX,Consumer,2022-05-22
2235,Alexandra,Herman,SC,Consumer,2026-06-18
2236,Linda,Jones,TN,Consumer,2026-05-25
2237,Danny,Gordon,AL,Business,2021-11-20
2238,Shelly,Miller,KS,Consumer,2024-02-09
2239,Kristi,Morales,MI,Consumer,2022-10-24
2240,Mark,Oliver,CT,Consumer,2023-03-12
2241,Joel,Lopez,ND,Business,2024-12-19
2242,Debra,Khan,DE,Consumer,2025-10-10
2243,Ryan,Black,IA,Consumer,2023-01-04
2244,Jackie,Le,AL,VIP,2024-03-22
2245,James,Bruce,NE,Consumer,2023-07-21
2246,Richard,Pierce,UT,Consumer,2022-02-27
2247,Jessica,Dean,WV,Consumer,2022-04-05
2248,Misty,Hancock,AR,Business,2022-11-12
2249,Karen,Zuniga,GA,Consumer,2024-10-15
2250,Monica,Gibson,SD,Consumer,2024-05-27
2251,Stefanie,Bryant,NE,Consumer,2022-09-21
2252,Rebecca,Hendricks,CA,Business,2026-03-18
2253,Jeremy,Russo,NY,Consumer,2023-10-12
2254,Michael,Gilbert,IL,Consumer,2026-01-25
2255,Christopher,Watts,AS,Consumer,2024-12-23
2256,Ryan,Harris,DE,Consumer,2024-05-26
2257,Ralph,Bush,IL,Business,2026-01-09
2258,Sean,Martinez,IA,Consumer,2025-09-19
2259,Carrie,Peters,LA,Consumer,2026-06-14
2260,Luke,Hayden,MH,Business,2024-08-05
2261,Alicia,Greene,RI,Consumer,2022-04-23
2262,Gregory,Frazier,DE,Business,2026-03-20
2263,Patricia,Johnson,NY,Consumer,2026-05-21
2264,Eric,Martin,NM,Business,2022-10-13
2265,Brian,White,MA,Consumer,2024-06-26
2266,Crystal,Johnson,AS,Consumer,2026-04-07
2267,Barbara,Morales,HI,Consumer,2022-02-24
2268,Stephen,Jones,OK,Consumer,2023-12-13
2269,Tommy,Green,OR,Consumer,2025-06-13
2270,Michael,Miranda,DC,Business,2024-07-30
2271,Troy,Gonzalez,OK,Consumer,2026-09-05
2272,Janet,Garcia,ME,Business,2026-01-04
2273,Lindsay,Rhodes,IL,VIP,2023-01-11
2274,Michael,Johnson,KY,Consumer,2024-02-25
2275,Heidi,Anderson,DE,Consumer,2023-02-21
2276,Michael,Mckinney,MH,Consumer,2024-06-14
2277,Matthew,Martin,ND,Consumer,2026-08-31
2278,Leah,Jenkins,NY,Consumer,2026-01-03
2279,Raymond,Smith,WA,Consumer,2022-11-30
2280,Nancy,Wong,VA,Consumer,2024-06-05
2281,Ricky,Knight,ME,Business,2025-09-13
2282,Phillip,Rose,WV,Consumer,2025-05-10
2283,Leslie,Russell,NY,Consumer,2025-04-14
2284,Kelly,Ruiz,CO,Consumer,2025-05-29
2285,Beth,Smith,NV,Consumer,2024-09-17
2286,Thomas,Watkins,MO,Business,2023-03-09
2287,Jacob,Frazier,SD,Business,2025-10-25
2288,Wendy,Berry,TX,VIP,2026-05-07
2289,Donald,Jones,SD,Consumer,2024-02-26
2290,Thomas,Perez,DC,Consumer,2025-04-24
2291,Christina,Hardin,ND,Consumer,2021-11-27
2292,Courtney,Marshall,PA,Consumer,2025-08-23
2293,John,Mosley,CO,Business,2026-01-04
2294,Kathleen,Gregory,WY,Business,2024-10-19
2295,Ralph,Washington,MO,Consumer,2023-01-21
2296,Shaun,Foster,CT,Consumer,2024-01-09
2297,Amber,Marshall,ME,Consumer,2024-09-23
2298,Heather,Duran,KY,Business,2025-06-27
2299,Tanya,Graham,DE,Consumer,2025-06-20
2300,Linda,Williams,IA,VIP,2022-04-17
2301,Linda,Wood,AS,Business,2024-02-17
2302,Linda,King,OH,Business,2024-02-28
2303,Jason,Morris,IN,Consumer,2026-02-20
2304,Morgan,Knight,OK,Consumer,2024-09-03
2305,Jacob,Harrison,MT,Business,2023-09-02
2306,Beverly,Brown,CT,Consumer,2024-01-30
2307,Brian,Gonzalez,AL,Business,2023-10-07
2308,Gregory,Caldwell,AL,Consumer,2022-01-18
2309,Melissa,Pena,MO,Consumer,2026-04-22
2310,Ronald,Booker,MP,Consumer,2024-05-05
2311,Robert,Dalton,FM,Consumer,2022-10-03
2312,Stephanie,Haney,NY,Consumer,2024-07-10
2313,Paige,Oconnor,PR,Business,2022-01-22
2314,John,Johnson,CT,Consumer,2022-03-14
2315,Rebecca,Crosby,AZ,Consumer,2026-05-10
2316,Joshua,Brown,NM,Business,2022-03-03
2317,Neil,Ortega,KS,Business,2024-12-27
2318,Jeffrey,Reed,TX,Consumer,2023-07-14
2319,Sara,Warner,MO,Consumer,2024-05-26
2320,Martha,Duarte,MS,Business,2023-04-27
2321,Matthew,Collins,KY,Consumer,2026-01-31
2322,Laura,Sandoval,FM,Consumer,2024-03-02
2323,William,Garza,DE,Consumer,2025-05-16
2324,Justin,Patterson,OR,Consumer,2023-06-19
2325,David,Lindsey,PW,Consumer,2025-03-06
2326,Kelly,Gonzalez,WI,VIP,2025-06-23
2327,Matthew,Austin,MI,Consumer,2024-12-06
2328,Ricardo,Reed,SC,Consumer,2022-04-02
2329,Sheila,Harris,PW,Consumer,2023-09-05
2330,Janet,Chan,MT,Consumer,2023-08-03
2331,Kathleen,Davenport,OK,Business,2024-04-09
2332,Cassandra,Cardenas,GU,Business,2023-07-07
2333,Dawn,Richardson,SD,Business,2024-01-22
2334,Kristin,Rodriguez,KS,Consumer,2024-04-16
2335,Tyler,Miller,IA,VIP,2026-08-12
2336,Neil,Blair,VI,Consumer,2024-06-26
2337,Shawn,Baker,SC,Consumer,2026-06-04
2338,Wendy,Rose,GA,Consumer,2025-09-24
2339,Ronald,Fleming,WA,Consumer,2024-02-15
2340,Melissa,Payne,AL,Consumer,2023-08-25
2341,Maria,Johnson,MO,Consumer,2024-06-21
2342,Scott,Bradshaw,OR,Business,2022-11-26
2343,Johnny,Gonzalez,MT,Consumer,2022-06-02
2344,Richard,Simpson,ID,Consumer,2022-09-01
2345,Antonio,Knox,AZ,Business,2023-10-15
2346,Virginia,Montoya,MT,Consumer,2026-01-05
2347,Brandon,Morris,MO,Consumer,2022-06-01
2348,Chelsea,Thompson,LA,Consumer,2025-04-12
2349,Tyler,Brown,CT,VIP,2026-01-08
2350,Thomas,Logan,GA,Business,2024-01-12
2351,Alisha,Gomez,NH,VIP,2026-06-27
2352,Rachael,Adkins,UT,Consumer,2023-10-29
2353,Tina,Conner,WY,Consumer,2025-04-30
2354,Gabriel,Harper,NH,Business,2024-02-03
2355,Joshua,Leblanc,RI,Business,2023-12-09
2356,Bradley,Davies,MN,Consumer,2023-08-22
2357,Jeremy,Richards,GU,Consumer,2026-04-13
2358,Chad,Hunt,OK,Consumer,2025-03-30
2359,Hector,Joyce,DC,Business,2024-09-12
2360,Erica,Richardson,MA,Consumer,2026-08-02
2361,Johnny,Diaz,WY,Consumer,2026-02-09
2362,Michelle,Washington,ID,Consumer,2022-01-17
2363,Steven,Pope,AK,VIP,2024-02-13
2364,Sean,Johnson,LA,Business,2024-01-06
2365,Marcus,Klein,NJ,Consumer,2022-01-20
2366,Amy,Farrell,OH,Consumer,2026-02-10
2367,Molly,Stokes,MA,Business,2022-07-28
2368,Nathan,Adams,NJ,Consumer,2023-01-03
2369,William,Ward,FL,Consumer,2021-11-08
2370,Todd,Moses,PW,Consumer,2024-04-05
2371,Angela,Cline,PA,Consumer,2026-08-30
2372,Julie,Hall,MT,Consumer,2022-12-24
2373,Rebecca,Conrad,PW,Consumer,2023-01-30
2374,Zachary,Hahn,NH,Business,2022-12-18
2375,Jessica,Taylor,OH,Business,2026-09-08
2376,Jeffrey,Sharp,NC,Business,2021-10-28
2377,William,Vasquez,LA,Consumer,2023-03-26
2378,Justin,Fernandez,NM,VIP,2024-12-16
2379,Vanessa,Hunt,AK,Business,2024-07-23
2380,Robert,Rodriguez,AZ,Business,2022-02-17
2381,Jesse,Novak,AZ,Business,2025-04-09
2382,Emily,Wells,VI,Consumer,2026-02-04
2383,Tyler,Hamilton,NC,VIP,2024-01-29
2384,Jeremy,Anderson,SD,Consumer,2022-12-01
2385,Steven,Smith,VT,Consumer,2024-11-01
2386,Brett,Thompson,IA,Business,2023-11-17
2387,David,Fleming,WV,Consumer,2023-07-11
2388,Richard,Cox,AK,Consumer,2023-09-30
2389,Michael,Ayala,WV,Consumer,2026-06-25
2390,Elizabeth,Stone,NH,Consumer,2023-11-04
2391,Greg,Mcintosh,NC,Consumer,2025-04-12
2392,Patricia,Flores,AK,Consumer,2022-02-08
2393,Jason,Schneider,PR,Consumer,2024-04-04
2394,Karen,Higgins,MH,Consumer,2024-07-08
2395,Heather,Brown,IL,Consumer,2026-02-09
2396,Yvette,Green,SC,Consumer,2026-06-25
2397,Nancy,Cervantes,PR,Consumer,2026-07-30
2398,David,Cline,KY,Consumer,2022-08-08
2399,Katherine,Jones,NY,Business,2023-09-13
2400,Monica,Smith,WI,Consumer,2026-02-03
2401,Joshua,Brooks,AK,Consumer,2021-10-30
2402,Jeanette,Christensen,ID,Consumer,2023-05-16
2403,Anthony,Wells,MH,Consumer,2023-12-19
2404,Sandra,Farmer,DE,Consumer,2023-10-03
2405,Charles,Hill,IA,Consumer,2023-04-15
2406,Brittany,Figueroa,ND,Consumer,2023-06-19
2407,Ashley,Rivera,NM,Consumer,2025-09-13
2408,Kurt,Gibson,DE,Business,2024-06-20
2409,Samantha,Cohen,OH,Consumer,2025-07-27
2410,Brooke,Cooper,MH,Consumer,2023-03-30
2411,Heidi,Reyes,DE,Consumer,2023-02-05
2412,Alan,Miller,NH,Consumer,2026-08-18
2413,Antonio,Edwards,IN,Consumer,2022-11-23
2414,Jessica,Chandler,ID,Consumer,2026-05-21
2415,Sue,Lopez,MH,Consumer,2022-04-20
2416,Michael,Carter,OH,Consumer,2025-10-26
2417,Sandra,Smith,IN,Business,2024-03-01
2418,Matthew,Madden,VT,Consumer,2024-03-09
2419,Janet,Walters,SD,Consumer,2022-04-10
2420,Linda,Washington,HI,Business,2024-08-30
2421,Alan,Miller,UT,Consumer,2026-05-12
2422,Gina,Carpenter,NV,Consumer,2023-07-01
2423,Catherine,Jones,IA,Consumer,2026-06-06
2424,James,Adams,OK,Consumer,2022-12-10
2425,Kenneth,Hammond,MH,Consumer,2021-09-17
2426,William,Lowery,NJ,Business,2024-10-28
2427,John,Knight,MS,VIP,2024-11-09
2428,Christy,Barker,VA,Business,2023-07-04
2429,Donald,Harris,NV,Consumer,2022-03-10
2430,Keith,Roberts,TN,Consumer,2025-04-13
2431,Jamie,Matthews,IA,Consumer,2023-12-17
2432,Sara,Kramer,MO,VIP,2022-03-19
2433,Richard,Velasquez,MT,Consumer,2023-05-09
2434,Jose,Simpson,NY,Consumer,2024-12-06
2435,Emily,Mcguire,PW,Consumer,2026-01-10
2436,Juan,Tran,SD,Business,2023-10-02
2437,Samantha,Melendez,DE,Consumer,2026-01-06
2438,Jason,Norton,NY,Consumer,2022-09-03
2439,James,Walters,LA,Business,2022-05-02
2440,Valerie,Moore,SC,Consumer,2024-08-26
2441,Michael,Huber,WI,VIP,2025-01-29
2442,Mike,Bauer,DE,Consumer,2024-03-03
2443,Andrew,Taylor,GA,Business,2024-08-25
2444,Joshua,Moss,DE,VIP,2023-07-30
2445,Tracy,Blair,PW,Consumer,2024-08-03
2446,Ralph,Cook,MA,Consumer,2024-05-10
2447,Jonathan,James,NC,Consumer,2026-03-28
2448,Michael,Williams,AZ,Consumer,2022-10-05
2449,Matthew,Duran,ID,Consumer,2026-03-01
2450,Christopher,King,ND,Business,2025-08-27
2451,Michelle,Cabrera,OR,Consumer,2024-09-13
2452,James,Dorsey,AR,Consumer,2026-03-24
2453,Justin,Perry,IA,Business,2022-11-07
2454,Eric,Huber,MN,Consumer,2026-07-25
2455,Lawrence,Lindsey,MH,Consumer,2021-10-18
2456,Julie,Lutz,PR,Consumer,2022-07-17
2457,Donald,Shields,IL,Consumer,2022-01-12
2458,Billy,Johnson,WI,Consumer,2026-08-15
2459,Cheryl,Morris,KY,Business,2021-10-04
2460,Laurie,Wright,NE,Consumer,2022-06-13
2461,Gary,Neal,MH,Business,2023-11-23
2462,Sherri,Horton,IA,Consumer,2024-02-12
2463,Deanna,Mcdonald,AS,Business,2023-10-16
2464,Joshua,Rasmussen,PR,Consumer,2021-12-15
2465,Hannah,Ford,NH,Consumer,2024-02-17
2466,Krystal,Hess,MI,Consumer,2025-06-27
2467,Lisa,Gonzalez,MD,Consumer,2026-02-28
2468,Melanie,Shaw,PW,Consumer,2024-09-22
2469,Mark,Fletcher,ID,Business,2024-11-15
2470,Charles,Singh,VI,Consumer,2025-06-27
2471,Steven,Walsh,KY,Business,2024-12-15
2472,Jennifer,Johnson,OH,Consumer,2024-11-09
2473,Wanda,Day,NY,Consumer,2023-08-28
2474,Michael,Ryan,MS,Consumer,2026-08-27
2475,Amy,Gonzalez,OR,Consumer,2024-02-25
2476,Stephanie,Fisher,GA,Consumer,2022-04-02
2477,Adrian,Marks,FM,Business,2023-07-27
2478,Gregory,Martin,TX,Consumer,2025-05-28
2479,Michael,Williamson,NC,Consumer,2024-11-08
2480,Elizabeth,Williams,OR,Consumer,2024-12-07
2481,Daniel,Rivers,AS,Business,2021-10-27
2482,Barbara,Smith,SC,Consumer,2025-10-08
2483,Stephen,Conner,ID,Business,2024-08-15
2484,Nicole,Gonzales,WI,Consumer,2025-08-31
2485,Michael,Williams,IN,Consumer,2023-11-10
2486,Kara,Williams,FM,Consumer,2023-08-28
2487,Hannah,Garcia,CT,Consumer,2022-08-13
2488,Nicole,Proctor,NY,Business,2022-03-03
2489,Ellen,Bennett,MS,Business,2026-07-21
2490,Michael,Callahan,AL,Consumer,2026-07-29
2491,Amanda,Richardson,IN,Consumer,2022-08-29
2492,Derek,Rogers,ID,Consumer,2026-01-18
2493,April,King,MI,VIP,2026-07-16
2494,David,Jones,HI,VIP,2023-11-27
2495,Amy,Freeman,ME,Consumer,2024-11-28
2496,Mark,Schneider,KS,Consumer,2021-09-30
2497,Logan,Johnson,FL,Business,2025-07-23
2498,Rebecca,Thompson,TN,Consumer,2024-06-09
2499,Jeffrey,Ferguson,MN,Consumer,2024-06-14
2500,David,Hunter,DC,Consumer,2022-06-18
2501,David,Hurley,FL,Business,2023-03-28
2502,Tyler,Anderson,NV,Consumer,2026-06-16
2503,Brandy,Rios,MH,VIP,2023-03-20
2504,Veronica,Holt,MO,Consumer,2024-02-15
2505,Christopher,Ruiz,OH,Consumer,2023-03-20
2506,Matthew,Allen,MA,Consumer,2022-06-06
2507,Vincent,Williams,AZ,Consumer,2025-05-17
2508,Tyler,Haynes,IA,VIP,2022-08-04
2509,David,Schroeder,AL,VIP,2022-07-20
2510,Tyler,Townsend,OR,Business,2025-06-17
2511,Thomas,Williams,WA,Consumer,2025-01-27
2512,Andrea,Jordan,AS,Business,2024-11-23
2513,Madeline,Howard,GA,Business,2022-10-20
2514,Kayla,Ayers,HI,Business,2022-01-25
2515,Sean,Cowan,NC,Consumer,2024-03-14
2516,Rebecca,Baker,PW,Consumer,2025-04-21
2517,Brenda,Mayer,OH,Consumer,2023-03-19
2518,Logan,Gonzalez,DC,Consumer,2025-06-03
2519,James,Nielsen,OR,Business,2026-01-14
2520,David,Barry,WV,Business,2025-04-02
2521,Kevin,Manning,HI,Business,2023-12-21
2522,Peter,Knox,IL,Business,2025-03-06
2523,Heather,Fisher,IL,Consumer,2024-10-26
2524,Lori,Bell,AK,Consumer,2023-09-20
2525,Caleb,Perez,NJ,Consumer,2025-12-17
2526,Amanda,Peterson,LA,Business,2024-01-12
2527,Carl,Bullock,AL,Consumer,2026-09-05
2528,James,Munoz,SC,Consumer,2025-08-13
2529,Amy,Avila,NJ,Consumer,2025-12-07
2530,Amy,Kelly,VT,Consumer,2026-07-28
2531,Kathy,George,MA,Business,2026-05-16
2532,Kristin,Browning,WA,Consumer,2023-08-20
2533,Haley,Thompson,OR,Consumer,2026-01-17
2534,Christopher,Hill,MT,Business,2026-04-19
2535,Laura,Cline,IN,Business,2025-09-11
2536,Jesse,Kelley,MI,Business,2022-11-07
2537,Steven,Thomas,HI,Consumer,2026-03-14
2538,Kelsey,Arias,KS,Consumer,2026-01-02
2539,Matthew,Johnson,WY,Consumer,2025-06-06
2540,Timothy,Hall,AL,Consumer,2024-04-20
2541,Nicole,Flynn,MN,Business,2022-08-05
2542,Yvette,Blackburn,AK,Consumer,2024-12-21
2543,Andrea,Zamora,GU,Business,2023-03-22
2544,Jeffery,Mendoza,NC,Consumer,2025-05-21
2545,Rebecca,Jenkins,GA,Consumer,2022-08-31
2546,Amy,Gonzalez,KS,Consumer,2023-07-25
2547,Dorothy,May,NC,Consumer,2023-09-24
2548,Susan,Smith,DE,Business,2022-01-14
2549,Nathan,Smith,MP,Business,2023-07-13
2550,Jeanne,Stephens,TX,Consumer,2023-11-28
2551,Scott,Finley,KS,Consumer,2025-07-05
2552,Tammy,Larson,NE,Consumer,2025-04-13
2553,Benjamin,Bennett,MA,Consumer,2023-12-22
2554,Maria,Cooper,TN,Consumer,2022-12-25
2555,Tyler,Daniels,TX,Consumer,2022-11-13
2556,Anthony,Clark,VT,Consumer,2024-12-28
2557,Anthony,Brown,NC,Consumer,2022-08-14
2558,Jose,Pacheco,ND,Consumer,2024-11-22
2559,Zachary,Savage,DE,Consumer,2023-04-13
2560,Stephanie,Newman,IA,Consumer,2023-12-23
2561,Susan,Greene,KS,Consumer,2024-02-11
2562,Hannah,Bryan,VT,Consumer,2025-10-26
2563,Carl,Garcia,GU,Consumer,2025-02-25
2564,Daniel,Golden,DC,Consumer,2023-08-08
2565,Jessica,Brown,RI,VIP,2023-08-30
2566,Angela,Bradshaw,MP,Business,2023-06-02
2567,Heather,Hayes,FM,Consumer,2025-08-14
2568,Bryan,Sanders,AS,Consumer,2023-11-29
2569,Karen,Wilcox,NE,Consumer,2022-11-04
2570,David,Poole,WV,Consumer,2024-07-10
2571,Robert,Burns,HI,Consumer,2021-09-15
2572,John,Sanders,SD,Consumer,2024-07-12
2573,Terry,Campbell,TN,Business,2026-07-09
2574,Jonathan,Mendez,NM,Consumer,2022-11-28
2575,Rachel,Lam,ID,Consumer,2024-03-06
2576,Daniel,Webster,WY,Business,2026-05-17
2577,Bryan,Johnson,NM,Consumer,2022-06-24
2578,Mary,Cox,MS,Consumer,2025-09-28
2579,Crystal,Short,KS,Business,2022-10-21
2580,Edward,Schneider,PA,Consumer,2025-01-01
2581,Jessica,Small,VA,Consumer,2022-05-12
2582,Kristina,Mason,FM,Consumer,2022-09-15
2583,Kaitlin,Morris,UT,Consumer,2021-12-03
2584,Terri,Cortez,TX,Business,2025-03-04
2585,Pamela,Castillo,GU,Consumer,2023-01-10
2586,Hunter,Freeman,KS,Business,2021-09-20
2587,Sandra,Coleman,NH,Consumer,2025-05-10
2588,Paul,Fields,MS,VIP,2026-07-03
2589,Juan,King,NY,Consumer,2025-07-30
2590,Joanna,Gilbert,DE,Consumer,2023-08-04
2591,Doris,Harris,GU,Consumer,2026-08-05
2592,Maurice,Davis,WV,Business,2022-05-24
2593,Steven,Hall,MI,VIP,2024-09-04
2594,Karen,Dominguez,SD,Business,2025-11-18
2595,Bryan,Smith,VI,Consumer,2024-03-14
2596,Samantha,Shah,MS,Consumer,2022-05-28
2597,Jason,Henson,WI,Consumer,2025-10-02
2598,Gary,Donovan,NM,Business,2026-07-29
2599,Barry,Roach,HI,Consumer,2023-10-06
2600,Allen,Brown,LA,Consumer,2023-03-31
2601,Chelsea,Cooper,NH,Business,2025-06-05
2602,Melissa,Haas,CT,Consumer,2026-02-21
2603,Brian,Chen,AK,Consumer,2021-10-22
2604,Marissa,Thompson,FL,Consumer,2021-11-01
2605,Ashley,Black,GA,Consumer,2023-05-20
2606,Crystal,Evans,MO,Consumer,2022-04-10
2607,Kristina,Harris,IA,Consumer,2025-05-11
2608,Stacy,Archer,VI,Business,2025-09-26
2609,Erin,Torres,OR,Consumer,2024-11-25
2610,Cristian,Lee,VI,Consumer,2024-07-31
2611,Steven,Li,PA,Consumer,2024-05-13
2612,Brandon,Miller,WA,Consumer,2023-09-30
2613,Becky,Rivera,PR,Business,2025-07-14
2614,Sharon,Franklin,AR,Consumer,2024-08-08
2615,Amanda,Bowers,ID,Consumer,2024-11-29
2616,Dawn,Lewis,RI,Consumer,2023-02-22
2617,Rodney,Bennett,WA,Consumer,2024-03-16
2618,Erica,Wood,NJ,Consumer,2025-11-03
2619,Patricia,Ramos,CT,Consumer,2024-11-22
2620,Austin,Delgado,NV,Consumer,2025-12-18
2621,Jose,Diaz,AR,Business,2021-09-30
2622,Deborah,Summers,MT,VIP,2024-02-15
2623,Gregory,Young,MT,Consumer,2023-02-12
2624,Kristen,Moran,ND,Business,2023-06-13
2625,Jenny,Hughes,MT,Consumer,2023-11-19
2626,Corey,Anderson,MD,Consumer,2024-04-03
2627,Alyssa,Sweeney,FL,Consumer,2021-10-07
2628,Colleen,Parker,MT,Consumer,2026-01-06
2629,Kelli,Allen,NC,Consumer,2022-08-04
2630,Roberto,Murphy,HI,Consumer,2024-11-18
2631,Mary,Brown,SD,Consumer,2025-03-07
2632,Kim,Harris,NY,Consumer,2022-07-12
2633,Michael,Jones,IL,Consumer,2024-01-28
2634,Felicia,Edwards,AK,Business,2022-04-30
2635,Dennis,Burch,SC,Consumer,2022-08-18
2636,Ashley,Kidd,AK,Consumer,2025-03-08
2637,Anthony,Brown,IL,Consumer,2025-06-08
2638,Lisa,Wright,FL,Consumer,2021-11-10
2639,David,Berger,PR,Consumer,2021-10-06
2640,Katherine,Powell,MD,Consumer,2026-08-18
2641,Robert,Jones,ID,Consumer,2023-03-03
2642,Jennifer,Sullivan,DC,Consumer,2022-12-11
2643,Christopher,Crawford,WI,Consumer,2023-07-13
2644,Gloria,Cameron,SC,Consumer,2021-10-20
2645,Stephen,Singh,PR,Consumer,2024-05-15
2646,Sarah,Scott,CO,Business,2024-01-14
2647,Rebekah,Grant,KS,Consumer,2025-07-03
2648,Robert,Smith,KS,Consumer,2021-11-12
2649,Erik,Bush,MD,Consumer,2023-08-04
2650,Frank,Henson,ME,Consumer,2022-03-02
2651,Michael,Phelps,AS,Consumer,2025-04-26
2652,Mary,Hicks,VA,Consumer,2025-09-06
2653,Jose,Miller,NM,Business,2022-11-12
2654,Kevin,Snow,MT,VIP,2026-02-20
2655,Michael,Valdez,DC,Consumer,2024-05-29
2656,Toni,Jackson,HI,Consumer,2025-02-05
2657,Mary,Hoffman,DE,Consumer,2025-05-22
2658,Blake,Larson,NY,Consumer,2025-07-26
2659,Jacob,Lopez,OR,Consumer,2023-12-29
2660,Kimberly,Hamilton,NE,Consumer,2026-08-12
2661,Jeremy,Brown,WI,Consumer,2026-05-24
2662,Joseph,Bennett,CA,Consumer,2021-12-11
2663,Paul,Elliott,DE,Business,2023-11-17
2664,Trevor,Perez,RI,Consumer,2023-03-26
2665,Amber,Smith,MP,Business,2024-06-23
2666,Nicholas,Coleman,ME,VIP,2025-11-27
2667,Nicole,Roberts,LA,Consumer,2024-01-28
2668,Patrick,Green,NE,Business,2025-05-18
2669,Donald,Griffin,DE,Business,2023-11-17
2670,Kristina,Simpson,WA,Consumer,2022-02-02
2671,Deanna,Nelson,FM,Consumer,2023-02-01
2672,Sharon,Rivas,HI,Consumer,2025-05-29
2673,Larry,Klein,KY,Consumer,2022-03-25
2674,Stephanie,Rodriguez,AK,Consumer,2021-10-08
2675,Mary,Chase,MS,VIP,2023-05-06
2676,Maria,Taylor,KS,Consumer,2023-09-30
2677,Jessica,Jackson,CO,Consumer,2022-03-28
2678,John,Bradley,VT,Business,2022-12-14
2679,Brenda,Barnes,WV,Consumer,2022-09-02
2680,Heather,Murphy,WY,Consumer,2025-07-01
2681,Lisa,Brown,OK,Consumer,2022-03-03
2682,William,Lawson,GU,Consumer,2022-12-01
2683,Lisa,Hayes,MH,Business,2021-12-28
2684,Albert,Adams,MN,Consumer,2024-06-22
2685,Anthony,Decker,AK,Consumer,2024-07-06
2686,Marcus,Boyd,GU,Business,2023-08-04
2687,Kenneth,George,TN,Consumer,2025-08-23
2688,Kelly,Mata,MO,Consumer,2022-07-07
2689,Joy,Dunn,OK,Consumer,2021-12-31
2690,Aaron,Gonzalez,KS,Business,2025-11-05
2691,Judith,Green,NY,Business,2023-01-16
2692,Angela,Pratt,FL,Consumer,2023-12-23
2693,David,Hoffman,MO,Consumer,2026-04-26
2694,Debra,Rosario,WA,Business,2025-10-01
2695,William,Arroyo,GU,Consumer,2023-10-16
2696,Isabella,Richards,VT,Consumer,2024-05-03
2697,Heather,Young,VT,Consumer,2024-10-22
2698,Rebecca,Barker,SC,Business,2022-11-05
2699,Patrick,Gray,KS,Consumer,2022-07-25
2700,Steven,Herman,WY,Consumer,2022-05-17
2701,Ryan,Collins,MS,Consumer,2022-03-14
2702,Daisy,White,MS,Consumer,2026-07-21
2703,Douglas,Brown,UT,Consumer,2022-05-11
2704,Michael,Mack,VT,Consumer,2025-01-29
2705,Emily,Jones,NH,Consumer,2026-09-06
2706,Preston,Rivera,TN,Business,2023-03-08
2707,Julia,Gaines,NY,Consumer,2026-04-24
2708,Karen,Vance,WA,Consumer,2021-11-10
2709,Zachary,Ross,GA,Business,2023-04-21
2710,Larry,Hale,GA,VIP,2022-03-05
2711,Matthew,Nguyen,DE,Consumer,2023-09-24
2712,Denise,Martin,OR,Consumer,2025-07-17
2713,Charles,Terry,NE,Consumer,2021-11-29
2714,Matthew,Lewis,NY,Consumer,2025-04-21
2715,Lindsey,Smith,DE,Business,2026-08-01
2716,Daniel,Cervantes,IN,Consumer,2025-05-11
2717,Steven,Robertson,NM,Consumer,2023-07-15
2718,Chelsea,Guzman,WI,Consumer,2021-12-25
2719,Deanna,Gomez,FM,Consumer,2021-09-16
2720,Linda,Thomas,MP,Consumer,2024-09-20
2721,Antonio,Mccoy,AZ,Consumer,2023-06-26
2722,Henry,Weeks,ME,Consumer,2025-06-26
2723,Timothy,Reynolds,NV,Consumer,2024-05-07
2724,Sandra,Perez,GA,Consumer,2023-08-04
2725,Dominique,Bryan,CT,Consumer,2023-03-22
2726,Brenda,Odonnell,MT,Consumer,2024-06-30
2727,Michelle,Baker,NV,Business,2023-05-02
2728,Jill,Nelson,CO,Consumer,2024-10-05
2729,Derek,Snyder,ME,Business,2021-11-12
2730,Colleen,Rosales,ND,Consumer,2024-09-09
2731,Olivia,Reed,WI,Consumer,2024-05-10
2732,Adam,Cook,FL,Consumer,2025-06-11
2733,Kurt,Sanchez,DC,VIP,2025-10-21
2734,April,Brewer,RI,Consumer,2022-09-08
2735,Brandon,Martinez,MT,VIP,2024-08-05
2736,Dylan,Jimenez,VI,VIP,2026-04-15
2737,Sabrina,Humphrey,WV,Consumer,2022-05-23
2738,Carlos,Lewis,NJ,Consumer,2021-12-08
2739,Anthony,Oliver,SC,Consumer,2026-03-13
2740,Angel,Stevens,WA,Consumer,2022-12-18
2741,Gary,Gonzalez,CA,Consumer,2022-06-15
2742,Aaron,Walters,NE,Consumer,2026-01-03
2743,Susan,Brewer,ND,Consumer,2021-12-06
2744,Michael,Williams,ND,Business,2026-04-07
2745,Melissa,Smith,MO,Consumer,2025-12-11
2746,Elizabeth,Johnson,LA,Consumer,2021-11-01
2747,Billy,Faulkner,VT,Consumer,2026-01-11
2748,Kristina,Payne,CO,Consumer,2026-08-01
2749,Brian,Banks,GU,Consumer,2026-06-01
2750,Stephanie,Hurst,MS,Consumer,2024-11-21
2751,Jennifer,Pennington,IN,Business,2025-04-27
2752,Jose,Schultz,WV,Consumer,2024-03-24
2753,Amber,Cole,SD,Consumer,2025-08-09
2754,Frank,Roberts,IL,Consumer,2024-04-03
2755,Cynthia,Marshall,DE,Consumer,2025-08-10
2756,Terrence,Crawford,CA,Consumer,2025-11-16
2757,Teresa,Smith,GU,Consumer,2022-04-02
2758,Felicia,Russell,KS,Consumer,2024-12-20
2759,Christine,Jenkins,AS,Consumer,2026-07-28
2760,Zachary,Lucas,IA,Consumer,2022-03-26
2761,Kimberly,Thomas,CT,Consumer,2024-10-22
2762,David,Alexander,WV,Consumer,2023-08-08
2763,Juan,Cabrera,VT,Business,2026-03-03
2764,Bobby,Anderson,AZ,Consumer,2026-07-02
2765,Cheryl,Stanley,MP,Consumer,2022-01-16
2766,Andrew,Pierce,MA,Business,2023-03-05
2767,Ashley,Romero,MO,Consumer,2022-08-29
2768,Andrew,Mcknight,UT,Business,2023-07-12
2769,Theresa,Wright,ME,Consumer,2025-06-02
2770,Meagan,May,FM,Consumer,2025-08-30
2771,Michael,Poole,CO,Business,2025-07-02
2772,Kevin,Stevens,MT,Consumer,2023-06-19
2773,Jonathan,Simmons,CT,Consumer,2023-02-28
2774,Mary,Cooper,MN,Business,2025-08-08
2775,Charles,Carey,MT,Consumer,2024-04-25
2776,Tara,Scott,ME,Business,2025-05-12
2777,Brandon,Rodriguez,MH,Business,2025-05-17
2778,Sharon,Obrien,NC,Business,2026-08-19
2779,Lori,Adams,SD,Business,2023-03-23
2780,Timothy,Berry,MA,Consumer,2026-09-01
2781,Michelle,Mitchell,VA,Business,2025-09-04
2782,Elizabeth,Roach,CT,Consumer,2024-11-30
2783,Tyler,Wong,FM,Consumer,2025-07-29
2784,Ethan,Wolfe,FL,VIP,2024-12-09
2785,Joshua,Thompson,HI,Consumer,2022-06-25
2786,Bridget,Carrillo,PW,Consumer,2025-12-02
2787,David,Davis,GA,Consumer,2023-05-31
2788,Sandra,Gomez,VI,Consumer,2026-07-08
2789,Joseph,Frost,AS,Consumer,2025-02-15
2790,Diana,Edwards,MP,Consumer,2026-05-25
2791,Angela,Yates,IA,Consumer,2025-04-29
2792,Ryan,Martin,SC,Consumer,2025-03-25
2793,Noah,Hill,FL,VIP,2026-07-10
2794,Philip,Gutierrez,OK,Consumer,2023-05-04
2795,Michael,Carpenter,VT,Business,2021-10-30
2796,Antonio,Mccarthy,ME,Consumer,2025-12-12
2797,Antonio,Wang,CA,Consumer,2025-01-10
2798,Heather,Diaz,KY,Business,2023-05-21
2799,Robert,Wilson,OK,Consumer,2024-06-13
2800,Crystal,Sanchez,AS,Consumer,2024-06-27
2801,Dustin,Wilson,WY,Consumer,2022-06-30
2802,Nicole,Potter,MI,Consumer,2024-08-04
2803,Jesse,Cooke,GU,Consumer,2026-03-27
2804,Brandon,Newman,MT,Consumer,2022-02-16
2805,Linda,Wyatt,WI,Consumer,2023-07-26
2806,David,Avila,FM,Consumer,2023-07-18
2807,David,Tanner,MS,Business,2026-01-11
2808,Nicholas,Mann,AZ,VIP,2023-12-28
2809,Sydney,Adams,WY,Consumer,2022-08-28
2810,Sharon,Pacheco,MO,Consumer,2025-08-16
2811,Sarah,Vaughan,MO,Consumer,2026-04-05
2812,Monica,Bryant,PA,Consumer,2023-03-05
2813,William,Baker,AR,Consumer,2024-07-27
2814,Jeffrey,Brown,MT,Consumer,2025-03-10
2815,John,Castillo,SC,Consumer,2025-11-02
2816,Melissa,Cox,PA,VIP,2024-01-12
2817,Maria,Vazquez,MS,Consumer,2025-09-22
2818,Douglas,Stafford,SD,Business,2024-09-15
2819,Natalie,Ross,TX,Consumer,2025-03-26
2820,Joshua,Snyder,UT,Consumer,2026-04-08
2821,Trevor,Middleton,SC,Consumer,2022-06-29
2822,Allison,Jackson,MN,Consumer,2025-01-29
2823,Johnathan,Snyder,PW,Consumer,2026-02-14
2824,Brian,Jones,NJ,Consumer,2021-12-21
2825,Taylor,Martin,AL,Consumer,2024-09-24
2826,Brandi,Rios,CT,Consumer,2022-09-20
2827,Julie,Moore,NY,VIP,2022-01-26
2828,Cassandra,Garcia,ND,Consumer,2023-05-16
2829,Karen,Ali,RI,Consumer,2025-11-05
2830,Jessica,Wright,MT,Business,2023-08-14
2831,Robert,Lopez,VA,Consumer,2023-07-26
2832,Mitchell,Smith,TX,VIP,2024-06-12
2833,Beth,Pham,AZ,Consumer,2023-03-29
2834,Megan,Flores,PR,Consumer,2021-12-18
2835,Caleb,Gutierrez,CO,Business,2022-02-17
2836,Matthew,Taylor,AK,Business,2025-02-27
2837,Brian,Torres,UT,Consumer,2023-08-25
2838,Elizabeth,Taylor,MP,Consumer,2023-10-18
2839,Kyle,Jones,ID,Business,2025-06-07
2840,Alyssa,Montgomery,MN,Consumer,2023-10-06
2841,Andrew,Bowers,GU,Consumer,2022-09-13
2842,Tyler,Miller,MI,Consumer,2025-06-27
2843,Charlotte,Smith,CA,Consumer,2025-03-30
2844,Charles,Carlson,MI,Consumer,2023-08-08
2845,Patricia,Marshall,FM,Consumer,2025-09-09
2846,Tami,James,UT,Consumer,2022-02-28
2847,Nancy,Holmes,NY,Consumer,2025-03-21
2848,Patricia,Thomas,NJ,Business,2026-03-26
2849,Kimberly,Montoya,VI,Consumer,2022-12-25
2850,Barbara,Miller,DE,Consumer,2026-03-05
2851,Kim,Clark,PR,Business,2023-06-19
2852,Zachary,Weeks,NJ,Business,2023-02-09
2853,Donna,Stephenson,CA,Business,2022-12-06
2854,Samuel,Bernard,DC,Business,2024-10-02
2855,Samuel,Edwards,MH,Consumer,2022-04-08
2856,Dustin,Wells,IA,Business,2021-10-21
2857,Juan,Curtis,WY,Consumer,2022-04-08
2858,Matthew,Waters,KS,Business,2026-08-13
2859,Alexa,Harvey,GU,Business,2025-11-04
2860,Mary,Wilson,DC,Consumer,2025-01-13
2861,Kyle,Benson,MA,Consumer,2026-07-21
2862,Wendy,Glover,MD,Consumer,2023-02-16
2863,Nicole,Duffy,PR,Consumer,2024-06-27
2864,Matthew,Shah,PA,Business,2021-11-13
2865,Sheri,Gibbs,WA,Consumer,2022-11-04
2866,Jillian,Williams,UT,Consumer,2024-09-24
2867,Jermaine,Vaughn,NM,Consumer,2022-02-20
2868,Donna,Wilson,DC,Consumer,2022-11-20
2869,Allen,Blair,CO,Business,2022-03-04
2870,Melinda,Stewart,AK,Consumer,2024-01-17
2871,Jennifer,Simmons,NC,Consumer,2025-02-02
2872,Antonio,Stewart,NV,Consumer,2024-05-09
2873,Melissa,Alvarez,NH,Consumer,2022-12-02
2874,Carla,Brown,MI,Consumer,2023-04-06
2875,Lisa,Roberts,MA,Consumer,2023-09-15
2876,Trevor,Espinoza,MI,Consumer,2026-06-12
2877,Mariah,Lyons,WI,Consumer,2021-10-04
2878,Deanna,Blankenship,GU,Consumer,2025-06-10
2879,Emily,Barron,ND,Consumer,2024-06-05
2880,Lisa,Rush,MO,Business,2024-03-07
2881,Robert,Roy,NC,Consumer,2023-06-30
2882,Denise,Howard,DC,Consumer,2024-10-11
2883,Nicholas,Greene,CO,Consumer,2024-05-22
2884,Cory,Harvey,CA,Consumer,2021-11-01
2885,Michael,Garrison,FL,Consumer,2024-01-18
2886,George,Ryan,PR,Business,2024-05-20
2887,Jason,Grimes,KY,Consumer,2022-10-05
2888,Joseph,White,ID,Consumer,2023-04-18
2889,Eric,Suarez,CT,Consumer,2026-09-05
2890,Crystal,Reynolds,MP,Consumer,2023-08-21
2891,Peter,Gonzales,MI,Consumer,2022-08-16
2892,James,Gentry,FM,Consumer,2024-12-15
2893,Phyllis,Ayers,KS,Consumer,2024-01-18
2894,Brandon,Crane,MS,Business,2025-05-21
2895,Jason,Haley,NM,Consumer,2023-09-12
2896,Gina,Sherman,ME,Consumer,2022-03-06
2897,Joseph,Cunningham,IN,Consumer,2023-10-25
2898,David,Smith,VA,Consumer,2023-02-27
2899,Sarah,Myers,DE,Consumer,2026-08-01
2900,Nathan,Allen,FM,Consumer,2022-07-20
2901,Caroline,Edwards,MO,Business,2022-10-19
2902,Vickie,Ryan,TN,Business,2023-04-20
2903,Brandy,Bright,MD,Consumer,2025-08-31
2904,Rachel,Parker,NY,Consumer,2021-10-11
2905,Clarence,Owens,MI,Consumer,2026-08-23
2906,James,Phillips,OK,Consumer,2026-02-01
2907,Julian,Kaiser,MO,Business,2023-02-26
2908,Stephen,Walls,IL,Business,2023-09-30
2909,James,Hancock,ND,Consumer,2023-11-16
2910,Joshua,Vazquez,AK,Consumer,2026-05-07
2911,Joy,Rosales,VT,Consumer,2024-05-03
2912,Michael,Gardner,AK,Consumer,2024-02-25
2913,Angela,Robertson,RI,Consumer,2022-03-15
2914,Timothy,Jenkins,DE,Consumer,2024-04-18
2915,Frederick,Fuller,CA,Consumer,2021-12-15
2916,Douglas,Galvan,TN,Consumer,2025-03-02
2917,Douglas,Parker,WV,Consumer,2023-10-05
2918,Kelli,Thompson,NH,Consumer,2026-01-29
2919,Hannah,Martinez,MD,Consumer,2021-10-28
2920,Luke,Jackson,IN,Consumer,2024-03-19
2921,Michael,Brown,AR,Consumer,2022-07-06
2922,Andrew,Caldwell,SC,Consumer,2024-08-22
2923,Eric,Taylor,FM,Business,2022-06-20
2924,Danielle,Munoz,OK,Business,2023-07-30
2925,Adam,Rodriguez,PR,Consumer,2022-06-17
2926,Kristina,Watson,IA,Consumer,2023-02-26
2927,Shannon,Mendoza,WV,Consumer,2023-10-13
2928,Timothy,Roberts,PW,Business,2024-10-29
2929,Jessica,Chang,NM,Business,2025-11-30
2930,Ryan,Oneill,AR,Consumer,2024-01-30
2931,Harold,Banks,AS,Consumer,2021-09-26
2932,Alexandra,Matthews,MT,Consumer,2023-02-06
2933,Tracy,Perez,PW,Consumer,2022-12-03
2934,Elizabeth,Best,NH,Business,2021-11-03
2935,Amy,Thompson,FM,Consumer,2025-09-16
2936,Brenda,Green,NH,Business,2026-09-09
2937,Joshua,Anthony,CO,Consumer,2024-11-24
2938,Susan,Kennedy,MD,Business,2025-07-13
2939,Sydney,Parker,PA,Consumer,2022-10-07
2940,Thomas,Mullins,UT,Consumer,2026-04-21
2941,James,Thompson,KS,Consumer,2025-10-24
2942,Charles,Miller,AZ,Consumer,2022-01-10
2943,Alexander,Kim,TN,Consumer,2021-10-21
2944,Sandra,Kirby,LA,Business,2022-04-24
2945,Joseph,Simon,WA,Consumer,2025-07-16
2946,Veronica,Davis,HI,Consumer,2024-07-14
2947,Erin,Ayala,OR,Consumer,2024-10-18
2948,Matthew,Khan,MA,Consumer,2024-09-29
2949,Samantha,Ramirez,PW,Consumer,2026-04-20
2950,Natalie,Obrien,VT,Consumer,2024-12-02
2951,John,Fuller,MN,Consumer,2023-04-18
2952,Jessica,Fernandez,TX,Consumer,2026-07-20
2953,Gina,Myers,NC,Consumer,2025-06-08
2954,Cesar,Livingston,AK,Consumer,2024-06-04
2955,Stephanie,Hill,VA,Consumer,2021-10-30
2956,Jesse,Bentley,LA,Business,2026-06-03
2957,Eric,Perez,MT,Business,2023-04-13
2958,Dawn,Jordan,DE,Business,2025-09-23
2959,Adrian,Bowers,AZ,Consumer,2023-05-28
2960,Brandy,Miller,FL,Consumer,2025-03-06
2961,Henry,Sparks,NE,Consumer,2026-08-31
2962,Scott,Greene,ME,Consumer,2026-04-12
2963,Courtney,Ortiz,GA,Consumer,2022-05-12
2964,Amber,Harris,WI,Consumer,2023-02-07
2965,Lori,Webster,AS,Business,2023-12-21
2966,Abigail,Colon,NY,Consumer,2024-07-21
2967,Thomas,Blackburn,MD,Consumer,2024-01-03
2968,Jesse,Sutton,CO,Consumer,2022-09-25
2969,Crystal,Floyd,NY,Consumer,2026-04-04
2970,Vincent,Gray,AZ,Consumer,2024-12-24
2971,James,Rodriguez,WV,Consumer,2023-09-15
2972,David,Anderson,SC,Consumer,2025-03-18
2973,Jacqueline,Phillips,WV,Consumer,2025-10-21
2974,George,Garrett,MS,Consumer,2025-02-25
2975,Christopher,Kelly,OR,Consumer,2024-02-16
2976,Adam,Hodges,AS,Consumer,2022-01-10
2977,Stephanie,Smith,MS,Consumer,2022-12-24
2978,Alexandra,Cabrera,WI,Consumer,2025-11-22
2979,David,Gonzalez,VI,Consumer,2022-10-27
2980,Jennifer,Martin,MP,Consumer,2023-09-23
2981,Bernard,Clarke,LA,Business,2025-11-09
2982,Susan,Nguyen,PA,Consumer,2023-10-22
2983,Michael,Smith,VI,Consumer,2024-04-28
2984,Madison,Jones,ME,Consumer,2024-02-04
2985,Curtis,Carson,PA,Consumer,2025-05-01
2986,Melissa,Sloan,ND,Consumer,2021-12-25
2987,Teresa,Swanson,NJ,Business,2023-10-20
2988,Kyle,Bush,DE,VIP,2022-03-12
2989,Rebecca,Roth,SD,Consumer,2025-02-26
2990,Marc,Williams,ND,Consumer,2026-04-17
2991,Stephanie,Knapp,NC,Business,2022-11-29
2992,David,Howell,WY,Consumer,2024-09-23
2993,Chris,Cole,WV,Business,2023-09-20
2994,Jill,Robinson,MH,Consumer,2023-07-11
2995,Paul,Lewis,VA,Consumer,2025-12-19
2996,Christopher,Gardner,PA,Business,2021-11-11
2997,Randy,Perez,MD,Consumer,2022-09-22
2998,Gary,Cooper,AS,Business,2024-08-27
2999,Eric,Turner,OH,Consumer,2022-11-24
3000,Mark,Bartlett,NC,Consumer,2024-08-28
3001,Donald,Brown,MN,Business,2022-06-15
3002,Jacqueline,Castillo,AZ,Consumer,2025-04-30
3003,Lee,Hernandez,OK,Consumer,2025-10-19
3004,Stephanie,Wright,FL,Consumer,2025-03-19
3005,Cheryl,Nguyen,MD,Consumer,2022-10-06
3006,Michael,Daniels,CA,Consumer,2024-08-07
3007,Cheryl,Jackson,IA,Consumer,2022-08-11
3008,Sabrina,Thompson,ND,Consumer,2023-09-06
3009,Jennifer,Bryant,PW,Business,2024-09-22
3010,Tracy,Davis,OR,Consumer,2023-09-08
3011,Samuel,Hanson,AZ,Consumer,2024-09-20
3012,Daniel,Patterson,WI,Consumer,2022-01-23
3013,Gregory,Anderson,IA,Consumer,2024-02-12
3014,Lisa,Lucero,MT,Business,2025-11-28
3015,Gordon,Parrish,SD,Consumer,2025-11-17
3016,Jessica,Gill,IA,Consumer,2024-06-10
3017,Phyllis,Small,MI,Consumer,2026-07-13
3018,David,Moran,UT,Consumer,2026-03-23
3019,Christian,Watkins,GA,Consumer,2024-06-13
3020,Timothy,Jacobson,MH,Consumer,2023-02-22
3021,Aaron,Cherry,NM,Consumer,2022-06-09
3022,Susan,Ford,RI,Consumer,2023-03-29
3023,Jason,Brown,LA,Consumer,2024-04-10
3024,Tonya,Malone,AK,Business,2025-08-03
3025,Emily,Davis,NE,Consumer,2025-02-11
3026,Susan,Harris,NJ,Business,2021-12-01
3027,William,Escobar,TX,Consumer,2023-02-28
3028,Ashley,Wilson,WI,Consumer,2023-09-06
3029,Holly,Rodriguez,IA,Consumer,2026-01-01
3030,Kevin,Thomas,WI,Consumer,2023-11-18
3031,John,Ortiz,RI,Consumer,2025-11-10
3032,Richard,Richards,MP,Consumer,2026-03-10
3033,Ashley,Newton,MI,Consumer,2026-01-01
3034,Alisha,Butler,PR,Consumer,2023-12-07
3035,Karen,Powell,AK,Business,2022-02-03
3036,Kevin,Martin,IN,Business,2026-07-29
3037,Stephanie,Moody,TX,Consumer,2023-02-01
3038,Michaela,Morales,WA,Consumer,2024-09-17
3039,Renee,Williams,CO,Consumer,2025-12-23
3040,Cameron,Williamson,MN,Consumer,2023-12-11
3041,Todd,Anderson,PW,Consumer,2023-12-19
3042,Jared,Ware,NJ,Business,2026-01-01
3043,Donna,Montes,WI,Consumer,2026-08-31
3044,Kristina,Eaton,NH,VIP,2025-05-24
3045,Lisa,Taylor,RI,Business,2024-04-03
3046,Daisy,Carter,ND,Consumer,2026-03-03
3047,Derek,White,OR,Consumer,2024-11-03
3048,Tammy,Smith,IN,Consumer,2025-11-26
3049,Carlos,Evans,PA,Consumer,2023-01-08
3050,Christopher,Atkins,IA,Consumer,2025-01-12
3051,Tammy,Murray,PR,Consumer,2025-10-28
3052,Timothy,Mendoza,NM,Consumer,2024-08-25
3053,Nicole,Davis,WI,Business,2024-04-12
3054,Bryan,Garrison,AZ,Consumer,2024-03-28
3055,Tammy,Patton,NH,Consumer,2024-05-05
3056,David,Glenn,SD,Consumer,2025-03-11
3057,Melanie,Avila,LA,Consumer,2026-01-15
3058,Susan,Collins,NV,Consumer,2026-02-07
3059,Jennifer,Vega,OH,Consumer,2023-12-21
3060,Stacey,Delacruz,WA,Consumer,2026-02-23
3061,Jacqueline,Harding,MH,Consumer,2022-07-29
3062,Gina,Norman,NM,Business,2022-03-30
3063,Jeffrey,Luna,GU,Consumer,2022-11-04
3064,Jennifer,Lee,ID,Consumer,2024-07-25
3065,Glen,Nash,KY,Consumer,2025-04-07
3066,Felicia,Campos,GA,Consumer,2023-01-18
3067,Zachary,Ellis,HI,Consumer,2022-04-14
3068,Elizabeth,Hernandez,OR,Business,2024-09-17
3069,Nancy,Fischer,TX,Consumer,2023-09-18
3070,Anthony,Mcgee,VA,Consumer,2022-07-26
3071,Marc,Griffith,OR,Consumer,2025-11-02
3072,Brandi,Stone,MT,Consumer,2024-03-23
3073,Anna,Blackwell,WI,VIP,2025-02-15
3074,Janice,Miller,NE,Consumer,2022-01-10
3075,Ronald,Vasquez,VA,Business,2021-10-15
3076,Kristen,Reed,AZ,Consumer,2022-10-15
3077,Chad,Schmidt,WI,Consumer,2026-03-18
3078,Michelle,Smith,VT,Consumer,2024-11-24
3079,Terri,Ramsey,MS,Consumer,2021-11-05
3080,Corey,Gordon,PW,Consumer,2023-10-31
3081,Ashley,Lara,OK,Consumer,2023-06-06
3082,Ashley,Wood,KY,Consumer,2025-08-24
3083,Chelsea,Thompson,MI,VIP,2024-04-26
3084,Aaron,Pierce,KY,Consumer,2021-09-20
3085,Manuel,Nelson,NE,Consumer,2024-11-02
3086,Christina,Snyder,DE,Consumer,2022-10-30
3087,Andrea,Brown,MP,Consumer,2024-03-09
3088,Bobby,Gross,AL,Consumer,2022-11-24
3089,Kyle,Marquez,MH,Consumer,2022-12-23
3090,Zachary,Walker,OH,Consumer,2023-08-08
3091,Dustin,Phillips,NH,Consumer,2025-03-10
3092,Adam,Mccormick,IA,Business,2025-08-25
3093,Gregory,Medina,MI,Consumer,2023-08-09
3094,Adrian,Sullivan,KS,Consumer,2026-01-18
3095,David,Zuniga,CA,Consumer,2024-08-12
3096,Timothy,Garcia,PR,Consumer,2022-11-01
3097,Melody,Young,FL,Consumer,2022-12-02
3098,James,Reid,GU,Consumer,2025-11-11
3099,Jennifer,Griffith,VT,Consumer,2025-02-14
3100,Madison,Harris,DC,Business,2026-05-24
3101,George,Harris,SD,Consumer,2026-09-09
3102,Brenda,Villarreal,RI,VIP,2025-04-06
3103,Anne,Vargas,WA,Business,2022-11-08
3104,Samantha,Lewis,OH,Business,2025-05-19
3105,Krista,Garrett,NH,Consumer,2024-09-23
3106,Ashley,Lane,GA,Consumer,2024-08-16
3107,Nathan,Martin,ME,Consumer,2024-09-28
3108,Evelyn,Cunningham,PA,VIP,2024-02-29
3109,James,Morse,MS,Consumer,2023-01-29
3110,Nancy,Salinas,NJ,Consumer,2022-11-29
3111,Bonnie,Ball,VI,Consumer,2022-08-18
3112,Theresa,Dickerson,OK,Consumer,2022-05-07
3113,Eric,Ritter,KS,Business,2025-12-30
3114,Casey,Beard,VT,Business,2022-10-16
3115,Joseph,Silva,ID,Business,2024-05-04
3116,Chad,Short,NE,Consumer,2023-01-31
3117,Rodney,Odom,NY,Business,2022-08-25
3118,Eric,Wright,KS,Consumer,2026-08-25
3119,Megan,Gonzales,NM,Consumer,2021-12-24
3120,Diana,Holland,NJ,Consumer,2023-12-31
3121,Kimberly,Vega,PW,Business,2022-10-09
3122,Shannon,Weaver,DC,Consumer,2023-03-01
3123,Lauren,Hicks,MS,Consumer,2025-03-26
3124,Micheal,Johnson,AK,Consumer,2023-07-28
3125,Kristine,Stephens,GU,Business,2026-06-29
3126,Anna,Price,NY,Consumer,2025-05-27
3127,Raven,Patton,DE,Business,2021-09-30
3128,Gregory,Romero,PA,Consumer,2024-10-31
3129,Julie,Parker,MH,Consumer,2026-07-09
3130,Lisa,Campbell,AS,Consumer,2023-03-17
3131,Elizabeth,Bell,AK,Consumer,2026-05-25
3132,Mark,Guzman,WI,Consumer,2023-05-14
3133,Heather,Gonzalez,MT,Consumer,2026-05-17
3134,Cheryl,Nelson,WA,VIP,2023-11-24
3135,Alan,Lamb,NY,Consumer,2024-08-23
3136,Mark,Strickland,MD,Consumer,2025-04-17
3137,Nicholas,Williams,TX,Consumer,2021-10-24
3138,Tara,Adams,MS,Business,2023-11-15
3139,Lacey,Oconnor,ID,Business,2022-02-07
3140,Amanda,Roberts,KS,Consumer,2025-12-06
3141,Kevin,Key,ME,Consumer,2026-06-30
3142,Colin,Tran,NH,Consumer,2023-01-08
3143,James,Bates,NV,Consumer,2023-05-18
3144,Paul,Johnson,FL,Business,2022-02-04
3145,Karl,Lucas,GA,Consumer,2025-03-06
3146,Michael,Hines,VT,Consumer,2023-10-12
3147,Sierra,Oconnor,MD,Business,2025-03-30
3148,Calvin,Montgomery,DC,Business,2025-09-25
3149,Anthony,Moore,IA,Consumer,2024-02-29
3150,Susan,Miller,AZ,Consumer,2022-11-23
3151,Brittany,Smith,NE,VIP,2024-01-30
3152,Deborah,Morris,ME,Consumer,2025-09-01
3153,Eric,White,MT,Business,2023-10-27
3154,Tonya,Taylor,IL,Consumer,2025-06-04
3155,Martin,Watts,KS,VIP,2022-10-28
3156,Frank,Middleton,TX,Consumer,2021-11-01
3157,Danny,Sanders,HI,Consumer,2024-12-15
3158,Keith,Green,CA,Business,2022-09-01
3159,Jacob,Young,GA,Business,2021-11-13
3160,Ryan,Herrera,NY,Business,2022-09-10
3161,Tammy,Larson,WA,Consumer,2025-10-07
3162,Timothy,Harrington,MT,Consumer,2023-04-02
3163,Jasmin,Anderson,VA,Business,2022-05-22
3164,Gina,Moore,NJ,Consumer,2024-10-13
3165,Vincent,Nichols,WY,Consumer,2022-09-12
3166,Patrick,Freeman,WI,Business,2023-10-28
3167,Roger,Grant,DE,Business,2023-08-12
3168,Linda,Zuniga,MS,Consumer,2024-03-24
3169,John,Shepherd,OH,Business,2023-02-26
3170,Jennifer,Lewis,NV,Business,2022-04-04
3171,Katelyn,Flores,VA,Consumer,2022-12-26
3172,Patrick,Lewis,OK,Business,2025-07-26
3173,Heidi,Sparks,GU,Consumer,2024-05-04
3174,Richard,Reyes,FL,Consumer,2025-01-20
3175,Harold,James,VT,Consumer,2024-12-18
3176,Alan,Page,NC,Consumer,2024-10-14
3177,Angel,Smith,NH,Consumer,2021-11-16
3178,Benjamin,Branch,VA,Business,2024-04-04
3179,Stephen,Freeman,VI,Consumer,2026-03-23
3180,Alicia,Franklin,MA,Consumer,2025-06-29
3181,Christopher,Conley,UT,Consumer,2025-01-15
3182,Chad,Rosales,VI,Consumer,2024-07-02
3183,Joseph,Floyd,MH,Business,2021-11-18
3184,William,Cohen,SD,Business,2025-02-09
3185,Tracy,Blake,NJ,Consumer,2023-11-19
3186,Alicia,Wiley,AS,Consumer,2022-02-09
3187,William,Sparks,NV,Consumer,2023-08-09
3188,Alexis,Barnes,PR,Business,2022-07-19
3189,Natalie,Lewis,CO,Business,2023-02-06
3190,Rachel,Thomas,PW,Consumer,2025-05-11
3191,Kristin,Davis,NV,Consumer,2023-05-11
3192,Jennifer,Owens,OH,Consumer,2025-02-24
3193,Lisa,Price,GA,Consumer,2024-10-11
3194,Carlos,Daniels,OK,Business,2023-11-02
3195,Jill,Eaton,MS,Business,2024-01-02
3196,Nancy,Gallagher,AR,Consumer,2025-06-19
3197,Alexander,Anderson,SD,Business,2022-05-04
3198,Cassandra,Sampson,LA,Consumer,2025-04-04
3199,Amber,Sims,SC,Consumer,2022-12-29
3200,Todd,Perkins,NC,Consumer,2022-08-18
3201,Alejandro,Mahoney,MD,Consumer,2025-09-12
3202,Sarah,Myers,AR,Consumer,2025-09-15
3203,Andrew,Gallagher,DC,Business,2025-12-27
3204,Ashley,Calderon,NC,Consumer,2026-01-15
3205,Tammy,White,WY,Consumer,2026-06-27
3206,Tonya,Perez,PR,Consumer,2023-12-19
3207,Pamela,Johnson,MS,Consumer,2024-05-10
3208,Kimberly,Richardson,MD,Consumer,2026-08-10
3209,Michael,Patel,IL,Business,2022-07-17
3210,Valerie,Gonzalez,TN,Consumer,2023-04-05
3211,Erica,Hernandez,IL,VIP,2022-05-08
3212,Tracy,Waters,WA,Consumer,2024-02-26
3213,Jessica,White,VT,Consumer,2023-08-24
3214,William,Compton,RI,Consumer,2022-04-03
3215,Amy,Terry,RI,Consumer,2024-04-08
3216,Doris,Li,OH,Consumer,2024-07-21
3217,Nicholas,Anderson,NE,Consumer,2025-08-18
3218,Eric,Keller,KS,Consumer,2021-12-08
3219,Kathy,Brown,AK,Consumer,2026-04-29
3220,Ryan,Cruz,NM,Consumer,2023-03-01
3221,Michael,Perry,LA,Consumer,2025-10-23
3222,Lisa,Hart,VT,Business,2024-10-05
3223,Vincent,Wright,WA,Consumer,2026-05-13
3224,Justin,Weber,AK,Consumer,2025-05-02
3225,Heather,Smith,TN,Consumer,2025-04-15
3226,Randy,Schaefer,OH,Consumer,2024-08-31
3227,Kayla,Carrillo,MS,Consumer,2023-07-30
3228,Elizabeth,Moore,PR,Business,2023-01-16
3229,Crystal,Watkins,LA,Business,2025-07-28
3230,Elizabeth,Kelley,MP,VIP,2022-11-21
3231,Rebecca,Schultz,OH,Consumer,2022-05-18
3232,John,Nichols,WY,Consumer,2026-03-09
3233,Sandra,Ferguson,ND,Consumer,2025-11-22
3234,Donald,Randolph,AS,Consumer,2024-10-25
3235,Roger,Robbins,VI,Consumer,2026-06-05
3236,Mary,Cain,KS,Consumer,2022-04-14
3237,Mitchell,Montgomery,PA,Business,2025-08-01
3238,Destiny,Howell,MI,Consumer,2022-11-25
3239,Dorothy,Barajas,NE,Consumer,2023-01-10
3240,Kristi,Morgan,LA,Consumer,2023-05-22
3241,Cassandra,Wood,SC,Consumer,2022-10-04
3242,Crystal,Chapman,AL,Consumer,2026-02-28
3243,Kathryn,Smith,NM,VIP,2023-05-27
3244,Catherine,Stewart,NC,Consumer,2024-02-21
3245,Gregory,Clements,ME,Business,2022-03-10
3246,Stephanie,Melendez,RI,Business,2023-11-20
3247,Jennifer,Adams,NM,Consumer,2022-01-26
3248,Richard,Shaffer,NH,Consumer,2022-12-19
3249,Amy,Berry,IA,Consumer,2025-07-27
3250,Steven,Dixon,MD,Business,2023-01-21
3251,Brooke,Sullivan,NM,Business,2022-03-28
3252,Jessica,Cobb,AZ,Consumer,2023-09-26
3253,Joshua,Wilson,NH,Consumer,2025-02-03
3254,Megan,Ruiz,HI,Business,2024-05-25
3255,James,Villarreal,MI,Consumer,2025-09-21
3256,Kenneth,Carpenter,VI,Consumer,2023-05-10
3257,Michael,Moore,PR,Consumer,2025-12-11
3258,Kathleen,Medina,MD,Consumer,2025-11-23
3259,Ronald,Macdonald,MA,Consumer,2022-05-28
3260,Michelle,Montgomery,TN,Business,2022-12-28
3261,Craig,Smith,DC,Consumer,2022-02-06
3262,Elizabeth,Miller,PA,Consumer,2023-05-22
3263,Rebecca,Hunter,VT,Consumer,2023-07-31
3264,Walter,Ware,KY,Consumer,2023-02-16
3265,Greg,Medina,TN,Consumer,2024-06-06
3266,Lisa,Nguyen,NJ,Consumer,2026-04-07
3267,Joseph,Hoffman,AZ,Consumer,2024-09-25
3268,Tammy,Turner,VA,Consumer,2022-11-12
3269,Victoria,Berger,NC,Consumer,2023-05-21
3270,Amy,Anderson,NH,Consumer,2024-04-06
3271,Jimmy,Curry,NY,Consumer,2023-10-10
3272,Cristina,Reyes,IN,Consumer,2023-04-16
3273,Jennifer,Munoz,CO,Business,2024-06-08
3274,Natalie,Medina,MN,VIP,2025-06-18
3275,Kelsey,Washington,TX,Consumer,2022-06-13
3276,Lynn,Taylor,PA,Consumer,2024-11-10
3277,Barbara,Grimes,PR,Consumer,2024-06-01
3278,Sarah,Blackwell,AS,Consumer,2024-09-24
3279,Martin,Horn,MO,Consumer,2022-05-06
3280,Laura,Romero,AL,Consumer,2026-05-27
3281,Lindsey,Pineda,MA,Consumer,2024-05-08
3282,Eric,Williams,AL,Consumer,2024-01-19
3283,Gregory,Peterson,UT,Consumer,2022-09-05
3284,Nicole,Ayers,UT,Business,2024-10-22
3285,Charles,Porter,VI,Consumer,2026-09-15
3286,Brittany,Collins,DE,Consumer,2023-06-05
3287,Matthew,Thompson,OK,Business,2023-02-11
3288,Carlos,Miles,MP,Consumer,2024-07-25
3289,Julie,Burke,FL,Consumer,2022-10-20
3290,Heather,Booth,UT,Consumer,2025-07-13
3291,Lisa,Sanders,OK,Consumer,2025-12-14
3292,Susan,Cardenas,KS,VIP,2024-11-13
3293,Terrance,Avila,DC,Business,2025-01-27
3294,David,Manning,VA,Consumer,2023-04-03
3295,Jeremy,Leon,WY,Consumer,2022-11-05
3296,Joseph,Williams,WA,Consumer,2026-01-24
3297,Leah,Sanchez,MH,Consumer,2025-08-06
3298,Taylor,Jordan,IL,Consumer,2026-06-29
3299,Emily,Curtis,NC,Consumer,2023-03-04
3300,Lori,Mora,MI,Consumer,2026-05-29
3301,Norma,Tyler,IN,Consumer,2024-07-31
3302,Marcus,Brown,GU,VIP,2025-06-06
3303,Jeanette,Morris,FL,Business,2023-04-11
3304,Rick,Martinez,FL,Consumer,2024-10-10
3305,Ellen,Wallace,CA,VIP,2024-08-17
3306,Sally,Phillips,WA,Consumer,2025-05-15
3307,Beth,Castro,AZ,Consumer,2025-09-04
3308,Jessica,Miller,SC,Consumer,2022-01-16
3309,Courtney,Brandt,TN,Consumer,2021-11-24
3310,Carrie,Robinson,CT,Business,2024-10-20
3311,Michael,Harper,MO,Consumer,2025-07-26
3312,Haley,Mcdonald,AK,Consumer,2025-12-22
3313,Sherri,Mckay,UT,Consumer,2021-12-20
3314,Mason,Bowers,WA,Business,2024-11-08
3315,Joel,Martin,NE,Consumer,2026-05-07
3316,Christopher,Gutierrez,MT,Consumer,2023-03-11
3317,Cindy,Bridges,NY,Consumer,2022-08-18
3318,Savannah,Harrison,IN,Business,2024-05-31
3319,Elaine,Huynh,ME,Consumer,2026-08-14
3320,Laura,Martin,AZ,Consumer,2024-05-24
3321,Kathleen,Rowe,AZ,Consumer,2023-08-04
3322,William,Sanchez,ND,Consumer,2026-03-25
3323,Heather,Hill,SD,Consumer,2026-08-12
3324,Jackie,Howard,CA,Business,2023-04-06
3325,John,Preston,ND,Consumer,2023-10-05
3326,Jennifer,Hurley,OR,Consumer,2024-09-10
3327,William,Solis,WA,Business,2026-02-13
3328,Bonnie,Peters,KS,Consumer,2024-03-17
3329,Mark,Glenn,VI,VIP,2025-04-12
3330,William,Pugh,NM,Business,2023-05-14
3331,Anna,Koch,MH,Business,2022-06-13
3332,Cynthia,Craig,NH,Consumer,2025-08-04
3333,Jeremy,Mercado,MA,VIP,2025-06-22
3334,Nathan,Myers,TX,Consumer,2026-07-03
3335,Jean,Jackson,PA,Consumer,2024-09-28
3336,Jermaine,Morris,RI,Business,2025-04-25
3337,Brittany,Prince,PW,Consumer,2025-01-11
3338,Pamela,Cooke,WY,Consumer,2023-12-25
3339,Martha,Fox,NJ,Consumer,2024-04-05
3340,Angel,Cook,AK,VIP,2025-11-13
3341,Monique,Greene,IL,VIP,2023-01-10
3342,Anna,Holmes,OR,VIP,2022-05-20
3343,Carolyn,Allen,MH,Business,2026-06-25
3344,Victor,Huffman,VI,Consumer,2024-04-10
3345,Scott,Wood,FL,Consumer,2025-07-26
3346,Charles,Ballard,VT,Consumer,2022-06-23
3347,Stephanie,Pruitt,MH,Business,2021-11-23
3348,Robert,Coleman,RI,Consumer,2025-02-25
3349,Christopher,Morales,CO,Consumer,2024-03-24
3350,Karen,Cook,CO,Consumer,2026-01-26
3351,Carl,Sanchez,SC,Consumer,2023-08-07
3352,Julia,Ball,AK,Consumer,2024-10-19
3353,Dalton,Green,ID,VIP,2025-04-13
3354,Daniel,Ellis,ME,Business,2023-09-16
3355,Diana,Rangel,MN,Consumer,2023-11-07
3356,Jennifer,Johnson,MD,Business,2024-01-13
3357,Linda,Garcia,MN,Consumer,2023-10-17
3358,Colin,Blake,GA,Consumer,2025-12-30
3359,Jennifer,Cook,MA,Consumer,2023-09-06
3360,Bradley,Peters,IA,Consumer,2021-11-14
3361,Todd,Smith,NV,Consumer,2025-01-22
3362,Thomas,Graves,WI,Consumer,2024-01-24
3363,Lori,Curtis,MI,Consumer,2026-02-13
3364,Brenda,Young,GU,Consumer,2023-07-08
3365,Thomas,Campbell,CA,Consumer,2023-06-18
3366,Michaela,Clark,UT,Consumer,2025-10-29
3367,Patrick,Wise,SC,Consumer,2025-09-22
3368,Sue,Henderson,MS,Consumer,2022-08-20
3369,Steve,Patterson,TN,Business,2022-09-20
3370,Melissa,Perez,NM,Consumer,2023-03-27
3371,Christopher,Potter,VA,Business,2024-06-16
3372,Jeffrey,Rivera,WI,Consumer,2022-10-02
3373,Kristy,Hall,VA,Consumer,2021-11-21
3374,James,Roberts,WV,Consumer,2023-12-22
3375,Stephen,Miller,FL,Consumer,2022-05-30
3376,Jose,Wilkerson,IN,Consumer,2022-01-03
3377,Aaron,Wood,UT,Business,2022-02-05
3378,Troy,Harrington,NJ,Consumer,2025-12-14
3379,Samantha,Gomez,KS,Consumer,2022-09-22
3380,Rachel,Chung,NC,Consumer,2024-08-23
3381,John,Leonard,MH,Consumer,2025-07-21
3382,Diana,Wilson,MN,Consumer,2023-07-01
3383,Sarah,Mcfarland,IL,Business,2022-11-23
3384,Robert,Romero,PR,Consumer,2024-06-13
3385,Rebekah,Mendoza,KY,Consumer,2025-09-03
3386,Aimee,Ortiz,IN,Consumer,2025-08-09
3387,Patrick,Navarro,PR,Consumer,2023-02-15
3388,Ryan,Jacobs,AS,Consumer,2025-06-04
3389,Dustin,Schmidt,MA,Business,2024-07-07
3390,Tracey,Boyd,MI,VIP,2022-02-28
3391,Christina,Cobb,TX,Consumer,2024-11-09
3392,Jason,Merritt,NE,Consumer,2022-11-23
3393,David,Olson,GU,Consumer,2023-02-21
3394,Kelly,Meza,MI,Business,2022-10-29
3395,Diana,Henderson,RI,Business,2021-09-15
3396,Emily,Sanchez,OR,Business,2025-03-06
3397,Sharon,Hill,DC,Consumer,2025-10-12
3398,Krista,Thomas,AS,Business,2021-12-27
3399,Cynthia,Moss,TX,Consumer,2023-09-28
3400,Jessica,Baker,ME,Consumer,2024-02-28
3401,Desiree,Patton,AL,Consumer,2024-12-31
3402,Ann,Smith,AZ,Consumer,2025-12-04
3403,Darryl,Higgins,OH,Consumer,2023-04-13
3404,Benjamin,Hall,MS,Consumer,2023-06-12
3405,Michael,Patterson,MI,Consumer,2024-06-14
3406,Danielle,Whitaker,NY,VIP,2024-06-23
3407,Trevor,Burch,CA,Consumer,2026-04-24
3408,Sarah,Lee,AK,VIP,2023-09-01
3409,James,Fernandez,NY,Consumer,2022-02-28
3410,Steven,Kelly,MI,Business,2021-11-26
3411,Judy,Logan,RI,Business,2024-01-06
3412,Stephanie,Vega,MP,Consumer,2024-02-17
3413,Amy,Gross,AK,Business,2022-06-15
3414,Jessica,Medina,HI,Consumer,2025-10-08
3415,Cynthia,Garcia,TX,Consumer,2026-02-16
3416,Jerry,Drake,NH,Consumer,2025-04-01
3417,Zachary,Vega,OK,Consumer,2022-05-08
3418,Joshua,Patel,PW,Consumer,2023-02-20
3419,Jennifer,Sanders,AZ,Consumer,2026-03-18
3420,Shawn,Tucker,NJ,Consumer,2024-09-29
3421,Jennifer,Wilson,NE,Consumer,2026-06-27
3422,Valerie,Garcia,OH,Consumer,2026-06-05
3423,Stacy,Martin,FL,Consumer,2022-12-28
3424,Desiree,Williams,IN,Consumer,2025-11-05
3425,Jorge,Martinez,OK,Consumer,2021-12-25
3426,Gary,Perez,NJ,Consumer,2024-08-06
3427,Jeffrey,Blevins,VT,Business,2025-03-16
3428,Justin,Stein,MT,VIP,2023-10-12
3429,Adam,Osborne,IA,Business,2023-02-10
3430,Allison,Ortiz,MS,Consumer,2022-07-26
3431,Tanya,Hendricks,IN,Consumer,2025-12-05
3432,Jennifer,Pierce,NH,Consumer,2023-08-04
3433,Zachary,Hines,RI,Consumer,2022-04-07
3434,Lance,Morales,MH,Consumer,2022-03-25
3435,Ryan,Blackwell,OH,Business,2024-10-11
3436,Jennifer,Arellano,FL,Consumer,2022-04-19
3437,Darlene,Conley,HI,Consumer,2022-06-30
3438,Joseph,Moore,KY,Consumer,2024-07-17
3439,Maria,Palmer,HI,Consumer,2023-05-05
3440,Courtney,Fox,IL,Consumer,2025-05-24
3441,Jennifer,Valencia,NM,Consumer,2023-03-16
3442,Robert,Savage,HI,Consumer,2023-02-25
3443,Jesus,Williams,AS,Consumer,2022-08-12
3444,Jessica,Molina,DC,Consumer,2022-03-29
3445,Johnny,Collins,OH,Consumer,2022-11-23
3446,Jeremiah,Ross,OK,Consumer,2026-05-27
3447,Dale,Roberts,CA,Consumer,2022-10-21
3448,Steven,Thompson,MP,Consumer,2024-06-15
3449,Patricia,Mullins,NY,Business,2023-08-13
3450,Denise,Hunter,ID,Consumer,2024-08-18
3451,Omar,Delgado,NM,Business,2024-02-06
3452,Anne,Moore,LA,Consumer,2024-01-09
3453,Gregory,Nelson,OK,Business,2024-12-09
3454,Luis,Trevino,AS,Consumer,2026-08-22
3455,Mathew,Delgado,WI,Consumer,2021-12-29
3456,Margaret,Kelley,WI,Consumer,2025-03-05
3457,Daniel,Rodriguez,DC,Consumer,2022-03-06
3458,Laura,Noble,IL,Business,2023-07-04
3459,Dana,Carr,ID,Consumer,2021-11-13
3460,Christopher,Norton,PR,Consumer,2022-08-28
3461,Jennifer,Miller,IN,Consumer,2025-10-28
3462,Misty,Hebert,GA,Business,2023-04-29
3463,Natalie,Garza,NV,Business,2024-11-14
3464,Shannon,Brown,AZ,Consumer,2025-09-01
3465,Jill,Murray,NM,Business,2025-11-11
3466,Wayne,Rodriguez,ID,Consumer,2026-08-29
3467,Charles,Elliott,VI,Consumer,2022-12-27
3468,Emily,Hernandez,GU,Consumer,2022-01-13
3469,Kimberly,Tucker,VT,Consumer,2021-11-08
3470,Mary,Gonzalez,IA,Consumer,2025-05-02
3471,Bonnie,Conrad,NY,Business,2023-03-22
3472,Kaitlyn,Miller,VI,Consumer,2024-10-10
3473,Chelsea,Cox,OR,Consumer,2022-01-21
3474,Tim,Wright,RI,Business,2023-12-14
3475,Kevin,Erickson,DC,Business,2024-10-30
3476,Matthew,Scott,DE,Consumer,2023-10-31
3477,Curtis,Patton,WV,Consumer,2024-11-20
3478,Lucas,Brown,MH,Consumer,2024-10-31
3479,David,Simmons,VI,Consumer,2025-01-27
3480,Anthony,Huber,TX,Consumer,2023-10-04
3481,Peter,Hardin,MP,Consumer,2026-04-11
3482,Gina,Robbins,WI,Business,2022-08-10
3483,James,Dennis,KS,Consumer,2025-10-10
3484,Brian,Nelson,PW,Consumer,2024-11-25
3485,Richard,Roberts,GU,Business,2026-01-18
3486,Troy,Smith,CT,Consumer,2023-06-25
3487,Hannah,Duncan,NE,Business,2024-05-21
3488,Mark,Mendez,IL,Business,2022-08-13
3489,Benjamin,Ford,MT,Consumer,2023-07-13
3490,Cassandra,Rodriguez,UT,Consumer,2025-04-07
3491,Adrian,King,FL,Consumer,2023-08-15
3492,Terry,Stewart,MS,Consumer,2022-07-29
3493,Ashley,Hernandez,NC,Business,2024-04-06
3494,Walter,Henderson,IL,Consumer,2025-10-04
3495,Heather,Jackson,TX,Consumer,2025-08-28
3496,Matthew,Sims,VT,Consumer,2026-07-18
3497,James,Adams,TN,Consumer,2023-09-24
3498,Thomas,Perry,WY,Business,2023-06-21
3499,Heather,Webb,ME,Consumer,2025-02-21
3500,James,Weeks,SD,Consumer,2023-01-05
3501,Alexander,Bond,NJ,Consumer,2025-09-07
3502,Sean,Kim,ID,Consumer,2022-04-25
3503,Daniel,Irwin,IN,Consumer,2023-11-25
3504,Scott,Walsh,OK,Consumer,2024-09-18
3505,Amanda,Barnett,NY,Consumer,2026-07-09
3506,Nicholas,Russell,ID,Consumer,2025-12-10
3507,Monica,Palmer,MN,Consumer,2024-01-09
3508,Adam,Frye,WV,Consumer,2022-08-07
3509,Stacy,Castro,WV,Business,2025-08-09
3510,Sarah,Fleming,NM,Business,2024-04-03
3511,Charlotte,Brooks,AL,Consumer,2023-05-12
3512,Lauren,Chandler,IL,Consumer,2024-12-14
3513,Jerry,Garza,MP,Consumer,2025-05-04
3514,John,Krause,AL,Consumer,2024-03-04
3515,Martin,Lyons,AZ,Consumer,2022-08-05
3516,James,Wilson,MS,Consumer,2025-05-30
3517,Dawn,Wallace,WY,Consumer,2022-05-19
3518,Matthew,Pierce,HI,Business,2023-04-29
3519,David,Mcdowell,IL,Consumer,2023-06-06
3520,Paula,Cortez,NC,Business,2022-12-26
3521,Karen,Thomas,AR,Business,2024-08-28
3522,Kyle,Parker,PW,Consumer,2024-08-08
3523,Douglas,Ramirez,AR,Consumer,2023-03-23
3524,Jesse,Lambert,CT,VIP,2023-08-13
3525,Amy,Reed,MS,Consumer,2021-10-28
3526,Maria,Jackson,AS,Business,2022-09-14
3527,Paula,Livingston,ME,Business,2024-06-29
3528,Joshua,Rogers,WA,Consumer,2023-02-21
3529,Courtney,Thompson,UT,VIP,2022-04-03
3530,Felicia,Fletcher,FL,Consumer,2024-10-30
3531,Katelyn,Perez,NE,Consumer,2023-11-07
3532,Elizabeth,Russell,SC,Consumer,2025-08-25
3533,Ronnie,Armstrong,MI,Consumer,2025-08-31
3534,Margaret,Stout,OR,Consumer,2023-12-01
3535,Theresa,Nunez,ID,Consumer,2026-04-17
3536,Seth,Roberts,KS,Consumer,2022-05-17
3537,John,Williams,RI,Business,2022-12-02
3538,Evelyn,Peterson,HI,Consumer,2024-02-13
3539,William,Klein,NH,Business,2024-11-16
3540,Alyssa,Webster,MA,Consumer,2022-07-01
3541,Thomas,Oneill,IA,Consumer,2025-01-17
3542,Ashley,Russell,MT,Business,2025-05-08
3543,Yolanda,Hodge,GA,Business,2026-08-30
3544,Robert,Hart,GA,Consumer,2024-11-04
3545,Christopher,Schultz,GA,Consumer,2025-12-14
3546,Craig,Mitchell,WY,Consumer,2024-01-04
3547,Jared,Miller,NJ,Consumer,2025-02-26
3548,Richard,Miller,NY,Consumer,2026-09-01
3549,Brooke,Davis,NY,Consumer,2026-05-23
3550,April,Jackson,WY,Business,2022-08-13
3551,Adam,Ramsey,OR,Business,2026-09-15
3552,Dawn,Thompson,AZ,Consumer,2024-10-02
3553,Lisa,Medina,ID,Business,2023-08-02
3554,Amanda,Walter,SD,Consumer,2022-10-23
3555,Amanda,Dominguez,DC,Consumer,2026-01-22
3556,Stacy,Davidson,WY,Consumer,2021-10-31
3557,Sherry,Young,WI,Consumer,2025-03-19
3558,Alyssa,Brown,MH,Consumer,2023-11-11
3559,Kelly,Taylor,NH,Consumer,2021-10-25
3560,John,Williams,AK,Consumer,2025-05-04
3561,Sara,Hopkins,FM,Business,2022-04-11
3562,Mary,Ferguson,WI,Business,2022-07-04
3563,Madeline,Burke,PR,Business,2023-04-12
3564,Robert,Reeves,WI,Business,2024-11-09
3565,Harold,Le,ID,Consumer,2022-10-29
3566,Amy,Barton,FL,Business,2024-09-30
3567,George,Ellis,TX,Business,2025-04-24
3568,Stacey,Holloway,NE,Consumer,2026-04-06
3569,Nicole,Hill,ND,Business,2023-07-14
3570,William,Long,OH,Consumer,2025-08-04
3571,Melissa,Miller,NY,Consumer,2023-05-15
3572,Scott,Burke,AS,Consumer,2024-09-17
3573,Nancy,Wallace,RI,Business,2024-05-06
3574,Kathleen,Wagner,SD,Consumer,2023-10-23
3575,Charles,Bond,KY,Consumer,2026-07-02
3576,Danielle,Potter,ME,Consumer,2023-01-28
3577,Timothy,Avery,AZ,Consumer,2021-10-15
3578,Cassandra,Jones,PW,Consumer,2023-09-01
3579,Kimberly,Reynolds,ID,Consumer,2023-09-13
3580,Stacy,Webster,MO,Business,2025-09-04
3581,Lori,Hayes,MO,Business,2025-01-10
3582,Andrea,Garcia,MP,Consumer,2022-01-07
3583,Michelle,Duncan,AS,Consumer,2022-11-18
3584,Diana,Hines,GU,Consumer,2025-07-08
3585,Jeffrey,Brown,FL,Consumer,2025-03-08
3586,Scott,Harper,GA,Consumer,2021-10-26
3587,Christine,Washington,MN,Consumer,2024-01-26
3588,Michael,Walker,WA,Consumer,2025-10-23
3589,Frank,Wheeler,PW,Consumer,2025-11-21
3590,James,Martin,ID,VIP,2025-08-30
3591,Elizabeth,Gordon,CT,Consumer,2024-08-21
3592,Timothy,Kim,GA,Consumer,2023-07-20
3593,Rachel,Jimenez,NH,Business,2022-12-06
3594,Brandon,Torres,OK,Business,2024-09-02
3595,Benjamin,Henderson,IL,Consumer,2026-01-23
3596,Regina,Wilson,AR,Consumer,2024-10-07
3597,Rachel,Diaz,FM,Consumer,2026-08-03
3598,Scott,Silva,NJ,Consumer,2023-01-16
3599,Dawn,Calhoun,MP,Consumer,2026-08-13
3600,Victoria,Burch,VI,Consumer,2026-05-12
3601,James,Lopez,VA,VIP,2024-05-03
3602,Matthew,Becker,OH,Business,2025-03-08
3603,Stephen,Lee,VA,Business,2023-10-06
3604,Julia,Boyer,ME,Consumer,2022-07-21
3605,Barbara,Hughes,RI,Consumer,2023-07-27
3606,Brittney,Howell,NC,Consumer,2023-01-20
3607,Mark,Powers,TX,Consumer,2023-04-25
3608,Debra,Reilly,WA,Consumer,2021-10-04
3609,Brent,Curtis,ID,Consumer,2024-08-13
3610,Lauren,Cook,DC,VIP,2022-05-21
3611,David,Logan,AZ,Consumer,2022-10-14
3612,Michael,Levy,AZ,Consumer,2022-05-27
3613,Amy,Barr,GU,Consumer,2024-10-02
3614,Karen,Guzman,NC,Consumer,2022-11-18
3615,Wendy,Bell,IA,Business,2025-11-27
3616,Billy,Lopez,RI,Business,2025-08-23
3617,Richard,Anderson,NJ,VIP,2022-03-07
3618,Kurt,Baxter,MO,Business,2023-05-26
3619,Morgan,Thompson,WV,Consumer,2023-03-07
3620,Christopher,Gonzalez,ID,Consumer,2024-10-26
3621,Melvin,Smith,KY,Business,2025-11-07
3622,Sarah,Kim,CO,Consumer,2023-03-26
3623,Krista,Martin,NJ,Consumer,2023-11-08
3624,Larry,Hunter,IA,Consumer,2026-06-28
3625,Scott,Day,IA,Consumer,2024-06-11
3626,Christopher,Salazar,MI,Consumer,2025-05-15
3627,Lisa,Kaiser,GA,VIP,2022-10-10
3628,Harold,York,GA,VIP,2022-04-29
3629,Mary,Gomez,IA,Consumer,2026-08-16
3630,Thomas,Tucker,AR,Consumer,2022-05-25
3631,Jill,Davis,FM,Consumer,2023-03-30
3632,Stephen,Yoder,FL,Consumer,2024-04-07
3633,Samuel,Thornton,NC,Consumer,2024-07-17
3634,Kimberly,Boyle,NY,Consumer,2024-04-28
3635,Amy,Steele,VA,Business,2023-11-02
3636,Olivia,Clark,CA,Business,2021-09-27
3637,Ashley,Tanner,ND,Consumer,2022-08-08
3638,Samuel,Henry,CA,Consumer,2026-05-13
3639,William,Bennett,VI,Consumer,2022-10-11
3640,Brian,Vega,ID,Consumer,2026-04-25
3641,Anna,Barnes,NY,Consumer,2025-02-17
3642,Gregory,Green,ID,VIP,2024-07-18
3643,Thomas,Cole,GA,Consumer,2023-02-21
3644,Jeremiah,Scott,CT,Consumer,2026-01-07
3645,Steven,Williams,LA,Consumer,2025-10-22
3646,Mariah,Wilson,NM,Business,2023-03-15
3647,Kayla,Matthews,WV,Consumer,2024-04-21
3648,Michelle,Byrd,DC,Consumer,2022-12-27
3649,Michele,Williams,RI,Consumer,2022-10-19
3650,Michael,Brown,MS,Consumer,2023-06-04
3651,Kristin,Mills,ND,Consumer,2024-04-30
3652,Shannon,Bailey,MD,Consumer,2024-09-23
3653,Sarah,Andrews,VT,Business,2025-04-17
3654,Maria,Newton,TX,Consumer,2023-05-28
3655,Barbara,Campbell,MD,Consumer,2024-04-30
3656,Janice,Cannon,TN,Consumer,2022-10-30
3657,Kevin,Fitzpatrick,ND,Consumer,2026-03-01
3658,Matthew,King,TX,Consumer,2024-12-11
3659,Eric,Tapia,MS,Consumer,2021-11-27
3660,Bradley,Villa,MI,Consumer,2024-08-24
3661,Jessica,Castro,ND,Business,2022-08-05
3662,Sarah,Zhang,MO,Consumer,2026-08-05
3663,Denise,Moore,SD,Consumer,2025-12-28
3664,Ellen,Smith,AS,Consumer,2023-02-23
3665,Benjamin,Allen,FL,Consumer,2026-02-24
3666,Meagan,Walker,ID,Consumer,2022-01-11
3667,Christopher,Carson,VI,Consumer,2022-11-06
3668,John,Smith,NH,VIP,2024-01-31
3669,Keith,Garcia,IL,Business,2025-09-15
3670,Cynthia,Ortiz,GU,Consumer,2023-09-07
3671,Jason,Rogers,AR,Consumer,2023-04-27
3672,Robert,Lee,AR,Consumer,2025-12-15
3673,Adam,Garcia,MH,Consumer,2021-11-26
3674,Tiffany,Kelly,WI,Business,2024-12-26
3675,Jason,Mcpherson,VT,Consumer,2026-06-09
3676,Angela,Mills,WI,Consumer,2023-02-03
3677,Gregory,Hartman,GU,Consumer,2025-12-14
3678,Craig,Salazar,CO,Consumer,2025-09-16
3679,Vickie,Farmer,HI,Business,2025-11-06
3680,Emily,Ferrell,GA,Business,2023-07-04
3681,Jacqueline,Barker,WI,Consumer,2022-07-28
3682,David,Hall,GU,Consumer,2025-03-14
3683,Dennis,Shah,WI,Consumer,2022-05-13
3684,Amy,Richards,MP,Consumer,2022-03-21
3685,Gilbert,Mccarty,PW,Consumer,2026-03-08
3686,John,King,CA,Consumer,2025-09-08
3687,Larry,Sharp,IA,Consumer,2026-05-18
3688,Michael,Weeks,ME,Consumer,2024-11-11
3689,Rachel,Olsen,KY,Business,2025-02-12
3690,Roberta,Grant,LA,Consumer,2024-02-08
3691,Bernard,Knight,NJ,Consumer,2021-11-09
3692,Patrick,Garcia,WI,Consumer,2026-02-01
3693,Alicia,Scott,LA,Business,2025-09-02
3694,Nicole,Bruce,WY,Consumer,2024-06-19
3695,Kevin,Daniels,TX,Consumer,2022-03-28
3696,Rita,Lewis,VA,VIP,2026-07-23
3697,David,Hicks,MS,Consumer,2024-09-04
3698,Robert,Rivera,MH,Consumer,2022-08-04
3699,David,Merritt,CA,Consumer,2022-08-11
3700,Amy,Houston,DE,Consumer,2022-02-24
3701,Emma,Taylor,SC,Consumer,2025-09-23
3702,Jerry,Smith,AZ,Business,2023-12-28
3703,Erin,Wong,PW,Consumer,2022-10-10
3704,Joseph,Duncan,PA,Consumer,2022-08-22
3705,Julia,Ramos,MO,Consumer,2022-10-14
3706,Angie,Cervantes,HI,Consumer,2022-09-18
3707,Kenneth,Alexander,IL,VIP,2023-10-16
3708,Amanda,Martin,WY,Consumer,2022-10-07
3709,Tabitha,Lawrence,OR,Consumer,2023-06-15
3710,Angela,Wright,AS,Consumer,2025-07-23
3711,Jesus,Durham,CT,Consumer,2023-01-09
3712,Christie,Bridges,TX,Consumer,2026-01-20
3713,Sheri,Johnson,KY,Consumer,2022-01-07
3714,Kevin,Adams,CT,Business,2022-06-07
3715,Devin,Baker,ID,Consumer,2026-03-11
3716,Victoria,Lee,NH,Consumer,2026-08-03
3717,Haley,Taylor,MS,VIP,2025-03-05
3718,Traci,Rose,NV,Consumer,2022-06-16
3719,Becky,Meza,KY,Consumer,2024-03-21
3720,Amber,Cohen,ME,Consumer,2022-06-19
3721,Christopher,Rodriguez,ID,Business,2023-07-12
3722,Gregory,Hardy,SD,Consumer,2023-04-12
3723,Kimberly,Schwartz,MD,Consumer,2024-07-04
3724,Laura,Henderson,CA,Consumer,2024-05-10
3725,Terrence,Bishop,NC,Consumer,2022-08-11
3726,Julie,White,ND,Consumer,2022-08-28
3727,Matthew,Smith,KY,Consumer,2024-09-11
3728,Thomas,Ball,MD,Consumer,2026-05-06
3729,Ruben,Donovan,HI,Consumer,2024-10-06
3730,Karen,Aguirre,KS,Consumer,2023-10-10
3731,Marisa,Odonnell,OH,Consumer,2026-08-09
3732,Cathy,Johnson,MA,Business,2026-02-04
3733,Timothy,Garcia,MI,Consumer,2026-06-05
3734,Thomas,Cross,IL,Business,2024-10-19
3735,Angela,Mason,SD,Consumer,2025-10-10
3736,John,Gilbert,FM,Consumer,2024-10-14
3737,Brenda,Love,VI,Business,2023-05-20
3738,Tracie,Mcfarland,DC,VIP,2023-11-15
3739,Robert,Nelson,DE,Consumer,2022-06-28
3740,Michael,Cruz,LA,Consumer,2022-11-12
3741,Anthony,Faulkner,HI,Consumer,2021-12-08
3742,Zachary,Morrison,FM,Consumer,2021-12-30
3743,Michelle,Moss,MH,Consumer,2023-08-02
3744,Daniel,Wilson,IN,Consumer,2023-07-23
3745,Rodney,Wolfe,GA,Consumer,2022-03-11
3746,Danielle,Cortez,OK,Consumer,2022-07-31
3747,James,Miller,OR,Consumer,2023-05-04
3748,Robin,Good,OK,Consumer,2026-08-19
3749,Kimberly,Taylor,LA,Consumer,2023-12-14
3750,Zoe,Green,GA,Consumer,2022-02-16
3751,Andrew,Black,NH,Consumer,2025-07-02
3752,Amy,Romero,NM,Consumer,2022-09-03
3753,Samantha,Evans,AZ,VIP,2023-09-15
3754,Nicole,Black,GU,Consumer,2025-09-03
3755,Amber,Cummings,AK,Consumer,2022-09-09
3756,Dana,Simmons,ME,Consumer,2026-05-06
3757,Todd,Adams,SC,Consumer,2021-09-21
3758,Craig,Jimenez,FM,Consumer,2023-11-23
3759,Jason,Hood,VA,Consumer,2023-09-11
3760,Patricia,Friedman,MI,Consumer,2022-11-11
3761,Brian,Gonzalez,AZ,Consumer,2025-02-24
3762,Nathan,Gutierrez,SD,Consumer,2023-12-28
3763,Brittany,Chaney,VA,Consumer,2023-11-05
3764,Jonathan,Walsh,AK,Consumer,2025-04-10
3765,Robert,Robertson,CA,Consumer,2022-11-17
3766,Michael,Romero,SD,Consumer,2024-01-09
3767,Dorothy,Martin,NM,Business,2024-10-19
3768,Jacob,Webb,OK,Consumer,2022-09-15
3769,Jacob,Reyes,DC,Business,2024-02-16
3770,Kevin,Pace,GU,Consumer,2026-05-20
3771,Annette,Martin,MT,Consumer,2023-04-27
3772,Dalton,Eaton,ND,VIP,2026-05-03
3773,Donald,Zuniga,SC,Consumer,2022-04-25
3774,Robin,Braun,ND,Consumer,2024-05-10
3775,David,Lee,MN,Consumer,2025-04-22
3776,Dale,Roberts,WA,Business,2022-05-24
3777,Daniel,Sullivan,AL,Consumer,2021-10-14
3778,Joseph,Smith,CT,Business,2022-07-19
3779,Nicholas,Castro,WV,Consumer,2023-04-24
3780,William,Kaufman,CO,Consumer,2024-03-28
3781,Jennifer,Johnson,IL,Consumer,2024-11-08
3782,Johnny,Norman,MI,Consumer,2026-07-21
3783,Melissa,Guzman,AR,Consumer,2024-07-17
3784,Debra,Thomas,NV,Consumer,2025-07-24
3785,Crystal,Hill,MD,Business,2023-08-28
3786,Colleen,Case,IL,Consumer,2025-03-14
3787,Ann,Lopez,WV,Consumer,2026-04-30
3788,Zoe,Townsend,ND,Business,2025-11-27
3789,Ryan,Cummings,LA,Consumer,2025-05-12
3790,John,Ward,IA,Business,2026-03-18
3791,Joseph,Rodriguez,CO,Business,2025-02-16
3792,Frances,Jensen,VT,Consumer,2025-02-23
3793,Paul,Day,OK,Consumer,2023-01-22
3794,Vanessa,Marsh,NM,Consumer,2025-04-23
3795,Matthew,Johnson,AL,Consumer,2025-11-04
3796,Daniel,Burton,MO,Consumer,2023-07-21
3797,Melissa,Higgins,AK,Business,2022-04-08
3798,Kevin,Rodriguez,IA,Consumer,2026-05-06
3799,Jennifer,Peterson,MN,Consumer,2023-02-12
3800,Tommy,Benson,MS,Business,2023-11-11
3801,Steven,Grant,MH,Consumer,2023-09-25
3802,Christian,Pace,UT,Consumer,2024-11-04
3803,John,Ramirez,WY,Consumer,2022-09-10
3804,Matthew,Cook,MN,Consumer,2024-06-01
3805,Robert,Schwartz,MP,Consumer,2022-09-19
3806,Cynthia,Jones,VI,Consumer,2024-06-07
3807,David,Mullins,PW,Consumer,2026-05-17
3808,Christopher,Soto,AL,VIP,2025-05-17
3809,Cynthia,Walker,TN,Consumer,2024-01-31
3810,Lucas,Griffith,NE,Consumer,2026-07-18
3811,Alyssa,Brewer,MH,Business,2023-11-04
3812,Emily,Bennett,MP,Consumer,2022-03-21
3813,Patricia,Reid,CO,Consumer,2021-11-08
3814,Kimberly,Richards,MH,Consumer,2026-02-15
3815,Nathan,Jensen,GA,Consumer,2024-05-18
3816,Andrew,Snyder,OR,Consumer,2023-07-23
3817,James,Ingram,OR,Consumer,2026-07-08
3818,Gabriella,Lowery,PW,Consumer,2024-01-20
3819,Karen,Butler,MD,Consumer,2022-06-12
3820,Tamara,Beck,MP,Consumer,2021-10-01
3821,Dominic,Simmons,ID,Consumer,2025-07-03
3822,Jessica,Flores,IA,Business,2021-10-16
3823,Brittany,Allen,MO,VIP,2025-04-30
3824,Jerry,Flores,NC,Consumer,2024-04-26
3825,Tonya,Robinson,UT,Consumer,2025-03-30
3826,Patricia,Weaver,AS,Consumer,2022-11-02
3827,Raymond,Meyer,NE,Consumer,2026-05-22
3828,Bradley,Jones,CA,VIP,2023-11-30
3829,Timothy,Fuller,IL,Consumer,2022-12-14
3830,Justin,Davis,NH,Consumer,2023-10-09
3831,Charles,Clayton,DC,Consumer,2023-06-21
3832,Lisa,Ward,PW,Consumer,2023-04-08
3833,Johnathan,Jimenez,VT,VIP,2025-08-03
3834,William,Moore,ID,Business,2025-11-05
3835,Stephen,Miller,CT,Consumer,2025-03-16
3836,Jennifer,Wilson,MH,VIP,2023-12-13
3837,Steven,Taylor,VA,Business,2026-05-28
3838,Joseph,Rodriguez,MT,VIP,2022-02-17
3839,Derek,Hernandez,WA,Consumer,2024-05-29
3840,Shawn,Miller,MP,Consumer,2023-02-25
3841,Debbie,Barrera,AR,Business,2025-12-04
3842,Bonnie,Camacho,PA,Consumer,2026-01-26
3843,Sherry,Miller,RI,Consumer,2021-09-17
3844,Laura,Martin,CT,Consumer,2026-02-21
3845,Benjamin,Farmer,ND,Business,2026-08-24
3846,Mark,Zavala,OH,Business,2026-03-04
3847,Peter,Heath,SD,Consumer,2025-06-01
3848,Scott,Anderson,WI,Consumer,2021-10-29
3849,Jason,Lewis,AK,Consumer,2026-02-02
3850,Thomas,Sanchez,CT,Consumer,2021-09-17
3851,Lacey,Rivera,RI,Consumer,2023-06-02
3852,Cindy,Thomas,KY,Consumer,2025-01-09
3853,Alex,Anderson,TN,Consumer,2022-02-07
3854,Megan,Mccoy,NE,Consumer,2022-02-25
3855,Lawrence,Flores,IL,Consumer,2026-04-22
3856,Elizabeth,Evans,MO,Business,2024-06-19
3857,Charles,Montoya,RI,Consumer,2021-09-30
3858,Johnny,Brooks,FM,Consumer,2024-09-19
3859,Todd,Rodriguez,WI,Consumer,2022-04-16
3860,Anne,Cortez,GU,Consumer,2023-11-08
3861,Heather,Contreras,MS,Consumer,2024-07-17
3862,Robert,Marshall,IA,Consumer,2023-01-18
3863,Ryan,Campbell,SD,Consumer,2026-08-01
3864,Nicholas,Perry,FL,Consumer,2022-01-17
3865,Andrea,Duarte,AL,Consumer,2025-07-06
3866,Krista,Ochoa,NE,Consumer,2023-06-23
3867,Charles,Wyatt,MD,Consumer,2026-05-21
3868,Erin,White,TX,Consumer,2025-01-30
3869,Stephanie,Schwartz,MO,Consumer,2024-09-26
3870,Laura,Mcgrath,WY,Consumer,2024-12-31
3871,Sarah,Austin,MD,Consumer,2021-12-07
3872,Jamie,Green,TX,Consumer,2024-05-12
3873,Melanie,Higgins,PA,Consumer,2023-10-24
3874,Kim,Barnes,NM,Consumer,2025-04-10
3875,Kara,Johnson,KS,Consumer,2025-04-27
3876,Taylor,Townsend,VT,VIP,2023-05-16
3877,Christina,Jensen,ME,Consumer,2024-09-14
3878,Bradley,Sanchez,IN,Consumer,2026-05-30
3879,Janet,Watson,AZ,Consumer,2022-03-20
3880,Joseph,Horton,NC,Consumer,2024-05-02
3881,Christine,Duke,AK,Consumer,2024-09-20
3882,Cody,Garcia,NY,Consumer,2026-02-07
3883,Luis,Brooks,NE,Consumer,2025-07-22
3884,Susan,Johnson,LA,Consumer,2023-02-11
3885,James,Reyes,GA,Consumer,2023-11-17
3886,Stephen,Cole,FL,Consumer,2024-01-06
3887,Jessica,Ward,MN,Business,2022-12-22
3888,Selena,Armstrong,ME,Business,2022-10-18
3889,Lauren,Mcclure,DC,Business,2025-03-02
3890,Andrew,Dixon,AR,Consumer,2024-11-06
3891,Donald,Lewis,VT,Consumer,2024-02-23
3892,Breanna,Chang,AK,Business,2026-04-16
3893,Mitchell,Clarke,IA,Consumer,2022-05-24
3894,Hayley,Whitaker,WI,Consumer,2025-01-04
3895,Danielle,Mack,CT,VIP,2022-09-08
3896,Courtney,Robinson,KS,Consumer,2025-09-08
3897,Ralph,Vasquez,MA,Consumer,2023-01-12
3898,Rick,Mclean,KY,Consumer,2025-04-18
3899,Amber,Hughes,HI,Business,2025-07-27
3900,Evan,Webb,NJ,Consumer,2026-04-09
3901,Lauren,Pope,GA,Consumer,2023-01-16
3902,Jonathan,Nelson,NC,Consumer,2026-04-09
3903,Sheryl,Diaz,AS,Consumer,2021-11-16
3904,Cheryl,Terry,MD,Consumer,2025-11-05
3905,Brittany,Ward,SC,Consumer,2022-10-29
3906,Ryan,Johnson,NY,Consumer,2022-06-28
3907,Stephanie,Robinson,NE,Business,2026-05-04
3908,Monique,Ortiz,WA,VIP,2023-07-26
3909,Charles,Dixon,WV,Business,2021-10-27
3910,Timothy,Richard,MN,Consumer,2023-04-23
3911,Mariah,Ward,UT,Consumer,2026-04-03
3912,Micheal,Adams,MO,Consumer,2025-11-01
3913,Eric,Dixon,WY,Business,2024-12-15
3914,Jill,Mitchell,ID,Business,2025-03-13
3915,Jason,Jones,SC,Consumer,2024-06-02
3916,April,Smith,HI,Consumer,2024-12-12
3917,John,Harrington,UT,Consumer,2026-02-28
3918,Jessica,Garza,AS,Business,2022-11-01
3919,Connie,Hall,SD,Business,2024-03-27
3920,Paul,Dixon,FM,Consumer,2022-10-05
3921,Diane,Williams,OH,Consumer,2024-02-07
3922,Alejandro,Thompson,NE,Consumer,2022-04-07
3923,Stacy,Soto,AS,Business,2024-12-04
3924,Molly,Willis,VI,Consumer,2022-11-15
3925,Riley,Hill,NY,Consumer,2025-12-25
3926,Julie,Price,GU,Consumer,2022-02-11
3927,Monica,Moore,VI,Consumer,2024-01-21
3928,Michael,Moore,NE,Business,2024-02-01
3929,Jeff,Osborne,PR,Consumer,2021-11-12
3930,Julia,Christian,MI,Consumer,2024-08-13
3931,Hayley,Monroe,NE,Consumer,2024-09-13
3932,William,Drake,FM,Consumer,2025-11-29
3933,Jackson,Butler,ID,Consumer,2022-03-02
3934,Jennifer,Brown,NE,Consumer,2021-09-25
3935,Nicholas,Newman,UT,Consumer,2026-08-20
3936,Emily,Thompson,MP,Consumer,2024-03-05
3937,Ryan,Fields,MP,Consumer,2024-04-26
3938,Jason,Carroll,NV,Consumer,2025-07-23
3939,Carolyn,Johnson,FL,Consumer,2022-04-13
3940,Karen,Tyler,NV,Consumer,2025-07-20
3941,Thomas,Lee,AS,Consumer,2025-08-10
3942,Julie,Barajas,DC,Consumer,2022-11-19
3943,Jimmy,Ward,HI,Consumer,2024-12-23
3944,James,Zamora,SD,Business,2023-04-20
3945,Joshua,Parks,MT,Consumer,2025-08-12
3946,Jill,Ward,TX,Consumer,2023-05-11
3947,Derek,Best,ME,Consumer,2024-03-20
3948,Frederick,Williams,CO,Consumer,2023-08-10
3949,David,Mcdonald,UT,Consumer,2024-02-27
3950,Edwin,Peterson,MO,Business,2022-08-23
3951,Megan,Green,AL,Consumer,2024-03-25
3952,Misty,Johns,UT,Business,2026-05-27
3953,Angela,Griffith,GU,Business,2026-01-18
3954,Gary,Mendoza,HI,Consumer,2025-04-01
3955,Caitlin,Mcclain,PA,Consumer,2025-03-05
3956,Vanessa,Roberson,MD,Business,2023-05-30
3957,Carol,Reed,WI,Consumer,2023-08-28
3958,Angela,Johnson,CO,Consumer,2025-09-05
3959,Tracy,Fisher,TX,Consumer,2023-11-30
3960,Abigail,Williams,HI,Business,2023-01-27
3961,Matthew,Jones,RI,Consumer,2025-01-08
3962,Kari,Daniel,AL,Consumer,2023-05-18
3963,David,Jones,NE,VIP,2021-09-18
3964,Kimberly,Estrada,NH,Consumer,2022-02-05
3965,Julie,Lopez,SC,Consumer,2026-01-17
3966,Katelyn,Page,AR,Consumer,2025-04-16
3967,Michael,Smith,IL,Business,2022-03-08
3968,Russell,James,ME,Consumer,2026-03-13
3969,Danielle,Perkins,ME,Consumer,2023-06-02
3970,Douglas,Barron,MN,Consumer,2024-11-23
3971,Richard,May,SD,Consumer,2025-05-16
3972,Christina,Young,PR,Business,2021-09-28
3973,Linda,Wagner,ID,Business,2025-08-06
3974,Edwin,Case,MI,Business,2024-04-04
3975,Jacob,Sawyer,LA,Business,2022-07-24
3976,Brittany,Underwood,WA,Consumer,2025-06-22
3977,Lindsey,Nielsen,NH,Consumer,2022-04-04
3978,Kimberly,Barker,IL,Consumer,2024-04-18
3979,Nicole,Holder,VI,Consumer,2024-12-30
3980,Kiara,Price,DE,Consumer,2022-06-12
3981,Daniel,Miller,MT,Business,2022-03-31
3982,Stephanie,Blackwell,MT,Business,2024-09-26
3983,Leonard,Hamilton,AS,Business,2022-12-27
3984,Alejandra,Evans,CT,Consumer,2022-02-17
3985,Shane,Reed,FM,Consumer,2021-11-23
3986,Jessica,Solomon,NY,Consumer,2022-07-31
3987,Susan,Andrews,AR,Consumer,2023-07-02
3988,Tammy,Booker,MD,Consumer,2024-03-04
3989,Glenda,Jones,UT,Consumer,2025-07-29
3990,Elizabeth,Garcia,RI,Consumer,2026-03-26
3991,John,Burke,SC,Consumer,2024-07-03
3992,Robert,Smith,AK,Business,2025-02-11
3993,Brooke,Mueller,AK,Consumer,2023-12-02
3994,Cheryl,Watts,CA,Consumer,2025-03-06
3995,Michael,Rowe,TX,Business,2023-06-02
3996,Amanda,Smith,DC,Consumer,2023-02-02
3997,Beverly,Brooks,MS,Business,2025-06-23
3998,Lisa,Gutierrez,NM,Business,2021-11-16
3999,Heather,Brandt,WI,Business,2024-10-31
4000,Chelsey,Morse,OK,Consumer,2024-06-20
4001,Kyle,Hall,MT,Consumer,2024-08-05
4002,Melissa,Wright,MI,Consumer,2025-11-08
4003,Robert,Sullivan,ID,Consumer,2025-10-12
4004,Monica,Cobb,DE,Consumer,2024-08-09
4005,Alyssa,Smith,FM,Consumer,2021-10-17
4006,Travis,Collins,PA,Consumer,2026-08-31
4007,Tracey,Rich,NY,Consumer,2022-01-03
4008,Douglas,Lara,WV,Consumer,2025-07-13
4009,Dawn,Ingram,OR,Consumer,2024-02-26
4010,Kim,Boone,HI,Consumer,2022-05-03
4011,Erik,Eaton,LA,Business,2022-03-02
4012,Nicholas,Ferguson,LA,Consumer,2022-06-27
4013,Lisa,Stewart,AL,Consumer,2022-05-18
4014,Melissa,Wang,SC,Business,2026-02-22
4015,Jason,Jones,IN,VIP,2025-10-23
4016,Bruce,Johnson,TX,Consumer,2022-09-11
4017,David,Anderson,AZ,Consumer,2023-06-13
4018,Dawn,Kemp,IL,Consumer,2024-03-14
4019,Bryan,Smith,OR,Business,2023-03-12
4020,Mathew,Powell,ND,Consumer,2024-06-09
4021,Brianna,Garner,TN,Consumer,2026-04-13
4022,Veronica,Singh,MN,Business,2025-12-30
4023,Thomas,Gomez,ME,Consumer,2024-02-28
4024,James,Adams,UT,Business,2022-12-03
4025,Gerald,Larson,CA,Consumer,2025-09-23
4026,Kara,Rogers,TN,Business,2022-12-06
4027,Jake,Long,CT,Business,2023-03-06
4028,Natalie,Hall,NH,Consumer,2024-02-25
4029,Carly,Hill,PW,Business,2026-08-15
4030,Patricia,Smith,OR,Business,2025-08-09
4031,Adrienne,Thompson,KY,Consumer,2022-09-16
4032,Charles,Foster,ND,Consumer,2026-01-22
4033,Courtney,Mills,NE,Consumer,2025-09-08
4034,Sandra,Vazquez,OR,Consumer,2025-12-21
4035,Karen,Hartman,CT,VIP,2022-05-03
4036,Lisa,Powell,WY,Consumer,2025-10-30
4037,Danielle,Christensen,MP,Business,2026-08-19
4038,Carla,Hood,GA,Consumer,2026-02-25
4039,Brian,Morales,WA,Consumer,2024-07-14
4040,Sarah,Rodriguez,CO,Consumer,2025-06-08
4041,Mark,Mccarthy,NE,Business,2024-05-30
4042,Jacqueline,King,NE,Consumer,2021-12-09
4043,Richard,Thomas,CO,Consumer,2024-04-28
4044,Zachary,Green,NE,Consumer,2026-02-02
4045,Charles,Reed,NH,Business,2022-05-12
4046,Dana,Harrington,GA,Consumer,2022-07-18
4047,Robert,Baxter,VA,Consumer,2026-02-10
4048,Jacob,Thornton,AK,Consumer,2025-06-19
4049,Christina,Cochran,AS,Consumer,2022-04-28
4050,Stephanie,Zamora,TN,Consumer,2026-02-15
4051,Amanda,Ramos,IN,Consumer,2021-10-01
4052,Samantha,Berger,PR,Consumer,2025-09-28
4053,Wesley,Allen,NH,Consumer,2024-12-05
4054,Heather,Kennedy,ME,Consumer,2022-09-27
4055,Chad,Jones,FL,Consumer,2022-04-21
4056,Scott,Ferguson,CA,Consumer,2022-05-09
4057,Justin,Soto,MN,Consumer,2025-01-16
4058,Fernando,Chang,LA,Consumer,2022-04-05
4059,Samantha,Sanchez,VA,Consumer,2022-05-26
4060,Kristen,Bridges,KS,Consumer,2024-07-05
4061,Robert,Jones,NE,VIP,2024-11-29
4062,Samantha,Clark,CT,VIP,2025-05-29
4063,Angela,Horn,PW,Consumer,2023-05-28
4064,Linda,Morales,WV,Consumer,2025-10-29
4065,Michael,Banks,TX,Consumer,2024-10-10
4066,Tracey,Howard,CT,Consumer,2026-06-02
4067,Ryan,Austin,HI,Consumer,2022-04-20
4068,Steven,Kim,FL,Consumer,2024-04-05
4069,Jennifer,Mccarthy,GA,Consumer,2024-10-29
4070,Leslie,Benitez,CO,Consumer,2024-07-31
4071,John,Middleton,VT,Consumer,2022-01-28
4072,Krista,Griffith,KS,Consumer,2022-08-03
4073,John,Reynolds,ME,Consumer,2026-06-22
4074,Richard,Austin,OK,Consumer,2023-07-08
4075,Melissa,Lynch,MT,Consumer,2023-02-09
4076,Clifford,Copeland,MH,Consumer,2025-08-26
4077,Jason,Welch,NC,Consumer,2026-03-14
4078,Shannon,Ward,TN,Consumer,2022-12-22
4079,Lacey,White,AK,Business,2025-04-29
4080,Kelsey,Stafford,PR,Consumer,2026-04-04
4081,Cody,Scott,PR,Consumer,2023-03-09
4082,Sarah,White,KS,Consumer,2026-09-14
4083,Sara,Taylor,ND,Business,2021-11-03
4084,Jennifer,Ayala,MD,Consumer,2022-05-19
4085,Mary,Cooper,RI,Business,2023-11-03
4086,Wayne,Young,GA,VIP,2024-11-16
4087,Tony,Meyers,CA,Consumer,2021-09-27
4088,Rachel,Wolfe,KS,Consumer,2023-10-12
4089,Justin,Green,AL,Consumer,2026-03-16
4090,Michael,Chang,NE,Consumer,2023-12-03
4091,Lucas,Bowers,AR,Consumer,2022-11-30
4092,Kimberly,Nguyen,CT,Consumer,2026-07-05
4093,George,Williams,AR,Business,2025-08-09
4094,Andrew,Wallace,ID,Consumer,2022-12-01
4095,Jessica,Meyers,LA,Consumer,2024-03-09
4096,Juan,Wright,PR,Business,2025-04-27
4097,Anne,Hanna,ND,Consumer,2023-08-22
4098,Jessica,Lang,AL,Business,2026-08-17
4099,Adam,Ford,OH,Consumer,2023-06-18
4100,Wayne,Lopez,MI,Business,2023-03-30
4101,Rebecca,Owens,NV,Consumer,2024-12-18
4102,Christopher,Jenkins,FL,Business,2026-01-10
4103,Victoria,Martinez,VI,Consumer,2024-04-20
4104,Jared,Jones,PW,Consumer,2024-10-13
4105,Ricky,Chan,MI,Consumer,2024-04-04
4106,Kristen,Clark,DE,Consumer,2023-03-01
4107,Amy,Clark,ND,Business,2024-05-21
4108,James,Cisneros,TN,VIP,2021-10-19
4109,Derrick,Dickerson,NM,Consumer,2024-03-22
4110,Daniel,Henry,NE,Consumer,2023-12-19
4111,Zachary,Camacho,MD,Consumer,2022-04-11
4112,Timothy,Murray,FL,Business,2022-01-06
4113,Barbara,Shaw,PA,Consumer,2022-03-21
4114,Victoria,Bell,NY,VIP,2025-12-05
4115,Laura,Higgins,IL,Consumer,2024-12-21
4116,Richard,Townsend,AZ,Consumer,2022-09-06
4117,Theodore,Burgess,KY,Consumer,2024-08-23
4118,Marissa,King,MH,Consumer,2024-06-29
4119,Alan,Pierce,NY,Business,2026-01-31
4120,Anthony,Brown,CT,Consumer,2023-05-22
4121,John,Herrera,SD,Consumer,2026-01-15
4122,James,Friedman,IN,VIP,2023-08-31
4123,Heidi,Clark,UT,Business,2025-07-19
4124,Wesley,Brown,DE,Consumer,2022-11-08
4125,Dominic,Rodriguez,WI,Consumer,2023-02-19
4126,Christopher,Smith,PR,Consumer,2025-02-22
4127,Tiffany,Reynolds,DC,Consumer,2024-12-25
4128,Frank,Dominguez,MN,Consumer,2022-02-02
4129,Cynthia,Sherman,ND,Consumer,2026-08-11
4130,Ashley,Klein,AZ,Consumer,2024-07-21
4131,Jennifer,Guerra,OR,VIP,2024-08-11
4132,Morgan,Moore,AR,Consumer,2022-05-18
4133,Jonathan,Sparks,MH,Consumer,2025-08-18
4134,Mark,Beasley,IA,Consumer,2024-01-13
4135,Erin,Wolfe,NC,Consumer,2022-01-27
4136,Lori,Jones,AK,Consumer,2024-12-16
4137,Thomas,Mcgrath,OK,Consumer,2023-05-31
4138,Kevin,Howard,AZ,Consumer,2023-10-02
4139,James,Williams,TN,VIP,2025-08-17
4140,Jacqueline,Kim,LA,Consumer,2022-04-11
4141,Julian,Lucas,WI,Consumer,2024-05-04
4142,Carol,Woods,NC,Consumer,2025-07-30
4143,Kimberly,Floyd,ME,VIP,2023-12-19
4144,Andrew,Williamson,MI,Consumer,2022-09-09
4145,Brittany,Peck,WA,Consumer,2023-03-23
4146,Lisa,Dodson,NC,Consumer,2023-08-21
4147,Clayton,Arnold,OH,VIP,2023-07-06
4148,Michael,Wade,FL,Business,2026-09-01
4149,Lydia,Winters,GA,Consumer,2025-01-20
4150,Jessica,Park,RI,Consumer,2024-09-17
4151,Steven,Taylor,AK,Consumer,2022-05-22
4152,Stacy,Harvey,CT,Consumer,2021-09-26
4153,Brenda,Patrick,AZ,Consumer,2025-07-04
4154,Jessica,Small,MA,Consumer,2023-03-18
4155,Laurie,Matthews,MO,Consumer,2026-03-08
4156,Kristin,Jenkins,MH,VIP,2022-08-21
4157,Amy,Schmidt,SD,Consumer,2026-02-19
4158,Alexandria,Williams,SD,Consumer,2021-11-16
4159,Jennifer,Smith,NH,Business,2026-04-29
4160,Linda,Evans,TN,Business,2024-04-25
4161,Justin,Fox,VT,Consumer,2022-11-13
4162,Angela,Rivera,CO,Consumer,2025-04-19
4163,Christine,Perry,MD,Business,2026-02-11
4164,George,Nichols,AK,Business,2025-05-13
4165,Juan,Evans,PA,Consumer,2023-04-20
4166,Timothy,Gill,MN,Consumer,2025-12-09
4167,Tiffany,Carson,IN,Consumer,2024-12-12
4168,Seth,Elliott,AK,Business,2025-10-18
4169,Christy,Ferguson,OK,Consumer,2024-04-22
4170,Amy,Shaw,IN,Consumer,2025-10-05
4171,Christopher,West,TN,Consumer,2024-06-13
4172,Jennifer,Ray,WY,Consumer,2026-06-28
4173,Shawn,Hodges,AK,Consumer,2023-01-04
4174,Brandy,Phelps,OK,Consumer,2026-08-21
4175,Michelle,Adams,NV,Consumer,2023-03-17
4176,Kristy,Reid,CO,Consumer,2026-08-26
4177,Joseph,Collins,OH,Consumer,2026-04-06
4178,Juan,Santiago,NH,Consumer,2023-05-13
4179,Benjamin,Garcia,PR,Consumer,2025-05-19
4180,Charles,Perry,NJ,Consumer,2022-04-11
4181,Richard,Hoover,VA,Consumer,2024-03-15
4182,Kimberly,Spencer,NY,Consumer,2025-10-24
4183,Gary,George,ID,Consumer,2023-04-19
4184,Adam,Roberson,VA,Consumer,2024-10-21
4185,Anthony,Carrillo,WI,Consumer,2023-09-30
4186,Jeffrey,Barnes,UT,Consumer,2023-10-25
4187,Jill,Carroll,KS,Consumer,2026-08-28
4188,Glenn,Delgado,DC,Consumer,2025-09-15
4189,Luis,Cabrera,TN,Consumer,2023-07-24
4190,Robin,Gilbert,ND,Consumer,2021-11-03
4191,Jared,Carrillo,WY,Business,2026-03-18
4192,Karen,Gilbert,AK,Business,2025-04-12
4193,Andrew,Davis,IA,Consumer,2024-02-22
4194,Robert,Ryan,TX,Business,2023-07-13
4195,David,Cameron,AL,Consumer,2022-09-08
4196,Paul,Vasquez,ID,Consumer,2024-09-02
4197,Richard,Allen,MS,Consumer,2021-12-20
4198,Jason,Frey,WA,Consumer,2025-12-28
4199,Cindy,Anderson,VA,Business,2025-08-01
4200,Brian,Gray,MH,Consumer,2025-09-28
4201,Marcus,Harris,MD,Consumer,2024-02-03
4202,Morgan,Gilmore,NY,Consumer,2026-08-25
4203,Jamie,Rodriguez,KY,Consumer,2023-04-19
4204,Donald,Douglas,NC,Consumer,2023-05-14
4205,Lindsay,Terry,UT,Business,2022-01-18
4206,Caitlin,Mueller,NC,Consumer,2024-02-19
4207,April,Flynn,IL,Consumer,2024-01-12
4208,Jasmine,Fitzgerald,VT,Consumer,2026-02-08
4209,Robert,Mccormick,ME,Business,2022-04-17
4210,Beth,Rush,IA,Consumer,2023-11-28
4211,Megan,Washington,OH,Consumer,2026-05-14
4212,Adrian,Reilly,CA,Consumer,2024-06-12
4213,Tiffany,Schultz,KS,Business,2025-11-09
4214,Nathaniel,Ryan,MT,Business,2024-02-09
4215,Erin,Harvey,NH,VIP,2022-03-29
4216,Nicholas,Clark,CO,Consumer,2026-08-13
4217,Juan,Williams,WI,Business,2022-12-10
4218,Jeremiah,Bernard,CO,Consumer,2022-05-31
4219,Ryan,Henderson,NV,Consumer,2022-07-28
4220,Beth,Alvarez,PA,Consumer,2025-10-01
4221,Brandon,Lewis,NC,Consumer,2021-09-30
4222,Paul,Cooper,IN,Consumer,2025-06-30
4223,Jack,Hall,WY,Consumer,2022-11-29
4224,Patricia,Bennett,PW,Consumer,2024-12-11
4225,Jason,Webb,AS,Consumer,2021-12-06
4226,Helen,Cherry,MP,Consumer,2021-12-20
4227,Angela,Pierce,WA,Consumer,2024-01-25
4228,Jonathan,Espinoza,KS,Business,2026-07-11
4229,Austin,Ross,AS,Consumer,2025-02-23
4230,Patrick,Martin,CO,Consumer,2025-12-13
4231,Meagan,Marquez,MA,Consumer,2024-03-01
4232,Keith,Wright,MT,Consumer,2023-01-16
4233,Victoria,Montgomery,NJ,Consumer,2026-04-18
4234,Timothy,Roberts,AL,Consumer,2022-11-18
4235,Julia,Wood,ME,Consumer,2023-05-25
4236,Erica,Scott,OK,Consumer,2023-02-03
4237,Sharon,Diaz,FM,Consumer,2023-09-09
4238,Pamela,Swanson,MI,Business,2021-09-25
4239,David,Tyler,DC,Consumer,2025-10-05
4240,Diane,Hampton,NC,VIP,2025-09-14
4241,Sheila,Craig,CA,Consumer,2023-03-11
4242,David,Hodge,IN,Consumer,2023-04-20
4243,Paul,Thompson,GU,Consumer,2026-05-13
4244,Isabella,Hoffman,NM,Business,2023-10-11
4245,Emily,Lee,MI,Consumer,2024-06-01
4246,Natalie,Schaefer,OR,Consumer,2024-01-03
4247,Patricia,Jones,DE,Consumer,2022-05-22
4248,Anita,Frost,KY,Consumer,2024-01-03
4249,Bruce,Jackson,MT,VIP,2025-11-29
4250,Samuel,Thompson,MN,Business,2021-11-29
4251,Ashlee,Nichols,UT,Consumer,2024-09-04
4252,Christopher,Combs,AK,Business,2022-08-04
4253,Shannon,Harmon,CT,Consumer,2024-05-08
4254,Travis,Kelley,AZ,Consumer,2025-10-23
4255,Heidi,Mcclain,NY,Consumer,2021-11-12
4256,Brittany,Zimmerman,NH,VIP,2025-08-01
4257,Tyler,Brown,FL,Consumer,2023-04-28
4258,Kellie,Barker,VI,Consumer,2025-01-11
4259,April,Jacobs,OH,Consumer,2022-01-12
4260,Jerry,Perez,MA,Consumer,2023-01-28
4261,Jonathan,Mckay,ID,Business,2022-10-15
4262,Jeremy,Hopkins,ME,Consumer,2022-05-19
4263,Joseph,Cisneros,CT,Business,2023-09-30
4264,Jennifer,Ray,WA,VIP,2022-10-22
4265,Ryan,Simpson,OH,VIP,2021-10-29
4266,Melissa,Schwartz,NC,Consumer,2022-09-17
4267,David,Ortega,AK,Consumer,2023-05-07
4268,Lisa,Phillips,FM,Consumer,2024-08-27
4269,Theresa,Smith,FM,Business,2024-02-16
4270,Robert,Moss,VA,Consumer,2026-09-15
4271,Natalie,Martin,CT,Consumer,2026-03-26
4272,Bradley,Woods,WV,Consumer,2022-06-29
4273,Courtney,Campbell,CT,Consumer,2021-11-16
4274,Jessica,Hamilton,NV,Business,2023-05-26
4275,Patrick,Gardner,LA,Consumer,2024-10-07
4276,Whitney,Morales,PA,Consumer,2025-08-04
4277,Christopher,Johnston,FL,Consumer,2022-05-25
4278,Yolanda,Blackburn,NE,Consumer,2025-08-30
4279,Micheal,Mcneil,MI,Consumer,2022-12-01
4280,Wesley,Wong,FL,Consumer,2026-03-31
4281,Sarah,Navarro,NY,Consumer,2025-11-18
4282,Brent,Paul,NH,Consumer,2023-02-11
4283,Dennis,Lee,KY,Consumer,2022-12-29
4284,Christopher,Wright,WY,Consumer,2021-11-07
4285,Mackenzie,Mejia,RI,Consumer,2022-08-11
4286,Adam,Olson,CT,Consumer,2022-08-19
4287,Ashley,Baird,AZ,Consumer,2023-01-19
4288,Tiffany,Anderson,WY,Consumer,2023-12-13
4289,Michael,Romero,PW,Consumer,2024-09-29
4290,Elizabeth,Rodriguez,ND,Consumer,2023-03-05
4291,Tammy,Bishop,CT,Consumer,2024-01-21
4292,Kimberly,Hughes,MH,Consumer,2023-11-08
4293,Brandy,Jenkins,LA,Consumer,2025-05-04
4294,Glenn,Nelson,GU,Consumer,2025-10-09
4295,David,Merritt,DC,Consumer,2022-05-15
4296,Eric,Lopez,VA,Consumer,2023-12-22
4297,Kristina,Davis,ID,Business,2025-03-12
4298,Michael,Thomas,AZ,Consumer,2025-05-11
4299,Michael,Pope,HI,Consumer,2022-02-28
4300,Sara,Velazquez,NC,Consumer,2026-07-28
4301,Gregory,Nelson,PW,Consumer,2024-03-05
4302,Monique,Schroeder,SC,Consumer,2025-11-22
4303,Stephanie,Johnson,SD,Consumer,2024-07-24
4304,Christopher,Lyons,GU,Business,2022-07-07
4305,Eric,Diaz,IA,Consumer,2021-09-21
4306,Shawna,Gonzalez,MD,Consumer,2025-04-23
4307,Holly,Mason,MA,Consumer,2023-06-29
4308,Jennifer,Woods,MP,Consumer,2026-07-31
4309,Rachael,Phillips,AZ,Consumer,2025-02-25
4310,Bradley,Mejia,GA,Consumer,2023-03-12
4311,Brian,Gonzalez,NV,Consumer,2023-01-16
4312,Gail,Norman,DE,Consumer,2024-10-07
4313,Linda,Rogers,IL,Consumer,2023-12-21
4314,Gregory,Grimes,LA,Consumer,2024-04-03
4315,Kathryn,Watts,MO,Consumer,2021-10-26
4316,Nicole,Schmidt,FL,Business,2024-11-29
4317,Elizabeth,Johnson,MT,Business,2024-06-09
4318,Madison,Pitts,KY,Consumer,2025-08-10
4319,Tammy,Pham,NY,Consumer,2022-01-12
4320,Amanda,Maldonado,AS,Consumer,2023-04-08
4321,Carl,Green,AL,Consumer,2026-03-16
4322,Patrick,Harrison,PA,Business,2024-03-17
4323,Jamie,Walters,KS,Consumer,2026-04-02
4324,Curtis,Rivas,PW,Business,2026-06-16
4325,Katherine,Bailey,ID,Consumer,2024-05-05
4326,Jennifer,Graves,WI,Business,2022-09-11
4327,Eddie,Hughes,OR,Consumer,2022-01-20
4328,Jerry,Hunt,HI,Consumer,2022-02-26
4329,Shelby,David,IL,Consumer,2021-10-08
4330,Maria,Spencer,NE,Consumer,2026-05-10
4331,Andrew,Norris,OH,Consumer,2022-08-02
4332,Jillian,Bailey,VT,Consumer,2023-02-16
4333,Jennifer,Hunt,NC,Consumer,2022-04-11
4334,Jeremiah,Valentine,DC,Consumer,2024-04-12
4335,Meagan,Perez,TX,Business,2022-12-24
4336,Scott,Acosta,IA,Consumer,2022-09-14
4337,David,Campbell,NE,Consumer,2026-05-10
4338,Sean,Kelley,MP,Consumer,2023-03-30
4339,Angela,Martin,TN,Consumer,2026-03-22
4340,Tommy,Alexander,KY,Consumer,2026-08-18
4341,Brandon,Johnson,NV,Business,2023-08-16
4342,Robert,Riley,SD,Consumer,2021-12-22
4343,Amanda,Lynch,MS,Consumer,2025-06-12
4344,Sandra,Gardner,NM,Consumer,2026-06-25
4345,Kevin,Owen,WY,Business,2023-11-17
4346,Courtney,Miller,MP,Consumer,2026-08-09
4347,Robert,Allen,ND,VIP,2024-07-09
4348,Dawn,Howard,VT,Consumer,2025-12-31
4349,Tara,Bradley,OR,Consumer,2026-02-13
4350,Christine,Jackson,OH,Consumer,2024-06-20
4351,Nicholas,Harris,PW,Consumer,2023-08-18
4352,Robert,Hancock,NH,Consumer,2023-02-04
4353,Monique,Simon,AS,Consumer,2022-01-02
4354,John,Rivera,NM,Consumer,2023-06-11
4355,Ashley,Lopez,CO,Business,2023-02-03
4356,Sharon,Strickland,NV,Consumer,2024-01-31
4357,Lisa,Walker,OR,Business,2023-03-31
4358,Sandra,Strickland,RI,Business,2025-05-25
4359,Jesse,Ponce,NH,Consumer,2025-06-13
4360,Matthew,Campbell,HI,Consumer,2022-01-14
4361,Joel,Kelly,IA,Business,2023-11-09
4362,Stephanie,Blevins,SD,Business,2022-12-11
4363,Samantha,Garza,KS,Consumer,2024-01-07
4364,Tiffany,Booth,MT,Consumer,2022-07-12
4365,Christine,Moran,NV,VIP,2025-01-09
4366,Victor,Simon,VT,Consumer,2023-03-31
4367,Jennifer,Fox,CT,Business,2024-08-20
4368,Jennifer,Lee,VT,Consumer,2025-01-26
4369,Gabriel,Parker,PR,Business,2025-05-04
4370,Mitchell,Stewart,OR,Consumer,2026-09-08
4371,Rachel,Hernandez,MI,Consumer,2022-05-03
4372,Heather,Stokes,MS,Consumer,2024-07-10
4373,Kristin,Hawkins,PA,Consumer,2022-05-09
4374,James,Crawford,KY,Consumer,2022-07-05
4375,James,James,MT,Consumer,2023-12-05
4376,Kenneth,Harper,PA,Consumer,2021-12-15
4377,Christine,Martin,VT,Consumer,2025-11-21
4378,Rodney,Phillips,VA,Consumer,2026-08-11
4379,George,Garcia,GA,Business,2021-11-22
4380,Morgan,Schroeder,NH,Consumer,2023-05-09
4381,Christina,Wilcox,WI,VIP,2023-04-04
4382,Jonathan,Carter,GA,VIP,2022-04-25
4383,Vincent,Lee,MN,Business,2023-03-01
4384,George,Mckenzie,HI,Consumer,2024-07-12
4385,Jessica,Shaw,FM,Consumer,2026-03-09
4386,Dale,Mcclure,VT,Consumer,2026-06-02
4387,Kendra,Carlson,UT,Consumer,2025-01-30
4388,David,Shaffer,AK,Consumer,2023-11-08
4389,Cassie,Griffith,UT,Consumer,2024-01-21
4390,Monica,Johnson,AZ,Consumer,2024-02-27
4391,Anita,Nguyen,NM,Consumer,2021-12-10
4392,Daniel,Nicholson,RI,Consumer,2025-10-05
4393,Diane,Price,ME,Consumer,2024-12-03
4394,Andrew,Ward,PR,Consumer,2026-09-13
4395,Bobby,Mosley,CT,Consumer,2025-09-23
4396,Becky,Pratt,PW,Business,2025-08-17
4397,Rachel,Ford,WI,Consumer,2023-06-27
4398,Jessica,Jordan,CT,Consumer,2024-10-21
4399,Arthur,King,GA,Consumer,2022-04-10
4400,Brad,Hunter,DE,Consumer,2026-05-21
4401,Jeffrey,Henson,VA,VIP,2025-07-29
4402,Carol,Carroll,MS,Business,2026-03-22
4403,Mallory,Kim,NC,Consumer,2025-09-19
4404,Evan,Turner,SD,Consumer,2025-09-28
4405,Linda,Sparks,AL,Business,2024-10-30
4406,Lori,Smith,MT,Business,2026-03-02
4407,Mark,Brown,OR,Consumer,2025-12-12
4408,Kyle,Webster,AZ,Business,2026-01-10
4409,Anna,Lucero,PR,Consumer,2024-01-03
4410,Brandon,Thomas,AZ,Consumer,2023-10-25
4411,Kenneth,Zamora,NM,Consumer,2025-09-28
4412,Amanda,Robinson,MH,VIP,2025-08-04
4413,Debbie,Blankenship,DC,Consumer,2022-07-23
4414,Jillian,Orozco,KS,Consumer,2024-03-27
4415,Ian,Hernandez,NJ,Consumer,2022-05-11
4416,Laura,Sanford,PW,Business,2022-03-28
4417,Savannah,Thomas,ND,Consumer,2026-09-05
4418,Paul,Jones,CO,Consumer,2024-04-13
4419,Kimberly,Cox,WY,Consumer,2026-03-12
4420,Emily,Leon,AK,Business,2023-12-16
4421,Emily,Ellison,WA,Consumer,2024-10-21
4422,Christian,Donaldson,TN,Consumer,2023-03-22
4423,Sabrina,Decker,NV,Consumer,2022-03-18
4424,Glenn,Buckley,MI,Business,2024-04-13
4425,James,Jones,FL,Consumer,2026-09-07
4426,Karen,Rose,AL,Consumer,2022-12-18
4427,Michael,Flynn,IA,VIP,2026-02-27
4428,Derek,Miller,MS,Consumer,2023-07-18
4429,Danielle,Cortez,AZ,Consumer,2024-11-28
4430,Bethany,Thompson,SD,Consumer,2026-05-07
4431,Laura,Cross,WI,VIP,2023-06-12
4432,Craig,Johnson,NV,Consumer,2022-07-28
4433,Aimee,Mccoy,MP,Consumer,2022-04-06
4434,Cindy,Romero,NH,Consumer,2026-03-11
4435,Eddie,Stevenson,RI,Consumer,2021-11-02
4436,Kristen,Johnson,ME,Consumer,2023-08-19
4437,Jennifer,Rogers,OR,Consumer,2022-06-14
4438,Francisco,Johnson,HI,Consumer,2022-10-03
4439,Regina,Smith,GU,Consumer,2023-03-31
4440,Lauren,Christian,PW,Business,2026-01-26
4441,Amanda,Phillips,OK,Consumer,2025-10-30
4442,Melissa,Bowers,GA,Consumer,2024-12-22
4443,Nicole,Harmon,AL,Consumer,2024-09-26
4444,Tara,Dunn,HI,Consumer,2022-03-02
4445,Chad,Anderson,DE,Consumer,2022-04-30
4446,Christina,Chapman,NJ,Consumer,2025-04-06
4447,Paula,Haley,SD,Consumer,2022-06-02
4448,Melissa,Wilson,UT,Consumer,2025-05-30
4449,Ashley,Khan,MD,Consumer,2025-02-11
4450,Robert,Delgado,NH,Consumer,2023-02-20
4451,John,Gross,ME,Business,2024-05-16
4452,Jeffrey,Cruz,AL,Consumer,2022-07-28
4453,Allison,Francis,PA,Business,2022-06-11
4454,Steven,Rice,DE,Consumer,2024-03-26
4455,Karen,Baker,MO,Consumer,2023-08-20
4456,Patricia,Rodriguez,WI,Consumer,2024-11-18
4457,Tami,Frank,LA,Consumer,2023-08-31
4458,Eric,Huynh,RI,Consumer,2025-02-23
4459,Lucas,Phelps,SD,Business,2024-09-08
4460,Donald,Thompson,WI,Consumer,2024-12-10
4461,Danielle,King,ME,Consumer,2022-07-13
4462,Leslie,Wagner,MT,Consumer,2022-11-17
4463,Dana,Bradford,SC,Consumer,2022-03-01
4464,Heidi,Frye,TX,Consumer,2021-12-13
4465,Lori,Riggs,CT,Consumer,2026-05-04
4466,Cory,Obrien,OH,Consumer,2026-08-24
4467,Daniel,Sanchez,UT,Consumer,2026-02-25
4468,John,Hernandez,FM,Business,2025-04-21
4469,James,Flores,MS,Consumer,2024-07-01
4470,Jason,Sanders,NC,Consumer,2024-11-08
4471,Barry,Palmer,NE,Consumer,2026-09-10
4472,Amy,Roberts,TN,Consumer,2025-01-11
4473,Lauren,Garza,CT,Consumer,2022-05-24
4474,Robert,Martin,PA,Consumer,2026-03-20
4475,Kelly,Watkins,MS,Consumer,2023-07-06
4476,Tabitha,Lewis,WI,Consumer,2025-12-31
4477,Tyler,Rose,AK,Consumer,2025-03-10
4478,Brett,Warren,ME,Consumer,2022-01-26
4479,Ronald,Lewis,ME,Consumer,2022-10-22
4480,Thomas,Robinson,AZ,Business,2025-10-15
4481,Eric,Castillo,MO,VIP,2023-05-21
4482,David,Harmon,GU,Consumer,2023-07-21
4483,Judith,Hayes,MD,Consumer,2025-10-20
4484,Eric,Harris,AK,VIP,2022-05-15
4485,Theresa,Brown,ID,Consumer,2025-01-14
4486,Michael,Day,LA,Business,2025-05-24
4487,Benjamin,Gill,NJ,Consumer,2022-11-10
4488,Sean,Roberts,CA,Business,2024-11-26
4489,Allison,Simpson,KY,Consumer,2024-09-25
4490,Gabriel,Boyd,GU,Consumer,2025-11-14
4491,Rhonda,Barnes,CO,Business,2023-07-22
4492,Amy,Love,NV,Consumer,2025-08-19
4493,John,Vazquez,PA,Business,2022-07-16
4494,Julie,Wilson,CO,VIP,2026-03-18
4495,Jerry,Moore,WI,Consumer,2022-12-10
4496,Jonathan,Oconnell,NM,Consumer,2023-02-06
4497,Brandon,Oliver,IN,Consumer,2026-05-29
4498,Mary,Cameron,MP,Consumer,2023-10-15
4499,Ryan,Greene,GA,Business,2024-08-06
4500,Carol,Matthews,TN,Consumer,2023-11-24
4501,Jeremy,Cook,NM,Consumer,2026-05-29
4502,John,Gill,ND,Consumer,2025-04-19
4503,Christine,Raymond,IN,Consumer,2026-08-06
4504,Lori,Snyder,OK,Business,2021-09-19
4505,Monica,Johnson,AR,Consumer,2023-05-28
4506,Alicia,Ferrell,IA,Consumer,2024-12-10
4507,Charles,Sutton,GU,Business,2024-08-20
4508,Joshua,Nelson,IL,Business,2024-11-13
4509,Curtis,Martinez,MO,VIP,2024-03-31
4510,Andrew,Perez,OK,Consumer,2024-09-08
4511,Kimberly,Watkins,ND,Business,2024-01-16
4512,Christopher,Nielsen,MS,Business,2022-03-15
4513,Ashley,Morgan,MI,Consumer,2026-01-08
4514,Gary,Meyer,NJ,Consumer,2024-10-07
4515,Jacqueline,Leblanc,IN,Consumer,2023-11-21
4516,Joshua,David,WA,Business,2022-09-12
4517,Harold,Wallace,NC,Consumer,2024-04-08
4518,Jose,Saunders,OR,Consumer,2024-11-09
4519,Joseph,Ho,AS,Consumer,2026-06-27
4520,Sarah,Haley,CA,Consumer,2024-10-04
4521,Cody,Bruce,VI,Consumer,2023-08-24
4522,Phillip,Mayer,FL,Consumer,2026-08-19
4523,Wendy,Hernandez,AR,Consumer,2026-02-06
4524,Wendy,Sandoval,NV,Consumer,2025-01-18
4525,Stephanie,Anderson,AS,Consumer,2022-01-07
4526,Chad,Chase,VI,Consumer,2026-08-17
4527,Paul,Miller,DE,Consumer,2022-07-18
4528,Dominique,Kerr,NH,Consumer,2022-08-09
4529,Erik,White,MO,Consumer,2023-06-13
4530,Christopher,Hernandez,MD,Consumer,2025-07-13
4531,Julie,Stewart,UT,Consumer,2022-12-14
4532,Kyle,Smith,NE,Consumer,2025-05-05
4533,David,Dillon,NC,Business,2025-02-16
4534,Amanda,Martin,IA,Consumer,2026-07-29
4535,David,Adams,CA,Consumer,2022-11-17
4536,Daniel,Lowe,CA,Consumer,2026-05-13
4537,Bobby,Miller,DC,Consumer,2024-01-11
4538,Kenneth,Shea,CO,Consumer,2025-04-02
4539,Joshua,Mills,FM,Consumer,2023-06-28
4540,Christopher,Mcgee,PW,Consumer,2023-01-27
4541,Toni,Curry,WV,Business,2025-11-25
4542,Monica,Palmer,NC,Consumer,2024-05-15
4543,Gary,Thompson,AK,VIP,2023-08-31
4544,Corey,Blair,VA,Consumer,2024-03-26
4545,Katie,Salazar,SD,Consumer,2022-11-12
4546,April,Miller,PW,Consumer,2023-12-14
4547,Sabrina,Anderson,AK,Consumer,2023-07-07
4548,Zachary,Combs,FM,VIP,2025-11-12
4549,Amy,Beltran,HI,Consumer,2024-02-20
4550,Stephanie,Munoz,DC,VIP,2024-03-14
4551,Edward,Adams,HI,Consumer,2022-09-05
4552,Eddie,Evans,NJ,Business,2023-11-28
4553,Eric,Cervantes,NC,Consumer,2025-08-03
4554,Erica,Perkins,FL,Consumer,2025-09-16
4555,Samuel,Michael,AS,Business,2025-12-28
4556,Susan,Jimenez,IN,Consumer,2026-05-23
4557,Amanda,Shepherd,AK,Consumer,2025-01-08
4558,Elizabeth,Peters,PA,Consumer,2023-11-26
4559,Donna,Harris,LA,Consumer,2021-12-06
4560,Cory,Kaiser,UT,Consumer,2022-07-06
4561,Steven,Watson,MS,Consumer,2023-12-01
4562,Marvin,Mora,TX,Business,2023-11-05
4563,Gary,Wheeler,MO,VIP,2023-02-18
4564,Gary,Wolf,IN,Consumer,2022-03-01
4565,Alexander,Abbott,NM,Business,2022-04-26
4566,James,Ramos,ME,Consumer,2025-12-31
4567,Kayla,Miller,WI,Business,2025-08-28
4568,Jennifer,Robbins,MO,Consumer,2025-07-10
4569,Cassandra,Smith,NE,Consumer,2024-01-31
4570,Michael,Ball,MD,Consumer,2026-05-08
4571,Lynn,Clark,TX,Consumer,2023-11-12
4572,Kyle,Parrish,AL,Consumer,2023-04-03
4573,David,Smith,MH,Consumer,2026-05-27
4574,Christopher,Mercado,NJ,VIP,2025-04-08
4575,Jeremy,Mooney,NJ,Business,2023-11-03
4576,Billy,Smith,SC,Consumer,2023-02-03
4577,Robert,Wilson,UT,Consumer,2023-05-26
4578,Carl,Robinson,GA,Consumer,2026-02-26
4579,Matthew,Hines,NV,Business,2024-05-06
4580,Jacob,Perkins,IN,Business,2023-04-25
4581,Robert,Parker,AK,Consumer,2022-07-11
4582,Bruce,Anderson,FL,Consumer,2023-02-28
4583,Joseph,Maldonado,AZ,Business,2025-09-11
4584,Kenneth,Rodriguez,NC,Consumer,2021-10-17
4585,Catherine,Johnson,VI,Consumer,2024-07-15
4586,Christy,Reynolds,AR,Business,2024-02-25
4587,Kimberly,French,SD,Consumer,2025-12-19
4588,Amanda,Wright,AR,VIP,2023-09-05
4589,Jordan,Bryant,NH,Consumer,2021-10-14
4590,Anthony,Moore,AS,Business,2025-10-20
4591,Lindsay,Cabrera,VT,Consumer,2024-01-18
4592,Stuart,Willis,VI,Consumer,2022-12-23
4593,Michael,Barnes,VA,Consumer,2026-09-13
4594,Tricia,Barry,OR,Business,2026-05-12
4595,Christopher,Pope,TX,Consumer,2023-05-08
4596,Daryl,Macdonald,WA,Business,2025-04-12
4597,David,Cox,PW,Consumer,2022-01-17
4598,Cameron,Ramirez,VT,Consumer,2023-06-03
4599,Emily,Beck,OH,Consumer,2025-12-31
4600,Paul,Gray,AZ,Consumer,2026-08-07
4601,Kevin,Hoffman,GU,Consumer,2022-07-08
4602,Joseph,Medina,MP,Consumer,2025-09-08
4603,Laura,Dennis,AK,Consumer,2025-08-04
4604,Jessica,Cook,CA,Consumer,2022-05-08
4605,Alexis,Waters,FM,Consumer,2025-01-31
4606,Marissa,Hodges,WV,Consumer,2021-10-27
4607,Zachary,Morton,AR,Consumer,2023-07-10
4608,Amy,Wright,AL,Consumer,2024-02-25
4609,Alan,Harmon,IN,Business,2026-01-30
4610,Jake,Smith,NJ,Consumer,2023-02-12
4611,Thomas,Washington,SC,Consumer,2021-10-12
4612,Kimberly,Armstrong,MI,Consumer,2022-08-23
4613,Shane,Mcpherson,WI,Consumer,2026-06-27
4614,Marc,Obrien,VA,Consumer,2023-11-19
4615,Susan,Cochran,WA,Business,2025-06-13
4616,Jason,Herrera,KS,Consumer,2022-07-03
4617,Michelle,Norman,KY,Consumer,2025-03-08
4618,Amy,Williams,FM,Business,2022-12-16
4619,Charles,Dickerson,CO,Consumer,2025-11-01
4620,Christina,Lee,DE,Business,2024-02-21
4621,Lisa,Ramsey,UT,Consumer,2025-10-14
4622,Kenneth,Simpson,MP,Business,2025-02-02
4623,Jasmine,Hardy,PA,Business,2023-11-21
4624,Tammy,Johnson,ND,Consumer,2025-07-23
4625,Bruce,Gonzalez,FL,Consumer,2024-07-03
4626,Charles,Conway,NC,Business,2025-08-10
4627,Michael,Mays,VA,Consumer,2021-10-28
4628,Adam,Colon,RI,Consumer,2026-01-19
4629,Stephanie,Terry,AS,Consumer,2024-02-25
4630,Jasmin,Thompson,HI,Consumer,2023-04-30
4631,Brenda,Curry,CO,Consumer,2023-04-18
4632,Peter,Bennett,PW,Consumer,2023-03-25
4633,Amber,Chavez,AK,Consumer,2025-02-25
4634,Brenda,Lowe,MO,Business,2024-02-05
4635,Kathryn,Harris,VI,VIP,2025-11-17
4636,Trevor,Winters,PA,Business,2022-04-14
4637,Haley,Perry,NC,Consumer,2024-04-03
4638,Anthony,Randolph,LA,Consumer,2022-06-03
4639,Kathleen,Wilson,VT,Consumer,2024-06-02
4640,Joseph,Marsh,DE,Consumer,2026-06-09
4641,Ashley,Roberts,ID,Consumer,2023-11-19
4642,Alexandria,Burns,PR,Business,2022-10-23
4643,David,Butler,KY,Consumer,2024-07-18
4644,Michele,Christensen,CT,Consumer,2023-02-10
4645,Raymond,Lee,SD,Consumer,2026-02-23
4646,Donna,Bryant,NM,Consumer,2022-04-22
4647,Karen,Golden,FM,Business,2023-03-06
4648,Candace,Ballard,MT,Business,2026-06-03
4649,Bryan,King,HI,Consumer,2022-12-09
4650,Mark,Smith,SD,Consumer,2023-03-14
4651,Pamela,Esparza,MD,Consumer,2025-03-13
4652,Heather,Martin,MH,Consumer,2026-01-12
4653,Justin,Marquez,WY,Consumer,2023-07-01
4654,Ryan,Ramirez,AZ,Business,2025-09-16
4655,Todd,Franklin,WI,Consumer,2024-10-04
4656,John,Patton,LA,Consumer,2025-05-03
4657,Robert,Mills,MO,Consumer,2024-12-30
4658,Theresa,Howell,MO,VIP,2026-08-08
4659,Ronald,Burns,FL,Consumer,2024-06-08
4660,Kimberly,Snyder,MD,Consumer,2023-01-20
4661,Jason,Myers,CO,Consumer,2022-08-21
4662,Erica,Ward,MT,Consumer,2024-03-10
4663,Michael,Jones,OK,Consumer,2024-01-26
4664,Omar,Lucas,KY,VIP,2022-07-27
4665,Teresa,Ford,MD,Consumer,2025-02-18
4666,Stanley,Bean,CT,Consumer,2022-05-21
4667,Melissa,Diaz,SC,Consumer,2025-08-17
4668,Cheryl,Waters,NJ,Consumer,2024-04-10
4669,Gina,Miller,KY,Consumer,2024-11-16
4670,Brendan,Stephens,OH,Consumer,2023-12-13
4671,Amy,Reid,AK,Consumer,2022-06-12
4672,Gregory,Dalton,RI,Business,2026-03-01
4673,Ryan,Arnold,SC,Consumer,2024-09-29
4674,Matthew,Castro,FM,Business,2023-10-25
4675,Kimberly,Branch,SC,Business,2021-10-01
4676,Kevin,Bowen,MT,Consumer,2024-10-02
4677,Christine,Smith,NH,Consumer,2023-12-06
4678,Connor,Randall,GA,Consumer,2021-12-08
4679,Whitney,Lopez,OH,Business,2024-03-11
4680,Stacy,Anderson,DC,Consumer,2022-06-09
4681,Justin,Carter,IL,Consumer,2022-12-14
4682,Mary,Martinez,VT,Consumer,2024-03-11
4683,Jason,Thompson,NJ,Consumer,2022-03-08
4684,Jason,Yang,MT,Consumer,2026-04-11
4685,Dominic,Graves,RI,Consumer,2022-02-06
4686,Christina,Nelson,WY,VIP,2021-11-01
4687,Emily,Coleman,WA,Consumer,2026-04-10
4688,Natalie,Davis,NV,Consumer,2023-03-04
4689,Ryan,Underwood,AL,Consumer,2024-05-13
4690,David,Townsend,GU,Consumer,2022-02-19
4691,Evelyn,Decker,GU,Business,2022-02-20
4692,Jennifer,Shields,AS,Consumer,2023-06-26
4693,Timothy,Carroll,OK,Consumer,2025-03-13
4694,Marie,Edwards,CT,Business,2021-12-18
4695,Melissa,Wolf,MS,Consumer,2026-08-11
4696,Jorge,Christian,MP,Business,2023-12-24
4697,Katherine,Steele,KS,Consumer,2021-10-31
4698,Jennifer,Keller,NJ,Consumer,2025-08-28
4699,Keith,Stout,AL,Business,2022-10-12
4700,Shelby,Preston,NH,Consumer,2026-08-16
4701,Lynn,Sanders,MD,Business,2026-02-06
4702,Carrie,Butler,OH,Consumer,2024-11-17
4703,Leslie,Galloway,LA,Business,2024-05-16
4704,Melanie,Lambert,GA,Business,2022-09-10
4705,Gregory,Harper,RI,Consumer,2023-12-18
4706,Christine,Salinas,MN,Consumer,2025-08-10
4707,Stephen,Peters,IA,Consumer,2022-10-05
4708,Cheryl,Thompson,ND,Consumer,2024-10-12
4709,Matthew,Stewart,PW,Business,2023-01-21
4710,Deborah,Anderson,MT,Consumer,2021-12-23
4711,Amy,Ross,NH,Consumer,2021-11-27
4712,Dawn,Smith,NE,Consumer,2022-10-18
4713,Sean,Lewis,OH,VIP,2023-08-25
4714,Angela,Wells,AK,Business,2022-11-28
4715,Alexis,Navarro,OH,Consumer,2023-08-13
4716,Anne,Rose,IL,Consumer,2025-02-01
4717,Rebecca,Schmidt,MS,Consumer,2023-08-25
4718,John,Fitzgerald,ND,Consumer,2026-06-29
4719,Kristie,Hernandez,IN,Consumer,2021-09-24
4720,Amanda,Mccarthy,MD,Consumer,2023-11-18
4721,Stacy,Diaz,MT,Business,2022-05-06
4722,Joseph,White,CA,Consumer,2023-02-05
4723,Angela,Ramos,ID,Consumer,2024-08-09
4724,Eric,Williams,IL,Consumer,2023-06-26
4725,Jimmy,Hudson,MD,Consumer,2023-08-02
4726,Eddie,Adams,MT,Consumer,2026-02-19
4727,Ashley,Carter,WY,Business,2023-11-27
4728,Jennifer,Chapman,OR,Consumer,2023-06-11
4729,Diana,Allen,UT,Consumer,2023-12-10
4730,Michelle,Goodwin,KS,Business,2021-11-11
4731,David,Diaz,AL,Consumer,2022-09-30
4732,Roger,Watkins,VI,Consumer,2026-06-13
4733,Craig,Barnett,AS,Consumer,2025-01-19
4734,Terri,Sanders,NV,Business,2026-08-12
4735,Alyssa,Crosby,ME,Consumer,2025-11-02
4736,Dawn,Miller,MN,Consumer,2025-08-18
4737,Virginia,Davis,TX,Business,2021-11-17
4738,Wyatt,Castro,MO,Consumer,2025-07-17
4739,Alex,Phillips,MH,Consumer,2024-12-15
4740,Elizabeth,Stein,CT,Consumer,2021-10-07
4741,Monica,Dunn,ID,Consumer,2022-08-13
4742,Ryan,Patton,PW,Consumer,2021-09-27
4743,Meagan,Bean,NV,Consumer,2022-01-24
4744,Clinton,Reyes,CA,Business,2023-03-31
4745,Kyle,Walters,RI,Consumer,2025-08-18
4746,Kari,Garcia,WV,Consumer,2025-03-24
4747,Lauren,Moore,WA,Consumer,2023-01-21
4748,Angela,Williams,WV,Consumer,2022-09-09
4749,Karen,Davis,NE,Consumer,2022-04-11
4750,Christie,Ford,TX,Business,2024-09-01
4751,Mark,Woods,FL,Consumer,2025-12-19
4752,Gabriel,Durham,OH,VIP,2022-08-05
4753,Jade,Barker,NJ,Consumer,2024-05-24
4754,Timothy,Barr,OR,Consumer,2021-12-21
4755,John,Fisher,NE,VIP,2024-10-02
4756,Sean,Hampton,NE,Consumer,2023-01-03
4757,Brittany,Stephenson,GA,Consumer,2023-01-16
4758,Travis,Smith,MO,Consumer,2026-02-05
4759,Shannon,Hoover,NC,Consumer,2026-03-17
4760,Nicholas,Smith,OH,VIP,2024-08-03
4761,Steven,Wood,NM,Consumer,2024-07-26
4762,Trevor,Jacobs,CT,Consumer,2025-01-08
4763,Cathy,Wallace,AS,Business,2025-10-04
4764,Janet,Dixon,GA,Consumer,2024-02-19
4765,Thomas,Hubbard,KS,VIP,2022-04-30
4766,Holly,Hickman,CO,Consumer,2021-09-21
4767,Steven,Harris,ND,Consumer,2026-02-05
4768,Alyssa,Clark,NC,Consumer,2024-12-17
4769,Seth,Sanchez,FL,Consumer,2021-12-03
4770,Rita,Walsh,MA,Consumer,2024-10-15
4771,Eric,Robinson,MS,Consumer,2022-05-07
4772,William,Higgins,NM,Consumer,2024-01-28
4773,Brandon,Hess,GU,Business,2022-10-24
4774,Michael,Werner,IL,Consumer,2023-07-11
4775,David,Rojas,ME,Consumer,2022-07-20
4776,Devon,Norman,NV,Consumer,2026-06-03
4777,William,Small,IL,Consumer,2026-02-28
4778,Becky,Rodgers,KY,Consumer,2025-02-07
4779,Stephanie,Jackson,NY,Consumer,2022-09-26
4780,John,Holmes,OR,Consumer,2023-02-18
4781,Jesus,Daniels,SC,Business,2025-07-08
4782,Daniel,Houston,TN,Consumer,2025-12-11
4783,Robert,Williams,MS,Business,2023-07-02
4784,Misty,Shepard,CT,Business,2024-02-12
4785,James,Ray,GA,Business,2026-06-16
4786,Nicholas,Thomas,MO,Consumer,2025-08-25
4787,Robert,Cole,AR,Consumer,2026-06-12
4788,Kim,Fischer,AK,Consumer,2025-06-25
4789,Ricardo,Burns,KY,Consumer,2023-05-12
4790,Nathan,Lowe,NJ,Consumer,2023-03-30
4791,Dennis,Morton,MD,Business,2025-09-17
4792,Aaron,Edwards,LA,Consumer,2026-09-05
4793,Fernando,Williams,ID,Consumer,2021-12-12
4794,Caleb,Garcia,NE,Consumer,2022-08-24
4795,Gregory,Hurley,MI,Consumer,2026-02-05
4796,Steven,Hicks,IL,Consumer,2025-02-03
4797,Peter,Smith,UT,Consumer,2024-09-11
4798,Sabrina,Torres,NH,Consumer,2023-12-07
4799,Lisa,Kelley,MI,Consumer,2026-05-25
4800,Michael,Flynn,MA,Consumer,2025-09-25
4801,Jonathan,Huff,CT,Business,2023-11-10
4802,Margaret,Ramsey,TX,Consumer,2022-07-11
4803,Jasmine,Huff,AZ,Consumer,2025-06-19
4804,Megan,Ramsey,MP,Consumer,2024-02-13
4805,Emily,Spencer,NM,Consumer,2022-09-11
4806,John,Hood,TN,Business,2023-01-02
4807,Elizabeth,Walker,FM,Consumer,2024-08-31
4808,Patricia,Mills,IA,Consumer,2025-04-30
4809,Dominic,Clark,VA,VIP,2025-04-03
4810,Jason,Franklin,OR,Business,2026-05-02
4811,Cory,Harris,KS,Business,2024-02-14
4812,Richard,Lewis,OH,Consumer,2025-10-02
4813,Brandon,Boyd,MP,Business,2024-01-01
4814,Kelly,Parker,ND,Consumer,2023-06-29
4815,Jacqueline,Roach,WV,Business,2023-01-04
4816,Glenn,Nelson,NH,Consumer,2022-11-28
4817,Bruce,Wang,TX,Consumer,2023-05-24
4818,Brenda,Singleton,NE,Consumer,2026-08-04
4819,Jennifer,Thompson,MA,Consumer,2025-02-26
4820,Amber,Webb,KS,Consumer,2023-04-06
4821,Deanna,Mitchell,OK,Consumer,2024-10-01
4822,Kimberly,Johnson,MP,VIP,2026-04-18
4823,Todd,Smith,CT,Business,2025-04-25
4824,Susan,Smith,MS,Consumer,2022-12-27
4825,Sheila,Howard,SD,Consumer,2025-09-29
4826,Randy,Joseph,IA,Consumer,2026-01-10
4827,Steven,Stewart,AL,Consumer,2022-02-03
4828,Elizabeth,Hayes,CT,Consumer,2026-09-13
4829,Jay,Myers,RI,Consumer,2023-06-27
4830,Taylor,Riley,KY,Consumer,2022-02-02
4831,Alyssa,Thompson,PA,Consumer,2023-06-06
4832,Paul,Price,MA,Consumer,2023-10-23
4833,David,Jenkins,VT,Consumer,2021-11-09
4834,Gregg,Jimenez,VT,Consumer,2022-05-30
4835,David,Vasquez,AK,Consumer,2023-05-11
4836,Laura,Smith,OR,Consumer,2023-11-15
4837,Alex,Robinson,NH,Consumer,2022-12-06
4838,Lisa,Williams,DE,Consumer,2024-03-08
4839,Courtney,Farley,VI,Business,2024-02-28
4840,Melissa,Lane,NC,Consumer,2025-09-07
4841,Robert,Butler,MH,Consumer,2025-03-12
4842,Misty,Cantu,GA,Consumer,2023-08-31
4843,Mary,Richardson,NJ,Consumer,2025-03-05
4844,Lisa,Robles,GA,Business,2025-01-26
4845,Julia,Baldwin,GA,Business,2026-09-09
4846,Kelly,Murray,GA,Business,2023-10-19
4847,Jose,Larson,AL,Consumer,2024-05-05
4848,Chad,Peterson,TN,Business,2025-02-13
4849,Jennifer,Hernandez,KS,Business,2024-05-09
4850,Ashley,Christensen,DC,Consumer,2022-12-05
4851,Haley,Pearson,NY,Consumer,2024-06-10
4852,Joel,Thomas,WY,Consumer,2023-12-22
4853,Mark,Mcgee,CO,Business,2023-06-03
4854,Margaret,Hughes,CO,Consumer,2023-10-20
4855,Jennifer,Garcia,SD,Consumer,2025-12-05
4856,Christopher,Wall,AS,Consumer,2024-09-17
4857,Kevin,Bailey,NV,Consumer,2025-03-26
4858,Christopher,Logan,OK,Consumer,2022-09-30
4859,Brian,Huber,PA,Business,2022-09-09
4860,Ryan,Goodman,HI,Business,2024-04-10
4861,Andrew,Gonzalez,SD,Consumer,2025-07-26
4862,Sarah,Morgan,AZ,Consumer,2024-03-18
4863,Ernest,Fry,NH,Consumer,2026-07-22
4864,Jeffrey,Charles,LA,Business,2025-02-08
4865,Kayla,Gray,MN,Consumer,2022-06-15
4866,Cheryl,Vazquez,TX,VIP,2022-03-07
4867,Robert,Collins,MS,Business,2025-12-07
4868,Jacob,Dunn,MD,Business,2026-04-18
4869,Paul,Underwood,MI,Consumer,2022-01-03
4870,Kimberly,Villarreal,KY,Consumer,2025-12-24
4871,Brian,Frey,PA,Consumer,2025-06-05
4872,Eric,Moran,IA,Consumer,2026-07-14
4873,Daniel,Mejia,AS,Consumer,2023-09-15
4874,Alyssa,Williams,FM,VIP,2026-03-12
4875,Benjamin,Gutierrez,AZ,Consumer,2022-02-27
4876,Stacy,Adams,SC,Consumer,2025-04-20
4877,Lisa,Hardy,TN,Consumer,2023-11-13
4878,Hayden,Torres,NC,VIP,2022-02-27
4879,Brian,Hall,RI,Consumer,2022-04-13
4880,Mark,Rodriguez,LA,Consumer,2025-06-05
4881,Kelly,Flores,NC,Consumer,2025-03-21
4882,Melissa,Harrison,MS,Consumer,2024-10-12
4883,Rick,Griffin,WA,Consumer,2025-10-03
4884,Anthony,Macias,AK,Consumer,2024-02-05
4885,Russell,Fritz,ME,Consumer,2022-03-04
4886,Alan,Adams,NV,Business,2026-03-11
4887,Andrew,Garcia,NC,Consumer,2025-05-26
4888,Kimberly,Arnold,PR,Consumer,2023-11-07
4889,Tammy,Bowman,GU,Consumer,2021-10-06
4890,William,Davis,MS,Consumer,2024-10-14
4891,Derek,Forbes,AK,Business,2026-03-27
4892,Daniel,Green,OH,Consumer,2023-02-02
4893,Diana,Cortez,HI,Business,2022-09-18
4894,Bryan,Pearson,WY,Consumer,2023-06-06
4895,Allen,Daniels,NE,Consumer,2025-09-16
4896,Diana,Reed,CT,Consumer,2023-02-17
4897,Brian,Alvarez,NY,Consumer,2023-11-17
4898,Maria,Rodriguez,NH,Consumer,2022-06-22
4899,Jerry,Barton,SD,Business,2026-06-16
4900,Kelly,Howe,NY,Consumer,2022-05-20
4901,Jason,Proctor,OK,Business,2025-07-20
4902,Brian,Crosby,AR,Consumer,2024-08-22
4903,Madison,Blevins,TX,Consumer,2021-12-23
4904,Kristin,Cook,SC,Business,2022-12-10
4905,Seth,Gonzalez,MT,Consumer,2024-12-30
4906,Joseph,Pratt,MI,Consumer,2022-07-28
4907,John,Tapia,PR,Consumer,2025-04-19
4908,Renee,Carter,FM,Consumer,2023-09-29
4909,Danielle,Gray,MI,Consumer,2022-04-22
4910,Anthony,Bennett,AZ,Business,2026-08-09
4911,Michael,Ramos,AR,Business,2023-07-19
4912,Christina,Foster,OR,Consumer,2022-04-07
4913,Rachel,Cox,DE,Consumer,2021-12-12
4914,Sara,Petty,UT,Consumer,2025-07-03
4915,Jennifer,Kennedy,WY,Consumer,2026-03-05
4916,Darren,Wilcox,AS,Consumer,2024-09-10
4917,Jacob,Thompson,VI,Consumer,2022-03-27
4918,Adrian,Hoover,AL,Consumer,2023-10-14
4919,Gregory,Gomez,NC,Consumer,2022-03-27
4920,Kristopher,Moran,RI,Consumer,2024-06-25
4921,Marc,Moreno,MO,Consumer,2026-07-13
4922,David,Callahan,SC,Consumer,2022-07-03
4923,Jesse,Nelson,NH,Consumer,2025-07-13
4924,Veronica,Lawrence,MI,Business,2025-11-13
4925,Tammy,Moore,KY,Consumer,2022-12-04
4926,Amy,Santos,ND,Consumer,2024-11-29
4927,Andrew,Escobar,VT,VIP,2024-03-20
4928,Casey,Morris,MN,Business,2026-01-03
4929,Troy,Smith,FL,Consumer,2023-02-23
4930,Alexander,Lewis,PW,Business,2024-09-23
4931,Charles,Cox,HI,Business,2021-10-19
4932,Tonya,Bruce,CA,Consumer,2022-08-12
4933,Phillip,Gomez,AS,Consumer,2021-10-02
4934,Christopher,Foley,RI,Consumer,2025-08-17
4935,Michael,Schmidt,DE,Consumer,2022-08-31
4936,Melinda,Green,MH,Consumer,2024-11-02
4937,Natalie,Jones,OH,Consumer,2025-10-31
4938,Robert,Davis,VA,Consumer,2026-08-16
4939,Maurice,Kidd,NC,Consumer,2024-06-17
4940,Raymond,Blanchard,GU,Business,2023-02-09
4941,Karina,Powell,MS,Consumer,2023-03-30
4942,Samuel,Johnson,DC,Consumer,2025-05-27
4943,Alex,Lee,LA,Business,2024-12-09
4944,Michael,Dodson,SC,Consumer,2022-11-24
4945,Anthony,Davis,SD,Consumer,2023-11-28
4946,Emily,Duran,ND,Consumer,2022-03-30
4947,Paula,Wyatt,DE,Business,2023-07-21
4948,Patty,Bird,ME,Consumer,2025-01-19
4949,Allison,Wilson,MS,Business,2025-11-11
4950,Darren,Johnston,VI,Consumer,2025-05-09
4951,Steven,Rivers,TN,Consumer,2022-01-09
4952,Kathleen,Cunningham,ME,Consumer,2025-05-30
4953,Brian,Fisher,IA,Consumer,2022-02-02
4954,Amanda,Murray,AK,Consumer,2023-12-04
4955,William,Middleton,KS,Consumer,2025-07-29
4956,Kevin,Rowland,MP,Consumer,2024-09-01
4957,Scott,Lee,CA,Consumer,2022-05-19
4958,Richard,Moore,TX,VIP,2025-12-25
4959,Cynthia,Ramirez,MA,Consumer,2024-08-11
4960,Janet,Byrd,DC,Consumer,2023-03-10
4961,Rachael,Ellis,NJ,Business,2022-07-16
4962,Krystal,Taylor,AL,Consumer,2023-07-14
4963,Melissa,Murphy,PR,Consumer,2024-07-25
4964,Mark,Duffy,CT,Consumer,2026-02-26
4965,Judith,Williams,OK,Consumer,2025-09-03
4966,Jennifer,Schwartz,RI,Consumer,2024-05-08
4967,Michelle,Mitchell,MA,Consumer,2025-11-26
4968,Walter,Tran,DC,Business,2022-12-18
4969,Rachel,Goodman,PW,Business,2022-01-15
4970,Alexis,Gonzalez,OK,VIP,2021-09-18
4971,Tony,Lopez,PA,VIP,2024-01-18
4972,Nicholas,Moses,TN,VIP,2025-12-29
4973,Jennifer,Burnett,PR,Consumer,2026-06-10
4974,Tyler,Briggs,LA,Consumer,2024-06-23
4975,Michael,Jenkins,CT,VIP,2025-05-02
4976,Madison,Conrad,OK,Business,2022-01-02
4977,Jeffrey,Daniel,VA,Consumer,2026-09-04
4978,Stacey,Baldwin,NJ,Consumer,2022-08-30
4979,Amanda,Riley,PW,Consumer,2023-03-29
4980,Tyler,Melendez,NH,Consumer,2023-03-25
4981,Bruce,Lambert,NE,Consumer,2023-07-02
4982,Beverly,Brown,MO,Consumer,2022-02-20
4983,James,Riley,AZ,Business,2022-07-09
4984,Susan,Johnson,AZ,Consumer,2024-10-19
4985,Michael,Hunt,WA,Business,2025-07-17
4986,Lisa,Beck,TN,Business,2021-12-28
4987,Laura,Benson,IN,Consumer,2026-03-25
4988,Elizabeth,Harris,NE,Consumer,2023-10-11
4989,Claire,Thompson,MO,Consumer,2025-06-29
4990,Kevin,Berry,AR,Consumer,2026-01-31
4991,Rachael,Cochran,NY,Consumer,2025-07-20
4992,Emily,Lin,SD,Business,2023-03-24
4993,James,Peterson,OK,Business,2026-04-30
4994,Marc,Hawkins,NC,Consumer,2022-08-16
4995,Jody,Green,MT,Consumer,2025-05-21
4996,Nicholas,Lopez,SC,Business,2024-12-03
4997,Victoria,Walters,MH,VIP,2023-06-17
4998,Craig,Flores,WV,Consumer,2025-06-24
4999,Frank,Salinas,TN,Consumer,2025-10-24
5000,Hannah,Wilkins,IN,VIP,2024-06-16
5001,Whitney,Velez,GA,Consumer,2024-10-23
5002,Dana,Kelly,IA,Consumer,2022-04-30
5003,Christopher,Stone,TN,Consumer,2025-01-05
5004,Carla,Perez,MD,Consumer,2025-10-13
5005,Jeremy,Leonard,SC,Consumer,2026-07-10
5006,Lisa,Cook,MI,Consumer,2022-01-12
5007,Brittany,Carter,CO,Consumer,2026-03-17
5008,Kelly,Kennedy,MT,Consumer,2026-07-21
5009,Charles,Brown,AZ,Consumer,2023-06-09
5010,Amy,Meza,FL,Consumer,2021-09-22
5011,Robyn,Osborn,OK,Consumer,2026-04-21
5012,Melanie,Lara,IN,Consumer,2025-05-31
5013,Rhonda,Vega,ND,Consumer,2025-10-17
5014,Chelsea,Bailey,MP,Consumer,2022-10-10
5015,Stephen,Hernandez,WV,Consumer,2025-01-10
5016,Sarah,Scott,NH,Consumer,2022-10-29
5017,Elizabeth,Kim,VA,VIP,2021-12-13
5018,Matthew,Bryan,PW,Consumer,2025-04-20
5019,Rachel,Young,OH,Consumer,2023-09-25
5020,Stephen,Robinson,ME,Consumer,2025-10-19
5021,Deborah,Diaz,UT,Consumer,2021-12-18
5022,Erik,Evans,IL,Business,2022-10-31
5023,Cheryl,Patel,NY,Consumer,2023-12-29
5024,Nicholas,Thompson,WA,Consumer,2023-07-13
5025,Alexander,Ruiz,PR,Consumer,2025-04-19
5026,Elizabeth,Boyd,MH,Consumer,2026-08-03
5027,Max,Morgan,CA,Consumer,2022-12-15
5028,Adam,Rodriguez,CO,Consumer,2023-04-19
5029,Mary,Ryan,ND,Consumer,2023-04-04
5030,Charles,Banks,MO,VIP,2024-07-21
5031,Nicholas,Brooks,ND,Consumer,2026-06-13
5032,Connor,Hernandez,NE,Business,2024-02-03
5033,Jennifer,Clark,AR,Consumer,2025-09-19
5034,Jimmy,Wood,SC,Consumer,2025-04-13
5035,Edward,Rice,KS,Consumer,2023-09-01
5036,Jonathan,Barnes,TX,Consumer,2024-10-29
5037,Deborah,Miller,MT,Consumer,2024-09-05
5038,Oscar,Mullins,HI,VIP,2024-05-11
5039,Melanie,Burns,LA,Consumer,2021-11-11
5040,Tiffany,Wilson,OH,Consumer,2022-04-21
5041,Justin,Tucker,GU,Business,2021-12-31
5042,Cynthia,Wilson,CT,Consumer,2026-02-15
5043,Megan,Perez,NY,Consumer,2022-06-20
5044,Rachel,Berry,OR,Consumer,2025-03-13
5045,Lori,Freeman,MD,Business,2023-05-26
5046,Bryan,Floyd,LA,Consumer,2024-08-31
5047,Jocelyn,Hill,MH,Consumer,2025-03-06
5048,Denise,Campbell,CT,Consumer,2022-12-20
5049,Kelly,Flynn,CO,Consumer,2022-05-16
5050,Allison,Mcbride,MT,Consumer,2026-01-24
5051,Amber,Parker,KS,Consumer,2024-12-29
5052,Christian,Holmes,CA,Consumer,2022-11-08
5053,Stephanie,Roberts,OR,Consumer,2024-06-22
5054,Michelle,Martinez,ME,Consumer,2024-04-06
5055,Jessica,Young,MO,Consumer,2022-06-25
5056,John,Martin,KS,Business,2022-10-23
5057,Alexa,Burgess,FL,Consumer,2025-08-31
5058,Daniel,Lawrence,GA,Consumer,2023-10-06
5059,Christopher,Moreno,NM,Consumer,2022-03-09
5060,Tricia,Chang,CA,Consumer,2022-06-06
5061,Cody,Mendoza,WI,Consumer,2024-03-11
5062,Eric,Sutton,MT,Consumer,2024-07-21
5063,Raymond,Frye,NY,Consumer,2023-03-29
5064,Amber,Fisher,MP,Consumer,2024-07-11
5065,Roy,Harris,OK,Consumer,2022-05-03
5066,Erin,Moore,MS,Consumer,2022-07-11
5067,Todd,King,CO,Consumer,2025-10-18
5068,William,Barnes,OR,Business,2023-08-16
5069,Jerry,Guzman,IL,Consumer,2021-12-04
5070,Julie,Meyers,SD,Consumer,2026-02-13
5071,Stephen,Ryan,CA,Consumer,2022-06-09
5072,Jason,Calhoun,NH,Business,2024-06-04
5073,David,Mitchell,PA,Consumer,2023-11-13
5074,Pamela,Townsend,IN,VIP,2023-05-12
5075,Sarah,Smith,WI,Consumer,2024-01-28
5076,Mathew,Manning,IA,Business,2024-11-30
5077,Thomas,Ellison,PR,Consumer,2022-08-20
5078,Anthony,Carpenter,SC,Business,2024-12-01
5079,David,French,VT,Consumer,2026-03-14
5080,Madison,Jones,PR,Business,2022-09-09
5081,Lori,Romero,NJ,Consumer,2022-02-10
5082,Edward,Cooper,PR,Business,2024-04-13
5083,Valerie,Matthews,VT,Consumer,2021-12-03
5084,Sheila,Hinton,MA,Business,2022-12-19
5085,Kristen,Graham,DC,Consumer,2023-03-27
5086,Lisa,Garrett,NH,Consumer,2025-05-19
5087,Valerie,Parker,AL,VIP,2025-01-23
5088,Lisa,Chavez,RI,Consumer,2023-01-10
5089,Jennifer,Thomas,VA,Consumer,2025-08-01
5090,Robert,Foster,MT,Business,2026-01-29
5091,Pamela,Long,MT,Business,2024-10-23
5092,Jillian,Diaz,VA,Consumer,2026-07-02
5093,Henry,Anderson,ID,Consumer,2023-11-08
5094,Thomas,Williams,FL,Consumer,2024-04-16
5095,Heather,Mack,TN,Consumer,2025-07-04
5096,Cheryl,Barrett,PA,Consumer,2022-12-22
5097,Hailey,Alexander,WI,Consumer,2026-07-08
5098,Patrick,Brown,CT,Consumer,2026-09-03
5099,Taylor,Archer,ID,Business,2021-11-06
5100,Katherine,Hickman,IN,Consumer,2022-02-09
5101,Steven,Benitez,NM,Consumer,2023-10-18
5102,Anna,Hoover,TN,Consumer,2024-10-23
5103,Susan,Brown,FL,Consumer,2022-03-14
5104,Lisa,Callahan,UT,Consumer,2021-11-06
5105,Kaitlin,Hernandez,FM,Consumer,2024-09-10
5106,Michael,Garcia,MA,Business,2025-04-04
5107,Adam,Garcia,SC,Consumer,2026-07-25
5108,Austin,Vargas,AL,Consumer,2024-06-10
5109,Jason,Hernandez,WY,Consumer,2023-10-17
5110,Tiffany,Holmes,DC,Consumer,2026-02-17
5111,William,Ramirez,MP,Consumer,2025-05-11
5112,Kari,Mayo,NH,Consumer,2022-07-17
5113,Michael,Kim,AR,Business,2025-11-27
5114,Michael,Baker,UT,Consumer,2026-09-03
5115,Lori,Atkins,PR,Consumer,2024-12-31
5116,Dustin,Hanson,AK,Business,2024-07-11
5117,Wendy,Jones,RI,Consumer,2025-08-06
5118,Jessica,Allison,AL,Consumer,2023-08-14
5119,Natalie,Bell,PA,Consumer,2023-12-28
5120,Zachary,Sharp,RI,Consumer,2025-05-17
5121,Elizabeth,Kemp,GA,VIP,2026-05-28
5122,Joseph,Harris,NV,Consumer,2024-05-24
5123,Christina,Vasquez,MT,Consumer,2023-02-28
5124,Miranda,Hernandez,MO,Consumer,2025-07-22
5125,Gloria,Burns,NM,Business,2022-11-04
5126,Steven,Taylor,AS,VIP,2023-03-08
5127,Dennis,Barry,MA,Consumer,2024-03-21
5128,William,Pierce,VT,Consumer,2021-10-30
5129,Cynthia,Moreno,ME,VIP,2022-01-10
5130,Jeff,Francis,IL,Business,2024-08-13
5131,Kathleen,Mckee,ME,Consumer,2024-12-12
5132,Allen,Ferguson,VT,Consumer,2023-05-24
5133,Stacie,Thompson,VT,Consumer,2022-04-18
5134,Daniel,Robinson,ID,Consumer,2026-03-26
5135,Keith,Davis,MN,VIP,2024-07-25
5136,Douglas,Bell,TN,Business,2026-04-27
5137,Catherine,Kennedy,LA,Consumer,2021-10-24
5138,Julie,Carr,FM,Consumer,2025-08-26
5139,Donna,Porter,OH,Consumer,2022-11-20
5140,Bradley,Davis,FM,Business,2022-04-27
5141,Jamie,Clements,OK,Consumer,2026-08-27
5142,Carrie,Morgan,LA,Consumer,2022-12-28
5143,Fred,Rojas,PR,Business,2023-11-17
5144,Jeremy,Garcia,PW,Business,2024-07-30
5145,Helen,Morgan,AZ,Consumer,2025-01-21
5146,Allen,Roberts,OH,Consumer,2023-09-19
5147,Ryan,Hicks,RI,Consumer,2023-01-08
5148,Linda,Gordon,MH,Consumer,2022-07-22
5149,Richard,Miller,CA,VIP,2022-10-09
5150,Larry,Thomas,OH,Consumer,2022-05-03
5151,Tammy,Crawford,VT,Consumer,2024-03-11
5152,Kathryn,Knox,FL,Consumer,2024-05-22
5153,Amy,Morris,VT,Business,2025-06-26
5154,Anthony,Stevens,VA,Consumer,2024-01-31
5155,Christopher,Weaver,RI,Consumer,2025-01-23
5156,Katrina,Townsend,MN,Business,2025-12-04
5157,Devin,Richardson,MS,Consumer,2023-09-18
5158,Erin,Roy,GA,Consumer,2024-11-29
5159,Holly,Jackson,UT,Consumer,2023-07-27
5160,David,Garcia,TX,Consumer,2025-06-23
5161,David,Rodriguez,IN,Consumer,2026-09-09
5162,Carl,Scott,PW,Consumer,2024-11-12
5163,Scott,Bennett,MD,Consumer,2024-03-12
5164,Charles,Wilkins,NJ,Business,2021-11-20
5165,Brian,Saunders,DC,Consumer,2021-10-15
5166,Andrew,Gay,KY,Consumer,2025-03-21
5167,Larry,Phillips,MO,Business,2024-04-17
5168,Brian,Hernandez,AS,Consumer,2023-06-09
5169,Robert,Oconnor,VT,Business,2023-01-24
5170,Daniel,Miles,MN,Consumer,2021-11-03
5171,Caleb,Tran,WY,Consumer,2024-08-21
5172,Amanda,Smith,ID,Business,2023-01-07
5173,Barbara,Snyder,WY,Consumer,2022-11-22
5174,Katrina,Holmes,DC,Consumer,2023-10-16
5175,Nicole,Randolph,DC,Consumer,2024-01-24
5176,Michael,Fletcher,PR,Consumer,2024-08-26
5177,Nathan,Miller,TX,Consumer,2021-09-30
5178,Bethany,Daniels,MI,Consumer,2021-12-10
5179,Brian,Hoffman,OK,Consumer,2022-12-17
5180,Jacqueline,Wu,PW,Consumer,2022-05-05
5181,David,Johnson,PA,Consumer,2022-10-31
5182,Brian,Fischer,FL,Consumer,2025-11-22
5183,James,Thompson,KY,Consumer,2026-06-18
5184,Brittany,Johnson,NY,Consumer,2024-05-29
5185,Lori,Bright,CO,Consumer,2024-10-22
5186,Anthony,Washington,VA,Business,2024-09-10
5187,Jessica,Ball,TN,Consumer,2022-11-21
5188,Michael,Flynn,WI,Consumer,2025-10-03
5189,Ronald,House,IA,Consumer,2025-09-07
5190,James,Dudley,TN,Consumer,2022-07-01
5191,Mary,Miller,UT,Business,2024-07-22
5192,Diane,Bell,NC,Business,2026-08-18
5193,Stephen,Nolan,TN,Consumer,2022-11-05
5194,Gary,Wright,CO,Consumer,2021-10-21
5195,Jose,Medina,IA,Consumer,2022-08-01
5196,Joseph,Wood,AR,Consumer,2022-11-21
5197,Brandon,Ramirez,MD,Consumer,2022-09-16
5198,Stephanie,Rivas,WI,Consumer,2025-03-16
5199,Rachel,Gregory,DC,Business,2023-05-12
5200,Jacob,Gonzales,PA,Consumer,2023-06-15
5201,Adam,Pham,AZ,Consumer,2026-05-20
5202,Ashley,Rosario,MT,Consumer,2024-11-21
5203,Jason,Hall,AL,Consumer,2026-03-25
5204,Timothy,Gray,ME,Business,2023-12-13
5205,Jose,Scott,AK,Business,2025-04-12
5206,David,Hall,NH,Consumer,2026-07-14
5207,Robert,Sampson,IN,Consumer,2022-11-09
5208,Jessica,Henderson,AS,Consumer,2026-02-04
5209,Deanna,Brown,RI,Business,2023-11-01
5210,Nicole,Cuevas,NV,Consumer,2022-10-10
5211,Elizabeth,Russell,PR,Consumer,2022-03-15
5212,Shelia,Bush,CO,Business,2022-07-28
5213,Michael,Woods,NM,Consumer,2023-05-15
5214,Alexander,Norton,SC,Consumer,2026-08-30
5215,Crystal,Hawkins,NE,Consumer,2025-09-24
5216,Stephanie,Clark,MT,Consumer,2024-02-27
5217,Mary,Warren,KY,Consumer,2022-08-03
5218,Robert,Smith,VA,Consumer,2025-11-13
5219,Craig,Bray,KS,Consumer,2023-03-31
5220,Carolyn,Walker,MP,Consumer,2024-06-26
5221,Angela,Morales,IL,VIP,2024-11-24
5222,Michael,Atkinson,WY,Consumer,2024-12-28
5223,Joseph,Johnson,MP,Consumer,2023-11-03
5224,Jacob,Brewer,RI,Business,2023-09-10
5225,Danielle,Hughes,NM,Consumer,2024-01-25
5226,Kelsey,Delgado,UT,Business,2025-07-06
5227,Yolanda,Merritt,TX,Consumer,2024-08-16
5228,Michele,Jenkins,MI,VIP,2025-10-15
5229,Sharon,Huffman,RI,Business,2022-09-06
5230,Sara,Huang,TN,Consumer,2023-05-01
5231,Jermaine,Mitchell,NC,Business,2026-05-09
5232,Tiffany,Figueroa,MT,Consumer,2026-07-10
5233,Carol,Hester,OH,Consumer,2024-08-21
5234,Samantha,Martin,ND,Business,2026-05-10
5235,Todd,Roberts,OR,Consumer,2025-12-20
5236,Wendy,Davis,NC,Consumer,2026-05-20
5237,Frances,Hernandez,VI,Consumer,2023-12-07
5238,Suzanne,Taylor,OH,Consumer,2024-01-09
5239,Jacob,Johnson,MO,Consumer,2021-12-16
5240,James,Green,OK,Consumer,2022-09-19
5241,Andrew,Brock,WV,Consumer,2022-03-11
5242,Melissa,Torres,LA,Consumer,2024-05-18
5243,Megan,Wilson,MH,Consumer,2023-09-09
5244,Roy,Hawkins,IN,Business,2022-10-06
5245,Richard,Buchanan,CT,VIP,2025-03-31
5246,Jasmine,Powell,CT,Consumer,2023-06-16
5247,Brandon,Lee,MI,Consumer,2024-03-23
5248,Austin,Long,LA,Consumer,2023-01-14
5249,Cindy,Webb,MN,Consumer,2025-07-06
5250,Patricia,Heath,WY,Consumer,2026-03-11
5251,Andrew,Brown,GA,Consumer,2022-04-09
5252,Bob,Stuart,PW,Consumer,2023-01-06
5253,Stacey,Rivera,SC,Business,2025-06-30
5254,Gregory,Smith,KS,Consumer,2026-08-18
5255,Brandi,Foster,FM,Business,2024-08-02
5256,Michael,Alvarez,PA,Consumer,2024-09-18
5257,Joshua,Aguilar,MA,Consumer,2025-08-01
5258,Aaron,Vance,CO,Consumer,2024-06-22
5259,Rebecca,Dunn,MN,Consumer,2023-12-18
5260,Kenneth,Stewart,WY,Consumer,2025-02-10
5261,Amanda,Wall,MP,Consumer,2022-06-13
5262,Justin,Walsh,NY,Consumer,2022-06-12
5263,Tracy,Spencer,WI,VIP,2026-04-23
5264,Virginia,Mathis,DC,Consumer,2023-10-18
5265,Jamie,Guzman,AR,Consumer,2023-04-26
5266,Joseph,Williams,KY,Consumer,2022-05-26
5267,Kevin,Meadows,WA,Consumer,2024-09-17
5268,Thomas,Butler,KS,Consumer,2024-12-10
5269,David,Miller,WI,Consumer,2026-07-21
5270,Susan,Graham,DE,Consumer,2022-04-18
5271,David,Smith,WY,Consumer,2026-05-12
5272,Stephen,Santiago,DC,Consumer,2023-09-24
5273,Jason,Johnson,MD,Consumer,2024-04-02
5274,Lisa,Ellis,PR,Consumer,2023-06-23
5275,Roger,Riley,VT,Consumer,2023-01-28
5276,Luis,Edwards,ME,Business,2023-06-05
5277,Olivia,Campbell,MA,Consumer,2025-10-07
5278,Matthew,Gilmore,HI,Business,2024-09-11
5279,Kevin,Smith,VT,Consumer,2024-03-02
5280,Kyle,Guerra,NY,Consumer,2022-04-28
5281,David,Rich,TX,Consumer,2025-05-16
5282,Gregory,Mann,NH,Consumer,2024-06-20
5283,Donald,Lawrence,MI,Business,2023-01-06
5284,Leonard,Todd,KY,Consumer,2024-05-12
5285,Kyle,Pittman,MT,Consumer,2025-05-18
5286,Jennifer,Saunders,PR,Consumer,2022-06-25
5287,Cynthia,Hartman,PA,Consumer,2026-02-01
5288,Cesar,Hawkins,SD,Consumer,2026-06-14
5289,Jenna,Valenzuela,KS,Consumer,2023-06-03
5290,Mary,Johnston,WI,Consumer,2023-03-03
5291,Hannah,Torres,PR,Consumer,2026-02-06
5292,James,Russell,AR,Business,2024-04-12
5293,Ashley,Diaz,CA,Consumer,2022-04-30
5294,Todd,Jimenez,RI,Consumer,2022-08-29
5295,Kyle,Adams,NJ,Consumer,2023-04-08
5296,Lauren,Clayton,OK,Consumer,2022-06-01
5297,Robert,Mcdaniel,FL,Consumer,2022-05-09
5298,Kim,Marsh,DC,Consumer,2023-01-03
5299,Megan,Mcknight,DE,Consumer,2022-12-30
5300,Michael,Mcdonald,MI,Business,2026-07-14
5301,Stephanie,Thomas,AK,Consumer,2022-06-01
5302,Kyle,King,CT,Consumer,2024-06-09
5303,Jake,Lara,AS,Consumer,2026-07-14
5304,Richard,Hunt,AL,Business,2024-08-18
5305,Kathleen,Sanchez,FL,Consumer,2022-10-08
5306,Kelly,Jones,AL,Business,2025-02-15
5307,Paul,Butler,ME,Consumer,2025-11-11
5308,Eric,Mccarthy,PA,Consumer,2024-06-06
5309,Tommy,Ware,FM,Consumer,2024-05-05
5310,Susan,Mccormick,HI,Business,2025-11-08
5311,Zachary,Morgan,OH,Consumer,2021-10-13
5312,Christina,Meyer,AK,VIP,2024-10-07
5313,Susan,Vang,MT,VIP,2025-10-26
5314,James,Powell,IL,Consumer,2022-12-02
5315,Shannon,Dunn,NJ,Consumer,2026-04-08
5316,Anthony,Waller,NH,Business,2025-07-24
5317,Justin,Hamilton,KS,Consumer,2026-04-30
5318,Charles,Small,WV,Consumer,2025-03-03
5319,George,Parker,WA,Consumer,2023-01-25
5320,Donald,Smith,SD,Business,2024-05-14
5321,Rebecca,Powell,AS,Consumer,2023-03-17
5322,William,Roberts,NV,Consumer,2025-05-12
5323,Bruce,Randall,PW,Consumer,2025-04-03
5324,Joshua,Dominguez,VT,Consumer,2025-05-23
5325,Jay,Chavez,MH,VIP,2022-07-26
5326,Melanie,Padilla,NH,Business,2021-09-25
5327,Shannon,Bennett,NM,Consumer,2022-03-17
5328,Patricia,Russo,NM,Consumer,2023-03-15
5329,William,Schroeder,SC,Consumer,2023-06-21
5330,Steven,Fitzgerald,OK,Consumer,2026-05-28
5331,Elizabeth,Harrison,OH,Business,2022-06-02
5332,Deborah,Cannon,UT,Business,2024-07-06
5333,Jacqueline,White,VA,Consumer,2023-12-01
5334,Tanya,Johnson,LA,Consumer,2022-02-01
5335,Benjamin,Smith,HI,Consumer,2022-11-20
5336,Kevin,Davis,GU,Consumer,2023-08-06
5337,Melanie,Mcmahon,KS,Consumer,2023-03-28
5338,Anthony,Jones,AS,Business,2024-05-01
5339,Arthur,Simpson,OH,VIP,2024-11-05
5340,Kayla,Rhodes,WI,Consumer,2025-08-08
5341,Jeffrey,Sandoval,MA,Consumer,2022-11-30
5342,Jennifer,Harris,PW,Business,2024-03-05
5343,Phillip,Hall,CT,Consumer,2021-09-15
5344,John,Soto,ID,Consumer,2026-05-31
5345,Jesse,Martinez,AL,Consumer,2024-09-09
5346,Sarah,George,LA,Consumer,2023-04-03
5347,Mary,Turner,RI,Consumer,2026-02-13
5348,Daniel,Schwartz,TX,Consumer,2026-04-06
5349,Ryan,Moore,IA,Consumer,2025-01-23
5350,Shane,Lara,IN,Consumer,2023-11-18
5351,Keith,Jacobs,NE,Consumer,2022-05-23
5352,Ronald,Kemp,PA,VIP,2026-02-17
5353,Nicholas,Caldwell,KY,Consumer,2022-01-02
5354,Kimberly,Cunningham,MT,Consumer,2022-10-28
5355,Jacqueline,Barber,CT,Consumer,2023-03-04
5356,Thomas,Chase,DE,Business,2023-08-31
5357,Todd,Nguyen,FM,Consumer,2024-09-28
5358,Steven,Morton,GU,Business,2026-04-18
5359,Danielle,Anderson,OH,Consumer,2021-11-30
5360,Gene,Wood,OH,Consumer,2024-12-04
5361,Curtis,Levy,ID,Consumer,2022-12-23
5362,Christine,Greene,WI,Consumer,2024-09-25
5363,Jeffery,Weber,MA,Consumer,2024-04-06
5364,Jill,Barr,OH,Consumer,2021-10-07
5365,Kim,Cabrera,PW,Consumer,2024-03-07
5366,Jennifer,Craig,RI,Consumer,2023-09-26
5367,Paul,Williams,MO,Business,2025-11-02
5368,Carrie,Murillo,NV,Business,2025-01-30
5369,Shelley,Richards,MP,Consumer,2026-06-15
5370,Dylan,Johnson,KY,Consumer,2022-11-15
5371,Wanda,Spencer,AK,Consumer,2025-05-07
5372,Alfred,Harris,SD,Consumer,2025-10-10
5373,Kelsey,Rose,KY,Consumer,2024-06-19
5374,Stephanie,Nguyen,AZ,Consumer,2024-09-04
5375,Shawn,May,ID,Consumer,2024-06-25
5376,James,Hoffman,MP,Consumer,2024-06-30
5377,Cameron,Rodriguez,VT,Business,2025-02-25
5378,Kathy,Evans,PW,Business,2025-12-24
5379,Erika,Barnes,MP,Consumer,2025-08-15
5380,Blake,Parsons,AS,Consumer,2025-04-16
5381,Kelsey,Williams,MP,Consumer,2026-04-29
5382,Taylor,Smith,DC,Consumer,2023-06-11
5383,Erik,Black,AR,Consumer,2022-05-29
5384,Frank,Maldonado,IA,Consumer,2025-03-09
5385,Natasha,Castaneda,VA,Business,2022-08-08
5386,Christian,Lopez,NE,Consumer,2026-07-28
5387,Natasha,Mitchell,MS,Consumer,2026-05-10
5388,Calvin,Little,RI,Business,2024-02-10
5389,Heather,Huerta,MI,Consumer,2025-07-16
5390,Valerie,Sanders,ID,Consumer,2024-10-20
5391,Jim,Weber,VA,Business,2025-06-17
5392,James,Huff,MH,Business,2021-10-02
5393,Michael,Cruz,NM,Business,2023-02-10
5394,Adam,Little,VI,Consumer,2022-08-04
5395,Krista,Allen,AZ,Business,2023-08-31
5396,Jasmin,Williams,AR,Consumer,2021-09-25
5397,Jeffrey,Webb,PW,Consumer,2023-05-16
5398,Shawn,Rivers,KY,Consumer,2026-04-05
5399,Eric,Lopez,WI,Consumer,2024-01-26
5400,Deborah,Vasquez,TX,Consumer,2022-04-24
5401,Megan,Lewis,NV,Consumer,2025-12-19
5402,Nicholas,Knight,VT,Consumer,2026-03-17
5403,Raymond,Pearson,WY,Business,2021-11-14
5404,Tyler,Escobar,ID,Consumer,2025-05-13
5405,Pam,Duarte,NC,Consumer,2023-01-14
5406,Brian,House,CA,Consumer,2024-09-29
5407,Adam,Meyer,IL,Consumer,2022-06-30
5408,Cindy,Carlson,DC,Consumer,2025-02-12
5409,Thomas,Morrison,NJ,Consumer,2026-05-06
5410,Shelly,Snyder,NE,Consumer,2026-05-03
5411,Brittney,Graves,CA,Consumer,2026-05-14
5412,Amy,Gill,GU,Business,2025-12-13
5413,Matthew,Gonzalez,VI,Business,2026-02-23
5414,Jacob,Elliott,FM,Consumer,2024-08-10
5415,Melissa,Curtis,ND,Consumer,2022-07-30
5416,Eugene,Johnson,CT,Consumer,2024-03-26
5417,Daniel,Sparks,IN,Consumer,2023-01-19
5418,Brian,Price,IL,Consumer,2024-05-23
5419,Jesse,Newman,AR,Consumer,2022-01-14
5420,Jamie,Turner,MN,Consumer,2025-07-26
5421,Brett,Jackson,NE,VIP,2026-06-20
5422,Elizabeth,Schultz,PR,Consumer,2023-01-06
5423,Abigail,Williams,VA,Consumer,2025-01-10
5424,Timothy,Allen,MP,Consumer,2022-05-15
5425,Kristine,James,WA,Consumer,2024-01-24
5426,Brenda,Mcdonald,MO,Consumer,2025-05-27
5427,Nichole,Mack,IN,Business,2023-10-22
5428,Tracy,Miller,WV,Business,2026-03-10
5429,Jeanette,Henry,WA,Consumer,2023-02-23
5430,Michael,Ingram,WV,Consumer,2025-09-15
5431,Marvin,Porter,LA,Consumer,2025-02-04
5432,Robert,Mitchell,KY,Consumer,2023-02-15
5433,Pamela,Davis,PA,VIP,2026-03-31
5434,Mark,Short,PW,Business,2025-01-25
5435,Peter,Herrera,MH,Consumer,2024-11-12
5436,Caitlin,Bradley,KY,Consumer,2025-09-03
5437,James,Lamb,IL,Consumer,2024-07-02
5438,Jordan,Woods,MA,Consumer,2022-04-27
5439,Tina,Mason,IN,Business,2023-07-01
5440,Mary,Greer,AS,Consumer,2021-12-01
5441,Gabrielle,Leon,CA,Consumer,2022-11-11
5442,Anthony,Meyer,HI,Consumer,2022-10-27
5443,Matthew,Norton,ND,Business,2025-09-13
5444,Carla,Hill,PR,Consumer,2024-09-01
5445,Jeremy,Herrera,AR,Consumer,2023-10-19
5446,David,Morales,PA,Consumer,2026-03-11
5447,Dawn,Turner,GA,Consumer,2022-09-03
5448,Melissa,Williams,IN,VIP,2023-07-22
5449,Carl,Parker,PR,Consumer,2022-07-29
5450,Theresa,Barnes,WV,Business,2021-12-19
5451,Erin,Cox,AZ,Consumer,2022-06-28
5452,Sarah,Lane,NH,Consumer,2024-01-11
5453,Timothy,Jackson,MD,Consumer,2026-04-29
5454,Kevin,Mcdaniel,CO,Consumer,2023-04-03
5455,Alexandra,Barber,NC,Consumer,2022-04-29
5456,Jesse,Ryan,NV,Consumer,2024-08-19
5457,Cathy,Mata,PR,Consumer,2022-07-02
5458,Luis,Ramirez,MD,Consumer,2023-09-15
5459,James,Powell,CA,Consumer,2021-11-02
5460,Stephen,Camacho,SD,Consumer,2026-01-11
5461,Robert,Davis,MH,Consumer,2025-05-08
5462,Rebecca,Hale,MP,Consumer,2025-03-24
5463,Larry,Harper,KY,Consumer,2023-05-09
5464,John,Rogers,MI,Consumer,2026-04-05
5465,Bryan,Perez,FM,Business,2025-01-04
5466,Alicia,Ford,CT,Business,2024-05-16
5467,Victoria,Mercado,SC,Consumer,2022-02-07
5468,Jill,Anderson,UT,Consumer,2023-03-30
5469,Steven,Chan,WI,Consumer,2024-02-26
5470,Stephen,Lee,VA,Consumer,2022-02-28
5471,Carrie,Harrell,PA,Consumer,2026-05-31
5472,Yolanda,Dawson,PA,Consumer,2024-12-09
5473,John,Sanders,AK,Consumer,2024-11-03
5474,Hannah,Green,CO,Consumer,2022-07-06
5475,Darlene,Rios,MI,Consumer,2026-02-22
5476,Carlos,Martin,VT,Consumer,2025-09-27
5477,Cynthia,Hodge,NV,Business,2021-12-01
5478,Jeffery,Shields,IA,Consumer,2024-05-18
5479,Nicholas,Murillo,NH,Consumer,2022-10-03
5480,Chase,Hoover,CA,Consumer,2023-09-15
5481,Savannah,Garcia,CO,Business,2025-10-05
5482,Jeffrey,Coleman,VI,Business,2023-02-22
5483,Craig,Thompson,WI,Consumer,2022-07-30
5484,Jessica,Sellers,CO,Consumer,2023-02-01
5485,Erika,Houston,DE,Consumer,2023-11-14
5486,Alexander,Baldwin,HI,Business,2026-08-15
5487,Frank,Mora,WA,Consumer,2022-12-25
5488,John,Thomas,MT,Consumer,2022-09-29
5489,Theresa,Ramos,CA,Consumer,2025-01-15
5490,Elizabeth,Miller,IN,Business,2025-06-29
5491,Steven,Lewis,LA,Business,2024-10-30
5492,Patrick,Hawkins,NV,Consumer,2022-12-18
5493,Bryan,Hamilton,PW,Consumer,2026-07-29
5494,Amanda,Nolan,CO,Consumer,2022-01-03
5495,Janet,Davis,CA,Consumer,2026-06-24
5496,Tom,Rogers,PA,Consumer,2026-06-26
5497,Leslie,Chen,OH,Consumer,2023-05-06
5498,Janice,Thomas,MD,Consumer,2021-12-05
5499,Elizabeth,Beck,NY,Consumer,2022-07-28
5500,Natalie,Atkinson,VI,Consumer,2022-10-10
5501,Robert,Nichols,OR,Consumer,2023-02-16
5502,Justin,Barker,WV,Business,2022-04-01
5503,Sarah,Tate,KS,Consumer,2026-04-20
5504,Sharon,Hughes,NM,Consumer,2022-04-22
5505,Michael,David,NY,Consumer,2022-01-18
5506,Tony,Kirk,CO,Consumer,2022-04-22
5507,John,Hanna,WV,Consumer,2026-05-07
5508,Carlos,Gonzales,DC,Consumer,2025-08-27
5509,Gary,Roberts,DC,Consumer,2026-05-23
5510,Jeremy,Allen,FL,Consumer,2024-12-06
5511,Amy,Martinez,ND,Business,2025-09-13
5512,Jared,Hill,MN,Consumer,2024-09-26
5513,Robin,Lynn,RI,Consumer,2025-10-05
5514,Gerald,Becker,KY,Consumer,2022-07-25
5515,Ryan,Chapman,VI,Business,2026-07-17
5516,Christina,Parker,IL,Consumer,2025-08-05
5517,Timothy,Porter,PR,Consumer,2026-03-10
5518,Jeffrey,Sanders,ID,Consumer,2024-09-04
5519,Jamie,Silva,OK,Consumer,2022-09-17
5520,Amanda,Marshall,DE,Consumer,2022-04-08
5521,Michael,Riley,HI,Consumer,2026-07-03
5522,Ronald,Gardner,NC,VIP,2022-12-04
5523,Amanda,Nguyen,IL,Consumer,2024-07-30
5524,Troy,Benjamin,WV,Consumer,2023-02-28
5525,Neil,Woodard,KS,Consumer,2022-03-28
5526,Jennifer,Hampton,TX,Consumer,2026-06-28
5527,Tonya,Schroeder,CT,Consumer,2022-06-17
5528,John,Brooks,PR,Consumer,2024-05-02
5529,Rickey,Velez,MT,VIP,2024-09-14
5530,Patrick,Schwartz,ME,Consumer,2025-05-23
5531,Gregory,Nicholson,MD,Consumer,2025-06-14
5532,Nicolas,Tucker,MN,Consumer,2024-05-26
5533,Dylan,Rivas,MN,Consumer,2024-09-28
5534,Chelsea,Brown,OH,Consumer,2021-11-16
5535,Roger,Newton,UT,Consumer,2023-06-15
5536,Paul,Brown,MI,Consumer,2021-10-11
5537,William,Watson,UT,Consumer,2026-09-07
5538,James,Dickson,VT,Consumer,2025-12-07
5539,Amanda,Nicholson,HI,Consumer,2024-09-22
5540,Adam,Sherman,PR,Consumer,2021-11-12
5541,Jennifer,Williams,VA,Consumer,2026-01-26
5542,Matthew,Rivera,GU,Consumer,2025-07-19
5543,Bonnie,Brown,KS,Consumer,2025-03-29
5544,Marisa,Hunter,WI,Consumer,2022-12-31
5545,Aaron,Miles,SD,Consumer,2024-05-19
5546,Todd,Russell,PW,Business,2024-09-09
5547,Rhonda,Davis,NV,Consumer,2025-02-07
5548,Keith,Hawkins,HI,Consumer,2022-11-19
5549,Jennifer,Gonzalez,NM,Consumer,2022-03-26
5550,Briana,Patterson,AR,Consumer,2023-07-28
5551,Alexa,Obrien,SD,Consumer,2024-11-10
5552,Tina,Douglas,FM,Consumer,2024-09-26
5553,Jacqueline,Roman,CA,Consumer,2023-08-21
5554,Jodi,Reynolds,OH,Consumer,2024-01-04
5555,Laura,Chung,AZ,Consumer,2023-02-12
5556,Steven,Andrews,OH,Consumer,2022-10-18
5557,Carlos,Harris,MT,Consumer,2026-05-05
5558,Tabitha,Rodriguez,ND,Consumer,2022-05-19
5559,Craig,Simon,CO,Consumer,2024-01-03
5560,Cheryl,Becker,MD,Consumer,2022-04-24
5561,Jessica,Roach,NV,Consumer,2024-09-04
5562,Randy,Garcia,TX,Consumer,2024-11-10
5563,Jacqueline,Baldwin,DC,Consumer,2023-09-25
5564,Elizabeth,Cruz,GU,Consumer,2025-10-27
5565,Lori,Higgins,KY,VIP,2024-06-30
5566,Mitchell,Henry,NH,Consumer,2023-12-13
5567,Cassandra,Taylor,WV,Consumer,2023-01-20
5568,Rebecca,Frank,AR,Consumer,2026-09-01
5569,Dustin,York,UT,Consumer,2025-09-24
5570,April,Edwards,LA,Consumer,2026-08-18
5571,Samantha,Terry,GA,Consumer,2024-10-10
5572,Linda,Stevens,MT,Consumer,2025-09-06
5573,Julie,Leon,RI,Consumer,2022-03-01
5574,Cheyenne,Peterson,AK,Business,2023-04-17
5575,Tracy,Lee,NV,Consumer,2025-10-27
5576,Beverly,White,KS,Consumer,2024-03-16
5577,Hannah,Frank,KY,VIP,2022-10-11
5578,Jamie,Harper,FM,Consumer,2024-12-05
5579,Amanda,Robbins,IN,Consumer,2023-05-05
5580,Jennifer,Bishop,ID,Consumer,2026-06-02
5581,Cynthia,Davis,DE,Consumer,2026-02-17
5582,Eric,Donovan,NE,Consumer,2022-10-17
5583,Ashley,Avery,NV,Business,2026-08-03
5584,Diana,Craig,FM,Consumer,2022-09-17
5585,Marcus,Morrison,OR,Consumer,2024-08-28
5586,Jason,Parker,KS,Consumer,2024-09-29
5587,Natalie,Robertson,LA,Consumer,2024-01-20
5588,Fernando,Porter,IA,VIP,2025-08-29
5589,Lisa,Buchanan,IA,Consumer,2025-06-06
5590,Alexander,Jones,CT,Consumer,2024-11-16
5591,David,Smith,MS,Consumer,2024-11-03
5592,Phillip,Cannon,VT,Consumer,2024-12-26
5593,Jason,Delgado,CO,Business,2026-07-27
5594,Kristen,Frost,NC,Business,2022-02-11
5595,Jay,Mcintosh,AR,Consumer,2024-03-10
5596,Elizabeth,Kelly,CA,Consumer,2026-06-25
5597,Michael,Weber,CO,Consumer,2025-08-04
5598,Kenneth,Roberts,PW,Consumer,2023-09-22
5599,Dennis,Clark,CA,Business,2026-02-08
5600,Robert,Hurley,SD,Business,2022-11-12
5601,Maurice,Drake,NJ,Consumer,2026-04-21
5602,Todd,Williams,DE,Consumer,2024-08-21
5603,William,Zimmerman,AS,Consumer,2025-02-25
5604,James,Miller,FM,Consumer,2021-10-19
5605,Alyssa,Harris,MA,Consumer,2025-01-29
5606,Alexandra,Hughes,MA,Consumer,2023-09-13
5607,Juan,Moran,OK,Business,2023-06-09
5608,Jennifer,Griffin,IL,VIP,2025-12-27
5609,Tracey,Garcia,IL,Consumer,2023-09-23
5610,Nicholas,Haas,CA,Consumer,2022-02-03
5611,Madison,Ramsey,AZ,Business,2024-02-07
5612,Audrey,Coffey,MN,Consumer,2024-09-04
5613,Paige,Miranda,IA,VIP,2022-05-02
5614,David,Buck,NH,Consumer,2025-04-06
5615,Jessica,Fowler,MT,Consumer,2023-12-03
5616,Denise,Villarreal,RI,Business,2022-08-25
5617,Samantha,Bradshaw,AR,Consumer,2025-02-12
5618,Michaela,Walker,WI,Business,2022-02-28
5619,Eduardo,Jordan,MO,Consumer,2022-12-27
5620,Teresa,Jackson,CT,Consumer,2025-03-19
5621,Brianna,Moore,GA,Business,2023-02-25
5622,Valerie,Clark,WA,Consumer,2021-09-27
5623,Rachel,Booker,MO,Consumer,2026-01-22
5624,Eric,Buchanan,MD,Business,2023-06-08
5625,John,Baker,AL,Consumer,2025-04-01
5626,Crystal,Ellis,TX,Consumer,2024-09-19
5627,Anita,Johnson,TX,Consumer,2026-09-10
5628,Richard,Johnson,MO,Business,2021-10-14
5629,Heidi,Kirk,KY,Business,2023-04-30
5630,Jennifer,Taylor,OR,Consumer,2026-03-21
5631,Melanie,Perkins,DE,Business,2021-11-18
5632,Kristen,Grimes,NY,Business,2021-12-06
5633,Kayla,Gardner,ME,Consumer,2024-12-08
5634,Krystal,Kim,NH,Consumer,2022-07-02
5635,Samantha,Dawson,KS,Consumer,2022-09-13
5636,Michael,Stewart,WV,Consumer,2024-10-19
5637,Sheila,Lawson,NM,Consumer,2022-11-18
5638,Ricardo,White,FM,Consumer,2025-12-29
5639,Alexander,Rangel,AL,Consumer,2023-03-11
5640,Benjamin,Munoz,TX,Consumer,2026-05-22
5641,Ashley,Robinson,PA,Consumer,2023-08-13
5642,Nathaniel,Sanchez,PA,Consumer,2024-11-08
5643,Anthony,Holmes,DE,Consumer,2024-02-25
5644,Jessica,Patel,WI,Consumer,2022-02-02
5645,Victoria,Davidson,FM,Consumer,2026-02-24
5646,Taylor,Berry,MD,Consumer,2023-04-22
5647,Gabrielle,Yang,AR,Consumer,2024-03-04
5648,Melissa,Hanson,NY,Consumer,2021-12-14
5649,Rhonda,Hernandez,MA,Consumer,2023-02-11
5650,Ricky,Rivera,AL,Business,2023-11-14
5651,Jacob,Harrington,PR,Consumer,2025-03-26
5652,Jeffrey,Miller,IA,Consumer,2025-08-13
5653,Wesley,Harris,WY,VIP,2022-05-05
5654,Kevin,Stark,VI,Consumer,2025-10-05
5655,Amanda,Reynolds,ID,Business,2026-07-02
5656,Andrew,Wright,IL,Consumer,2023-09-08
5657,Andrew,Adams,FL,Consumer,2023-08-20
5658,Lori,Ramirez,MA,Consumer,2025-07-05
5659,Nancy,Tyler,AK,Consumer,2026-04-12
5660,Jose,Barry,AS,Consumer,2023-10-02
5661,Ronald,Vaughan,MS,Consumer,2022-08-01
5662,Richard,Phillips,GA,VIP,2023-01-25
5663,Ronald,Jackson,NJ,Consumer,2024-03-03
5664,Jessica,Griffin,UT,Consumer,2023-12-29
5665,Susan,Walker,TX,Consumer,2025-02-01
5666,David,Ortiz,MP,Consumer,2026-02-07
5667,John,Webb,MP,Consumer,2024-08-29
5668,Daniel,Wilson,NM,Consumer,2025-02-03
5669,Christina,Russo,DC,Consumer,2025-10-06
5670,David,Kennedy,NM,Business,2023-04-03
5671,Mary,Rice,VA,Consumer,2021-10-16
5672,Heather,Grimes,WV,Consumer,2025-11-12
5673,Melissa,Hoover,OK,Business,2023-11-23
5674,Victoria,Smith,LA,Consumer,2022-05-16
5675,Jose,Jones,VI,Business,2022-06-21
5676,Elizabeth,Wilson,RI,Consumer,2025-01-04
5677,Timothy,Pennington,IA,Consumer,2026-08-19
5678,Vincent,Jenkins,OK,Business,2024-11-30
5679,Daniel,Lin,AR,Consumer,2026-03-30
5680,Jennifer,Murphy,WI,Consumer,2022-01-24
5681,Devin,Howard,IL,Business,2025-08-23
5682,Jason,Johnson,OK,Consumer,2026-08-17
5683,Connie,Doyle,CA,Consumer,2024-07-21
5684,John,Beck,SC,VIP,2022-12-28
5685,Amy,White,GU,Consumer,2021-11-23
5686,Elizabeth,Stewart,IA,Business,2025-09-08
5687,Daniel,Miller,MP,Consumer,2026-01-19
5688,Kevin,Fritz,AZ,VIP,2022-01-03
5689,James,Hutchinson,AK,Consumer,2024-02-01
5690,Christy,Haas,ME,Consumer,2023-02-12
5691,Deborah,Burns,VA,Consumer,2024-02-23
5692,Kara,Flores,WI,Consumer,2024-07-30
5693,Ethan,Foster,MO,Consumer,2025-12-08
5694,Cynthia,Boyd,DC,Consumer,2022-03-17
5695,Bethany,Palmer,NH,VIP,2026-01-09
5696,Kristin,Rice,VA,Consumer,2024-10-13
5697,Elizabeth,Harris,PW,Consumer,2022-08-07
5698,Gregory,Welch,TX,Consumer,2022-02-24
5699,Charles,Jennings,MO,Consumer,2022-12-06
5700,Michele,Lopez,MI,Consumer,2026-03-16
5701,Priscilla,Aguirre,WA,Consumer,2025-12-25
5702,Jacqueline,Hanson,OK,Business,2026-08-24
5703,Jackie,Vaughn,MA,Consumer,2024-08-30
5704,Christina,Lloyd,ND,Consumer,2023-01-07
5705,James,Acevedo,RI,Consumer,2022-08-20
5706,Christopher,Lucas,AZ,Consumer,2026-08-25
5707,Laura,Johnson,DE,Consumer,2024-04-21
5708,Samantha,Gomez,VA,Consumer,2025-04-16
5709,Shirley,Cruz,ME,Consumer,2026-06-12
5710,Kimberly,Ramirez,LA,Consumer,2022-10-03
5711,Jennifer,Smith,GA,Business,2022-12-10
5712,Tom,Carpenter,WY,Consumer,2025-06-15
5713,Catherine,Johnson,IL,Consumer,2024-06-06
5714,Chris,Hall,CA,Consumer,2023-08-16
5715,Jennifer,Brown,MI,Consumer,2026-04-06
5716,Daniel,Cooper,NY,Consumer,2025-04-01
5717,Megan,Valdez,CA,Consumer,2025-03-01
5718,William,Fuller,ME,Consumer,2021-12-20
5719,Linda,Villa,CO,Consumer,2025-06-17
5720,Mary,Martin,TX,Consumer,2023-07-05
5721,Darryl,Delacruz,TN,Consumer,2023-05-12
5722,William,Lee,MS,Consumer,2026-06-01
5723,Keith,Silva,MS,Consumer,2023-05-15
5724,Eric,Carter,WY,Consumer,2026-05-30
5725,Andrew,Boyd,RI,Business,2022-01-08
5726,Danielle,Martinez,DC,Consumer,2026-07-24
5727,Douglas,Lewis,OK,Consumer,2024-11-14
5728,Katrina,Tyler,VI,Consumer,2025-09-12
5729,Emma,Vargas,NJ,Business,2025-11-09
5730,Brooke,Patel,WA,Consumer,2024-01-26
5731,Andrew,Lopez,MS,VIP,2023-08-12
5732,Richard,Mathews,HI,Consumer,2025-01-02
5733,Elizabeth,Henson,OH,Business,2026-04-28
5734,Felicia,Thompson,AS,VIP,2025-12-31
5735,Ashley,Martin,ND,Consumer,2022-07-01
5736,Tammy,Shah,VI,Consumer,2026-08-06
5737,Amanda,White,AS,VIP,2024-03-09
5738,Richard,Thornton,NY,Business,2024-07-16
5739,Connie,Rollins,AS,Business,2022-12-13
5740,Adam,Brown,CA,Business,2022-12-19
5741,Crystal,Rojas,AK,VIP,2023-11-23
5742,Robert,James,FM,Consumer,2023-12-20
5743,Andrea,Moreno,MI,Consumer,2025-10-09
5744,Steven,Martinez,MT,Consumer,2023-05-22
5745,Dennis,Wade,MH,Consumer,2026-07-16
5746,Benjamin,Chen,AL,Consumer,2022-05-29
5747,Kevin,Davis,NJ,Consumer,2025-06-19
5748,Matthew,Craig,MH,Consumer,2026-03-26
5749,Craig,Lawson,TX,Consumer,2026-03-21
5750,Hailey,Swanson,FM,Consumer,2023-09-26
5751,Patrick,Wiley,DE,Consumer,2023-03-18
5752,Stephanie,Jackson,WY,Consumer,2024-04-29
5753,Jennifer,Thomas,CA,Business,2024-02-25
5754,Alison,Williams,MS,Consumer,2025-06-16
5755,Paige,Simpson,AK,Consumer,2022-05-04
5756,Kristen,Gomez,ME,Consumer,2025-07-25
5757,Edward,Farley,MA,Business,2025-05-02
5758,Ronald,Scott,WI,Consumer,2023-06-26
5759,Elizabeth,Wallace,TN,Consumer,2026-08-03
5760,Tony,Stuart,MO,Consumer,2025-09-04
5761,Kimberly,May,AR,Consumer,2023-03-23
5762,Shelly,Carter,VI,Consumer,2023-11-28
5763,Laura,Hall,PA,Consumer,2023-05-31
5764,Ruben,Cohen,CA,Consumer,2023-05-17
5765,Dawn,Richards,IA,Business,2026-06-06
5766,Jordan,Newman,UT,Business,2023-09-08
5767,Sara,Rasmussen,PW,Consumer,2024-11-23
5768,Robert,Evans,MT,Consumer,2025-09-29
5769,Brian,Bautista,IA,Consumer,2022-08-16
5770,William,Garrett,OR,Consumer,2025-10-21
5771,Barry,Myers,GA,Consumer,2024-05-01
5772,Tiffany,Gutierrez,LA,Consumer,2025-03-14
5773,Paul,Rodriguez,NM,Consumer,2025-04-27
5774,Jared,Gibson,RI,Consumer,2021-09-20
5775,Noah,Duran,NM,Consumer,2024-05-11
5776,Anthony,Parker,MS,Consumer,2026-03-02
5777,Cynthia,Torres,MS,Consumer,2024-02-03
5778,Jennifer,Mason,NE,Consumer,2022-03-14
5779,Robert,Graham,CT,Consumer,2024-11-17
5780,Joseph,Perez,RI,Consumer,2023-10-23
5781,Jason,Ross,MT,Consumer,2022-08-20
5782,Natalie,Walsh,GA,Consumer,2023-02-13
5783,Amanda,Cardenas,MP,Consumer,2026-07-19
5784,Diane,Johnson,TX,Business,2026-04-01
5785,Theresa,Little,AS,Consumer,2026-06-30
5786,Heather,Freeman,MH,Business,2024-03-05
5787,Joseph,Butler,AR,VIP,2023-04-19
5788,Lindsey,Miller,AZ,Consumer,2026-05-21
5789,Misty,Williams,MD,Consumer,2022-10-04
5790,Lisa,Harris,NE,Business,2021-10-02
5791,Diana,Williams,PW,Consumer,2026-08-20
5792,Reginald,Meyers,CA,Consumer,2022-07-07
5793,Leslie,Madden,MT,Consumer,2022-01-11
5794,Charles,Barajas,NY,Business,2023-03-13
5795,Jeffrey,Jones,ME,Consumer,2025-05-31
5796,Heidi,Mitchell,FM,Business,2023-10-12
5797,Stephanie,Gardner,OR,Consumer,2024-09-17
5798,Peter,Leon,GU,Consumer,2025-10-24
5799,David,Jones,DC,Consumer,2024-09-05
5800,Frank,Rodriguez,NY,Consumer,2023-10-13
5801,Michael,Matthews,MT,Business,2026-02-11
5802,Julia,Shelton,FL,Consumer,2022-03-11
5803,Nicole,Perez,AZ,Consumer,2022-03-13
5804,David,Kelly,ND,Consumer,2025-10-05
5805,Kimberly,Gill,WA,Consumer,2025-12-29
5806,Ricky,Hill,OK,Consumer,2023-08-13
5807,Troy,Zuniga,AS,Consumer,2021-09-15
5808,Zachary,Lester,MD,Business,2025-10-10
5809,Madison,Deleon,UT,Consumer,2021-09-18
5810,Keith,Jackson,DE,Business,2023-11-13
5811,Amber,Mann,PW,Business,2022-02-24
5812,Jill,Price,MA,Consumer,2025-08-16
5813,Michael,Kane,KY,VIP,2024-02-09
5814,James,Davis,ME,Consumer,2025-10-06
5815,Dillon,Frazier,WA,Consumer,2021-10-26
5816,Ryan,Farmer,MT,Consumer,2025-03-18
5817,Kimberly,Salazar,AR,Business,2021-12-22
5818,Benjamin,Johnson,PR,Consumer,2022-04-23
5819,Victoria,Shaffer,SC,Consumer,2022-08-09
5820,Steven,Peters,HI,Consumer,2026-05-28
5821,Jessica,Greene,RI,Consumer,2026-09-11
5822,John,Herrera,SC,Consumer,2025-01-23
5823,Randy,Yoder,MO,Consumer,2022-09-28
5824,Katherine,Fuller,ME,Consumer,2026-06-02
5825,Nicholas,Johnson,OH,Consumer,2024-07-15
5826,Joseph,Armstrong,CO,Business,2021-11-02
5827,Mercedes,Jenkins,CT,Consumer,2026-07-05
5828,Michael,Green,NM,VIP,2023-06-06
5829,Philip,Cooper,FM,Consumer,2026-03-24
5830,Karen,Martinez,MD,Consumer,2022-09-22
5831,Jasmine,Christensen,OH,Consumer,2026-06-04
5832,Jason,Peterson,NM,Consumer,2022-12-08
5833,Annette,Davis,IN,Business,2023-03-21
5834,Michael,Owens,MI,Consumer,2025-11-07
5835,Jasmine,Taylor,SD,Consumer,2022-11-29
5836,Kimberly,Fuller,VA,Business,2021-11-11
5837,Erin,Fuentes,NC,Consumer,2023-04-17
5838,Maria,Mooney,IA,Consumer,2023-11-06
5839,Kyle,Jackson,OK,Business,2025-12-08
5840,Mark,Dean,KY,Consumer,2023-04-15
5841,Michael,Wilson,HI,Consumer,2022-01-25
5842,Alyssa,Hicks,VA,Business,2022-11-28
5843,Kristina,Maxwell,DE,Consumer,2026-04-29
5844,William,Caldwell,MN,Consumer,2026-04-10
5845,Chad,Barnes,IN,Consumer,2021-11-21
5846,Danny,Campbell,VI,Consumer,2022-12-16
5847,Whitney,Simpson,IN,Consumer,2024-10-12
5848,Nicholas,Fernandez,MT,Consumer,2026-03-13
5849,Lisa,Harrington,TX,Consumer,2023-03-30
5850,Maria,Webb,MD,Consumer,2023-08-31
5851,Bruce,White,IA,Business,2021-10-10
5852,Kayla,Taylor,PW,Consumer,2026-01-28
5853,Francisco,Buchanan,NJ,Consumer,2022-07-24
5854,Nicole,Daniels,UT,Consumer,2021-11-08
5855,Cody,Alvarez,AL,Consumer,2022-04-21
5856,Carolyn,Sims,KS,Consumer,2024-02-18
5857,Wendy,Conley,IN,Consumer,2025-01-08
5858,Sonya,Ingram,MN,Consumer,2021-12-31
5859,Cheryl,Simmons,PA,Consumer,2026-06-06
5860,Jessica,Mcclain,NE,Consumer,2023-02-11
5861,Charles,Fletcher,ME,Consumer,2024-04-27
5862,Jerry,Stevens,CO,Consumer,2024-04-13
5863,Susan,Dickerson,TN,Consumer,2023-06-19
5864,Kyle,Price,VT,Consumer,2021-12-20
5865,Regina,Johnson,NC,Consumer,2022-01-29
5866,Lisa,Hamilton,TX,Consumer,2024-07-15
5867,Laurie,Mitchell,IA,Consumer,2026-04-28
5868,Kelly,Krause,PA,Consumer,2021-11-18
5869,Ryan,Cummings,HI,Business,2024-01-09
5870,Jose,Poole,AL,Consumer,2025-02-05
5871,Matthew,Juarez,WA,Consumer,2023-01-31
5872,Anthony,Shah,AZ,Consumer,2023-12-31
5873,Donald,Howard,GU,Consumer,2022-09-10
5874,Courtney,Hawkins,WY,Consumer,2023-02-10
5875,Ann,Sharp,OR,Consumer,2025-10-19
5876,Melissa,Carson,WI,Consumer,2023-10-08
5877,Jeffrey,Gonzalez,CO,Consumer,2025-09-21
5878,John,Bass,WA,Consumer,2024-09-19
5879,Heather,King,SC,Business,2022-11-06
5880,Nathaniel,Williams,AK,Consumer,2026-08-28
5881,Charles,Woodward,IL,Business,2026-05-19
5882,Mathew,Vega,WV,Consumer,2024-03-23
5883,Matthew,Black,MA,Consumer,2026-05-07
5884,Kyle,Good,CA,Consumer,2025-08-21
5885,Destiny,Becker,NM,VIP,2023-12-14
5886,Sarah,Davies,OR,Consumer,2024-05-07
5887,Roger,Kelly,VI,Consumer,2022-01-16
5888,William,Walker,NC,Consumer,2023-08-14
5889,Aaron,Calderon,RI,Consumer,2025-11-07
5890,Dana,Chambers,TX,Business,2022-09-13
5891,Ana,Delgado,ND,Consumer,2025-11-10
5892,Alicia,Anderson,CO,Consumer,2024-04-08
5893,Raymond,Arias,NJ,Business,2023-08-15
5894,Megan,Caldwell,DC,Consumer,2022-04-29
5895,Erika,Smith,IN,Consumer,2022-04-01
5896,Andrew,Bush,MH,Consumer,2022-08-14
5897,Justin,Wilson,NY,Business,2024-10-17
5898,Justin,Phillips,AZ,Consumer,2024-03-10
5899,Brian,Faulkner,NH,Consumer,2025-01-08
5900,Steven,Park,VI,VIP,2024-01-07
5901,Adrian,Williams,SC,Consumer,2024-09-17
5902,Thomas,Mercado,FL,Consumer,2025-07-24
5903,Gregory,Reyes,HI,Consumer,2022-03-04
5904,Victoria,Allen,CA,Consumer,2022-06-05
5905,Kenneth,Ward,MI,Business,2023-08-12
5906,Patricia,Johnson,OH,VIP,2023-10-25
5907,Eric,Porter,NM,Consumer,2026-08-23
5908,Judy,Armstrong,VT,Consumer,2022-04-24
5909,Samantha,Robbins,IL,Consumer,2024-03-19
5910,Helen,Harper,ME,Consumer,2025-09-08
5911,Matthew,Kelly,PR,Consumer,2023-05-04
5912,Catherine,Chapman,MP,Consumer,2023-11-25
5913,Samantha,Smith,UT,Consumer,2026-01-04
5914,Joshua,Schneider,UT,Consumer,2021-11-14
5915,Michael,Barker,OH,Consumer,2022-09-16
5916,Angela,Stephens,MD,Consumer,2025-04-02
5917,Amanda,Harris,ND,Consumer,2022-11-25
5918,Pamela,Lucas,WY,Consumer,2023-08-17
5919,Lawrence,Boyd,MP,Consumer,2026-06-30
5920,Maurice,Powell,UT,Consumer,2025-07-20
5921,Daniel,Thompson,AR,Consumer,2024-04-13
5922,Autumn,Garcia,NM,Consumer,2023-10-25
5923,Mia,Jackson,IA,Consumer,2026-05-01
5924,Michael,Vasquez,MO,Consumer,2026-05-29
5925,Melissa,Graham,FM,Business,2022-02-09
5926,Alicia,Jones,MA,Consumer,2026-03-05
5927,Daniel,Martinez,AK,Consumer,2023-07-07
5928,Joseph,Hardin,SD,Consumer,2023-04-25
5929,Randall,Boyd,NY,Consumer,2025-01-30
5930,Edward,Garcia,IN,Consumer,2023-08-09
5931,Thomas,Powell,WV,Consumer,2022-07-12
5932,Diane,Weber,VI,Business,2026-01-27
5933,Stacy,Ramirez,FM,Consumer,2025-10-29
5934,Jeffrey,Giles,GA,Consumer,2023-01-04
5935,Becky,Hughes,MD,Consumer,2021-09-18
5936,Stephanie,Wagner,AL,Consumer,2022-01-19
5937,Mark,Alvarez,MT,VIP,2025-03-02
5938,Chad,Higgins,CT,Consumer,2024-10-09
5939,Jonathan,Jensen,UT,Consumer,2023-09-03
5940,Carolyn,Jensen,MP,Consumer,2026-04-19
5941,Emma,Sanchez,KS,Consumer,2024-01-22
5942,Angela,Hudson,MP,Business,2024-10-05
5943,Brooke,Butler,NE,Consumer,2022-11-26
5944,Jacqueline,Hernandez,NJ,Consumer,2026-07-01
5945,Richard,Smith,AZ,Consumer,2022-03-21
5946,James,Quinn,OK,Consumer,2026-08-29
5947,Isabella,Kelly,NV,Business,2024-01-14
5948,Duane,Smith,NJ,Consumer,2022-08-16
5949,Nathaniel,Deleon,MD,Consumer,2024-12-12
5950,Robert,Brown,VA,Business,2026-05-27
5951,Linda,Morris,RI,Consumer,2024-04-11
5952,Lauren,Vazquez,VI,Business,2025-10-28
5953,Stephanie,Hernandez,NE,Business,2026-03-23
5954,Valerie,Weaver,HI,Consumer,2025-08-19
5955,Emily,Wright,PA,Business,2022-11-04
5956,Mark,Brooks,KY,Consumer,2025-03-13
5957,Gwendolyn,Adams,OH,Consumer,2025-07-29
5958,Lisa,Manning,MS,Consumer,2024-05-15
5959,Maria,Johnson,KS,Consumer,2024-06-30
5960,Jose,Curtis,MN,Business,2026-08-13
5961,Derek,Mclaughlin,MT,Business,2021-11-30
5962,Susan,Scott,FL,Consumer,2021-10-14
5963,Brian,Marshall,AZ,Consumer,2025-12-23
5964,Kelly,Cruz,MA,Consumer,2025-02-16
5965,David,Franklin,ND,Business,2023-09-18
5966,Kevin,Camacho,PA,Consumer,2023-07-20
5967,Christopher,Rubio,MN,Consumer,2022-04-30
5968,Mary,Howard,RI,Consumer,2026-05-21
5969,Alexis,Smith,IL,Consumer,2023-05-29
5970,Jeremiah,Williams,WI,Consumer,2022-11-10
5971,Pamela,Peterson,MT,Consumer,2024-07-19
5972,Amanda,Mckay,NY,Consumer,2023-01-29
5973,Emily,Anderson,CA,Consumer,2022-03-24
5974,Dustin,Kelly,IL,Consumer,2022-01-31
5975,Benjamin,Mason,UT,VIP,2022-08-05
5976,Brittany,Richardson,AR,Consumer,2022-05-19
5977,Whitney,Smith,MN,Consumer,2026-05-01
5978,Joseph,Hall,NC,Consumer,2026-06-22
5979,Christopher,Mcdowell,GA,Consumer,2023-08-17
5980,Jasmine,Christian,VA,Consumer,2025-07-30
5981,Jenny,Dixon,IN,Business,2023-01-10
5982,Stephen,Pearson,NH,Consumer,2025-12-08
5983,Jose,Merritt,CT,Consumer,2024-08-21
5984,David,Wallace,OR,Consumer,2022-08-02
5985,Denise,Clarke,NJ,Consumer,2022-10-30
5986,Chelsey,Harris,KY,Consumer,2026-03-22
5987,Rita,King,NV,Consumer,2022-02-02
5988,Ronald,Peters,CA,Business,2025-10-28
5989,Gary,Hill,MN,Consumer,2025-12-20
5990,Alison,Harvey,TN,Consumer,2025-12-28
5991,Laurie,Jones,FL,Consumer,2026-01-28
5992,Debbie,Moreno,VT,VIP,2024-07-02
5993,Steven,Howard,MD,Consumer,2023-03-30
5994,Garrett,Ross,NE,Consumer,2025-04-29
5995,Haley,Davis,IL,Consumer,2022-12-12
5996,Katherine,Tucker,AR,Business,2023-12-25
5997,Brandon,Lopez,DE,Consumer,2023-05-22
5998,Steven,Hodge,RI,Consumer,2026-07-08
5999,David,Baker,NY,Business,2023-11-14
6000,Cameron,Gibbs,SD,Business,2021-11-11
6001,Peter,Welch,NV,Consumer,2024-05-18
6002,Julian,Miller,NV,Business,2023-10-18
6003,Jose,Gutierrez,KY,Consumer,2023-12-08
6004,Andrea,Morgan,DC,Consumer,2026-08-29
6005,Kelly,Owens,OH,Consumer,2024-04-01
6006,Kelly,Williams,PA,VIP,2021-10-25
6007,Alexander,Becker,TX,Consumer,2025-08-07
6008,Katie,Saunders,MN,Consumer,2022-07-07
6009,Brandon,Durham,PR,Consumer,2021-11-21
6010,James,Jackson,WY,Consumer,2022-05-26
6011,Erica,Short,UT,Consumer,2023-08-22
6012,Adam,Gonzalez,NJ,Consumer,2023-05-18
6013,Patricia,Fitzgerald,NC,Business,2023-04-23
6014,Jacob,Brown,MO,Consumer,2024-02-01
6015,Eric,Charles,WV,Consumer,2025-02-02
6016,Aaron,Hernandez,NJ,Consumer,2026-07-12
6017,Valerie,Melton,VI,Business,2023-09-19
6018,Timothy,Franklin,MP,Business,2026-04-07
6019,Elizabeth,Ellison,CO,Consumer,2025-12-25
6020,Sarah,Garrison,AR,Consumer,2026-02-18
6021,Jessica,Fischer,MH,Business,2025-08-04
6022,Angela,Johnson,WV,Consumer,2025-12-13
6023,Sean,Roman,TX,Consumer,2023-04-25
6024,Gregory,Herrera,OK,Business,2024-07-15
6025,Laurie,White,MP,Consumer,2023-08-09
6026,Diana,Williams,NH,Consumer,2023-01-01
6027,Richard,Nixon,VI,Consumer,2022-10-27
6028,Kathleen,Beck,LA,Consumer,2024-07-24
6029,James,Wallace,MI,Consumer,2022-09-09
6030,Alejandro,Avery,NE,Consumer,2025-12-05
6031,Mary,Keller,WY,VIP,2022-01-19
6032,Lynn,Wilson,CA,Consumer,2023-07-31
6033,Oscar,Fischer,AR,Consumer,2026-02-26
6034,Calvin,Russell,NM,Consumer,2025-03-02
6035,Susan,Ramsey,DE,Consumer,2023-11-28
6036,Stephanie,Paul,CT,Consumer,2025-10-28
6037,Jeremiah,Bartlett,MA,Consumer,2023-11-25
6038,Crystal,Walls,NM,Consumer,2023-11-02
6039,David,Johnson,OR,Business,2022-06-09
6040,Kathleen,Foster,LA,Business,2025-08-09
6041,Tamara,Pittman,VA,Consumer,2025-11-17
6042,Jared,Merritt,FM,Business,2026-09-09
6043,Sara,Garcia,MS,Consumer,2022-01-23
6044,Tyler,Robinson,KY,Consumer,2025-08-24
6045,Howard,Sutton,MA,Consumer,2025-06-28
6046,Frederick,Nguyen,IL,Business,2026-01-28
6047,Jeffrey,Moore,NC,VIP,2026-04-28
6048,Denise,Lara,CA,Consumer,2024-03-05
6049,Rebecca,Adams,FM,Business,2023-09-10
6050,Robert,Ortiz,NV,Consumer,2023-06-05
6051,Ian,Ramirez,NE,Consumer,2026-03-08
6052,Lori,Stewart,OK,Consumer,2021-10-11
6053,John,Wilson,UT,Business,2023-05-08
6054,Dorothy,Jones,GA,Consumer,2024-06-17
6055,Rachel,Hall,WV,Business,2022-03-15
6056,Ashley,Wall,AK,Consumer,2021-10-24
6057,Jamie,Butler,MO,Consumer,2023-09-19
6058,Melissa,Collins,CA,Consumer,2024-08-23
6059,Thomas,Cox,PW,Consumer,2024-04-20
6060,Annette,Young,VA,Consumer,2026-06-20
6061,Ashley,Parks,WY,Consumer,2024-03-08
6062,Gloria,Cohen,RI,Business,2025-10-25
6063,Christopher,Zavala,OR,Business,2023-01-18
6064,Daniel,Jones,TX,Business,2026-04-26
6065,David,Williams,MT,Consumer,2022-07-16
6066,David,Stewart,AK,Consumer,2025-06-21
6067,Deborah,Adams,VI,Consumer,2022-08-16
6068,David,Mills,CT,Consumer,2023-08-13
6069,Brenda,Stein,WV,Consumer,2023-07-12
6070,Lauren,Mccullough,VI,Consumer,2021-11-20
6071,Stephanie,Carter,MD,Consumer,2022-04-21
6072,Amanda,Pineda,CT,Consumer,2023-10-09
6073,Scott,Smith,MS,Consumer,2025-01-06
6074,Eric,Weaver,CT,Business,2023-04-27
6075,Hailey,Moore,AL,Consumer,2026-01-08
6076,Gregory,Fuentes,ME,Consumer,2024-03-23
6077,Mark,Howard,IL,Consumer,2023-10-11
6078,Ann,Robles,PR,Consumer,2022-06-30
6079,Jeff,Phillips,MT,Consumer,2025-09-22
6080,Phillip,Martin,UT,Consumer,2022-06-09
6081,Jesse,Kirk,MT,Business,2022-01-30
6082,Richard,King,WA,Consumer,2021-12-28
6083,Pamela,Martin,HI,Consumer,2024-08-14
6084,Morgan,May,NV,Consumer,2021-10-05
6085,Teresa,Rodriguez,MT,Consumer,2023-05-10
6086,Alyssa,Hall,AL,Business,2022-12-02
6087,Rachel,Clay,NC,Consumer,2024-05-18
6088,Gina,Tucker,OR,Business,2023-05-06
6089,Tricia,Jones,KY,Consumer,2024-11-06
6090,Reginald,Davila,IN,Consumer,2025-09-29
6091,Tina,Bradford,AR,Consumer,2022-06-09
6092,Kevin,Wilson,AR,Consumer,2023-12-23
6093,Scott,Ball,RI,Consumer,2024-02-12
6094,Michelle,Hunter,UT,Consumer,2022-03-01
6095,William,Smith,PA,Consumer,2022-07-27
6096,Robert,Khan,TX,Consumer,2023-10-25
6097,Jessica,Villanueva,ME,Consumer,2024-06-09
6098,Bethany,Smith,WY,Consumer,2025-08-03
6099,Michael,Williams,OH,Consumer,2024-07-16
6100,Kelli,Graham,AR,Consumer,2025-04-10
6101,Melissa,Wilson,OK,Consumer,2026-09-02
6102,Ryan,Cuevas,GA,Business,2022-12-27
6103,Robert,Rogers,LA,VIP,2023-04-15
6104,Kevin,Hopkins,MA,Consumer,2026-05-09
6105,Donna,Reyes,NC,Consumer,2022-07-10
6106,Sarah,Roberts,GA,Consumer,2026-07-14
6107,Molly,Newton,NM,Consumer,2022-03-13
6108,Benjamin,Dalton,WA,Consumer,2022-01-27
6109,Bradley,Aguirre,MI,Consumer,2025-07-02
6110,Patricia,Love,RI,Consumer,2026-05-30
6111,Alexander,Graves,HI,Consumer,2022-04-24
6112,Jonathan,Murillo,AZ,Consumer,2023-08-16
6113,Brianna,Smith,GA,Consumer,2025-01-28
6114,James,Frazier,NV,Business,2023-12-29
6115,Kenneth,Kennedy,PW,Consumer,2022-03-18
6116,Linda,Kelly,NJ,Business,2026-07-27
6117,Michael,Wilcox,NM,Consumer,2024-04-13
6118,Jennifer,Jimenez,PW,Consumer,2022-03-05
6119,Angela,Martin,AZ,Consumer,2026-07-22
6120,Marie,Bradley,CT,Consumer,2024-04-15
6121,Jerome,Johns,GA,Consumer,2025-06-23
6122,William,Bruce,GA,Consumer,2025-08-23
6123,Tammy,Cooper,WA,Consumer,2022-11-20
6124,Edward,Ward,MN,Business,2026-08-25
6125,Michael,Carter,VI,Consumer,2023-06-13
6126,Ashley,Richmond,FL,Consumer,2022-10-29
6127,Jonathan,Meyers,MA,Consumer,2025-01-20
6128,Sara,Reed,NY,Consumer,2022-09-06
6129,Kristin,Barajas,NV,Consumer,2026-08-11
6130,Joseph,Johnson,HI,Consumer,2021-10-17
6131,Paul,Austin,NV,Consumer,2022-06-30
6132,Dominique,Johnson,MO,Consumer,2022-06-13
6133,Michael,Mcclain,MH,Consumer,2025-11-05
6134,Christopher,Soto,NM,Consumer,2024-10-19
6135,Charles,Ayala,DC,Business,2022-05-23
6136,Samantha,Sweeney,MH,Consumer,2025-07-26
6137,Paul,Long,HI,Consumer,2025-10-06
6138,Jennifer,Thomas,NY,Consumer,2022-10-21
6139,Lauren,Brown,FM,Consumer,2023-08-27
6140,Travis,Schroeder,OH,Consumer,2022-05-16
6141,Shaun,Mcmillan,WI,VIP,2024-10-08
6142,Kathleen,Faulkner,FM,Consumer,2024-01-30
6143,Sandra,Riley,KS,Consumer,2024-09-18
6144,Angela,Jones,KS,Consumer,2024-10-02
6145,Lorraine,Robbins,MP,VIP,2022-09-30
6146,Michael,Stevens,GU,Business,2021-12-16
6147,Maria,Ewing,IL,Consumer,2024-08-28
6148,Angela,Estrada,MI,Consumer,2025-10-25
6149,Ashley,Rose,NH,Consumer,2026-07-14
6150,Jody,Adams,PA,Consumer,2024-02-27
6151,Kenneth,Gould,AS,Consumer,2025-08-24
6152,Aaron,Cooper,MI,Business,2026-03-24
6153,Monica,Brown,WA,Consumer,2025-05-22
6154,John,Lee,WA,Consumer,2024-07-23
6155,Karen,King,VT,Consumer,2026-08-10
6156,Alison,Robinson,HI,Consumer,2022-09-23
6157,Kayla,Bautista,MT,Consumer,2022-03-14
6158,Jesus,Wallace,WI,Consumer,2026-06-05
6159,Harold,Reynolds,PA,Consumer,2022-07-07
6160,Helen,Stark,VA,Consumer,2022-10-25
6161,Kevin,Woods,TN,Consumer,2024-11-02
6162,Sherri,Rangel,PW,Consumer,2022-04-24
6163,Andrew,Costa,GA,Business,2023-07-03
6164,Zoe,Garcia,CT,Consumer,2026-05-18
6165,Anthony,Tanner,MS,Consumer,2026-09-05
6166,Steven,Russell,AL,Consumer,2026-03-09
6167,Isabella,Martin,MH,Consumer,2025-04-07
6168,Jessica,Morales,NH,Consumer,2024-07-21
6169,Jessica,Long,LA,Business,2024-02-28
6170,Matthew,Wolf,WA,Consumer,2025-03-12
6171,Sherri,Wang,CO,Consumer,2023-01-22
6172,Renee,Barton,FM,Consumer,2023-01-11
6173,Eric,Moss,DE,Consumer,2025-04-01
6174,Holly,Padilla,MT,Consumer,2025-08-08
6175,Jerome,Carrillo,IA,Consumer,2021-12-06
6176,Terri,Bryant,NJ,Consumer,2026-06-11
6177,Darryl,Allen,IL,Consumer,2026-08-07
6178,Katrina,Diaz,RI,Consumer,2025-04-04
6179,Joshua,Terry,NC,Consumer,2023-04-10
6180,Claudia,Russo,LA,Consumer,2021-12-14
6181,Erik,Ayala,NH,Consumer,2025-06-24
6182,Karen,Garcia,NE,Consumer,2024-07-03
6183,Jerome,Mullen,SD,Business,2023-11-09
6184,Jose,Strickland,DC,Business,2026-09-12
6185,Mark,Smith,CT,Business,2025-06-21
6186,Tina,Lam,DE,Consumer,2026-06-26
6187,Leslie,Schultz,GU,Consumer,2026-05-30
6188,Stephanie,Todd,CO,Consumer,2021-12-20
6189,Christopher,Hall,MN,VIP,2026-04-07
6190,Martha,Perry,NC,Consumer,2022-07-07
6191,Peter,George,NY,Consumer,2024-02-19
6192,David,Roberts,VA,Consumer,2022-04-07
6193,Shannon,Trevino,MS,Consumer,2024-06-16
6194,Brett,Myers,FM,Business,2026-05-28
6195,Rebecca,Griffith,CO,Consumer,2026-06-04
6196,Joy,Davis,UT,VIP,2026-07-22
6197,Jennifer,Stephens,WY,VIP,2024-02-16
6198,Carl,Perry,NC,Consumer,2024-03-28
6199,Heidi,Diaz,FL,Business,2024-02-17
6200,Brenda,Mcbride,AS,Consumer,2021-11-08
6201,Justin,Flynn,PR,Consumer,2024-02-11
6202,Hunter,Dominguez,TN,Consumer,2025-07-03
6203,Amanda,Dunn,VI,Consumer,2025-04-10
6204,Jessica,Anderson,MN,Consumer,2022-05-01
6205,Cindy,Walker,TX,Consumer,2022-03-04
6206,Larry,Barnett,UT,Consumer,2026-06-28
6207,Matthew,Parrish,VA,Business,2026-01-10
6208,Alex,Brown,OK,Consumer,2022-08-05
6209,Richard,Curry,ME,Consumer,2021-12-10
6210,Lisa,Evans,PA,Consumer,2025-10-21
6211,Jon,Ashley,IA,VIP,2025-02-11
6212,Richard,Gonzalez,GA,Consumer,2026-08-09
6213,Michael,Schmitt,NJ,Consumer,2026-03-29
6214,Robert,Sutton,NY,Business,2023-08-07
6215,Emily,Dunn,UT,Consumer,2025-06-11
6216,David,Mclean,CO,Business,2024-07-30
6217,Jennifer,Ramirez,KS,Consumer,2026-07-02
6218,Audrey,Sutton,NY,Consumer,2023-12-04
6219,Gina,Castaneda,SD,Consumer,2022-03-08
6220,Kathleen,Winters,IL,Consumer,2022-09-29
6221,Scott,Collins,VT,Consumer,2024-05-07
6222,Jessica,Wright,NC,Business,2025-05-19
6223,Amanda,Scott,KS,Consumer,2026-06-09
6224,Jacqueline,Rogers,NV,Consumer,2024-11-30
6225,Debbie,Scott,MS,Consumer,2023-04-11
6226,Richard,Meyers,WA,Consumer,2021-10-04
6227,Brenda,Sims,KY,Consumer,2026-07-12
6228,April,Munoz,MS,Consumer,2024-09-30
6229,Adam,Moore,AZ,Business,2022-12-02
6230,Leah,Harris,LA,Consumer,2022-09-27
6231,Donald,Pittman,TN,Consumer,2026-02-22
6232,Erin,Gutierrez,ID,Consumer,2023-05-15
6233,Heather,Perry,CA,Consumer,2026-08-04
6234,Johnny,Park,VT,Consumer,2022-06-04
6235,Tiffany,Blair,IN,Business,2025-05-23
6236,Donald,Young,MA,Consumer,2023-06-07
6237,Allison,Martin,OK,Consumer,2025-06-04
6238,Carlos,Rodriguez,LA,Consumer,2022-11-24
6239,Richard,Coffey,VA,Consumer,2025-10-11
6240,Mary,Roman,SD,Business,2022-01-28
6241,Jared,Odom,DC,Consumer,2021-12-05
6242,James,Ortiz,MH,Consumer,2025-02-04
6243,David,Reynolds,ND,Consumer,2024-09-12
6244,Michelle,Conway,WY,Consumer,2024-03-31
6245,Johnny,Mercer,CA,Consumer,2023-11-20
6246,Guy,Sweeney,TX,Consumer,2025-06-19
6247,Jordan,Warren,LA,Consumer,2022-08-08
6248,Bryan,Jackson,ID,Consumer,2023-12-18
6249,Kimberly,Shelton,ID,Business,2025-02-22
6250,Zachary,Bennett,MD,Consumer,2024-05-26
6251,Jenna,Wells,PW,Business,2022-09-27
6252,Cynthia,Smith,MN,Consumer,2024-05-12
6253,Daniel,Hill,ID,VIP,2025-06-29
6254,Nathan,Calderon,HI,Consumer,2023-03-16
6255,Lauren,Freeman,NE,Consumer,2025-06-03
6256,Cynthia,Brooks,KS,Consumer,2026-04-26
6257,Michael,Hale,VT,Consumer,2026-01-07
6258,Christopher,Reeves,PW,Consumer,2022-04-11
6259,Sarah,Marshall,MI,Consumer,2025-11-16
6260,Jacqueline,Powers,MA,Consumer,2024-07-22
6261,Brenda,Grant,AK,Consumer,2021-09-19
6262,Frank,Scott,HI,Consumer,2026-03-14
6263,Martha,Carpenter,LA,Business,2021-12-30
6264,Thomas,Peterson,ND,VIP,2024-10-16
6265,Clinton,Mitchell,NV,Business,2026-07-31
6266,Chad,Rogers,NE,Consumer,2022-06-21
6267,Chris,Chambers,MT,VIP,2022-12-18
6268,Alicia,Martinez,CA,Consumer,2026-07-21
6269,Jeffery,Baker,ND,Business,2023-06-01
6270,Stuart,Garrett,MD,Consumer,2022-10-29
6271,Jared,Nguyen,FM,Consumer,2023-08-25
6272,Scott,Bonilla,NM,Consumer,2022-01-02
6273,Janet,Kim,GA,Consumer,2023-06-20
6274,Nathan,Robinson,WV,Consumer,2025-12-03
6275,Evan,Thomas,NJ,VIP,2024-05-20
6276,Alison,Walker,NE,Consumer,2024-03-29
6277,Emily,Johnson,AS,Consumer,2024-07-05
6278,Andrew,Jones,CA,Consumer,2023-09-04
6279,Paula,Luna,CA,Consumer,2025-02-18
6280,Seth,Welch,WI,Consumer,2022-09-16
6281,Andrew,Hicks,FL,Consumer,2026-07-09
6282,Amanda,Robertson,LA,Consumer,2024-03-06
6283,Ashley,Black,MP,Consumer,2021-11-25
6284,Kevin,Avery,PW,Business,2024-07-17
6285,Dustin,Adams,AL,Consumer,2022-07-22
6286,Joseph,Mathis,AL,Consumer,2022-02-19
6287,Allison,Smith,SC,Consumer,2025-04-19
6288,Tammy,Harrington,VI,VIP,2026-04-16
6289,Jesus,Armstrong,NM,Consumer,2024-12-27
6290,Dustin,Johnson,MP,Consumer,2022-08-09
6291,Amy,Hale,ME,Consumer,2024-09-02
6292,Wendy,Carter,OR,Consumer,2025-05-22
6293,Andrea,Reyes,NV,Consumer,2025-06-04
6294,Christopher,Kerr,OK,Consumer,2024-10-22
6295,Sara,Burns,ME,Consumer,2026-06-17
6296,Timothy,Ramirez,MT,Consumer,2024-02-06
6297,Kevin,Parker,ME,Business,2026-02-28
6298,Steven,Simmons,IL,Consumer,2024-10-14
6299,Angela,Long,VT,Consumer,2026-09-15
6300,Lisa,Buckley,VI,Consumer,2026-01-18
6301,Michael,Graves,MH,Consumer,2022-10-24
6302,Dominic,Rasmussen,PW,Business,2022-03-13
6303,Katherine,Mcdonald,VA,Consumer,2025-09-11
6304,Jesse,Barnett,TN,Consumer,2023-08-06
6305,Jordan,Hanna,DC,Consumer,2024-12-08
6306,Melissa,Baker,MN,Consumer,2023-05-21
6307,Anthony,Sanchez,DC,Consumer,2023-06-05
6308,Katherine,Williams,MA,Consumer,2026-09-08
6309,Jennifer,Johnson,VT,Consumer,2022-12-16
6310,Thomas,Brown,PA,Consumer,2026-05-05
6311,Dawn,Martin,FM,Consumer,2023-06-05
6312,Joel,Vega,ME,Business,2024-09-29
6313,Destiny,Moore,ND,Business,2023-10-17
6314,Amy,Larson,MP,Consumer,2026-05-15
6315,Brittney,Smith,RI,Consumer,2024-11-18
6316,Paula,Padilla,ND,Consumer,2024-12-19
6317,Andrea,Thomas,OR,Consumer,2025-02-03
6318,Christina,Mcintosh,IN,VIP,2026-01-22
6319,Edward,Wall,KS,Consumer,2023-06-20
6320,Michael,Brown,DC,Consumer,2022-09-22
6321,Anthony,Lane,VI,Consumer,2021-10-07
6322,Cassandra,Howell,ND,Business,2025-10-22
6323,Jennifer,Howard,IN,Consumer,2025-05-23
6324,Amanda,Howard,FL,Consumer,2022-05-31
6325,Jessica,Carpenter,NE,Consumer,2024-04-29
6326,Colleen,Williams,GA,Consumer,2022-11-14
6327,Daniel,Miller,OK,Business,2025-11-04
6328,Zachary,Taylor,IA,Consumer,2026-01-11
6329,Laura,Cook,MN,Consumer,2023-07-18
6330,Sarah,Kerr,TN,VIP,2025-02-06
6331,Danielle,Adams,MA,Consumer,2025-10-18
6332,Erin,Johnson,NC,Consumer,2023-04-19
6333,William,Thomas,VT,Consumer,2025-02-03
6334,Katherine,Barker,NC,Consumer,2022-07-22
6335,Nathaniel,Church,UT,Consumer,2024-07-12
6336,Sierra,Martin,MT,Business,2023-01-28
6337,Jennifer,Estes,WY,Business,2022-09-07
6338,Rodney,Saunders,FM,Consumer,2024-05-01
6339,Monica,Sherman,KY,Consumer,2024-11-14
6340,Samantha,Schmidt,CT,Consumer,2023-07-28
6341,Brett,Robinson,DC,Consumer,2026-04-13
6342,Eric,Bauer,NJ,Consumer,2026-06-19
6343,Samuel,Gomez,OK,Consumer,2022-07-11
6344,Michael,Thompson,ID,Consumer,2022-01-04
6345,Melissa,Vazquez,AR,Consumer,2021-11-23
6346,Erik,Harris,WI,Consumer,2023-04-23
6347,Lorraine,Brady,MT,Consumer,2024-12-04
6348,Donna,Miller,AZ,Business,2024-03-29
6349,Laura,Cummings,TX,Consumer,2025-03-06
6350,Anthony,Olsen,NE,Consumer,2024-02-11
6351,Russell,Robinson,MP,Consumer,2025-10-23
6352,Michael,Brewer,OR,Consumer,2022-06-07
6353,James,Hernandez,OK,Business,2023-09-15
6354,Jeffrey,Green,PA,Consumer,2025-07-02
6355,Phillip,Owen,NC,Business,2022-01-08
6356,Diane,Cooper,NC,Consumer,2025-06-06
6357,Johnathan,Thomas,MA,Consumer,2023-07-25
6358,Troy,Mcdonald,DC,Consumer,2022-09-20
6359,Abigail,Adams,KS,Consumer,2023-08-01
6360,John,Moore,NH,Consumer,2024-08-30
6361,Jessica,Phillips,FL,Consumer,2026-08-12
6362,Andrew,Wade,PR,Consumer,2022-04-05
6363,Amber,Williams,MT,Consumer,2025-12-10
6364,Matthew,Wilson,SD,Consumer,2025-10-28
6365,Kristen,Porter,MP,Consumer,2024-06-26
6366,Mark,Harvey,GA,Consumer,2025-09-22
6367,Phillip,Burgess,AR,Consumer,2022-03-05
6368,Brad,Cuevas,KS,Business,2023-07-11
6369,Bryan,Whitehead,SC,Consumer,2023-02-19
6370,Ronald,Horn,SC,Consumer,2023-08-03
6371,Charles,Alvarez,OH,Consumer,2026-08-08
6372,Donald,Bruce,DC,Consumer,2025-03-21
6373,Karen,Rollins,VT,Consumer,2025-01-13
6374,Jennifer,Moore,NY,Consumer,2023-05-13
6375,Victoria,Miller,ID,Consumer,2022-10-14
6376,David,Robles,AR,Business,2026-09-06
6377,Melissa,Mcguire,SC,Consumer,2023-07-28
6378,Ruth,Nolan,DC,Consumer,2024-01-12
6379,Brian,Obrien,OK,Consumer,2025-09-19
6380,Anthony,Lopez,NV,Consumer,2025-11-09
6381,Kelly,Costa,MA,Consumer,2024-12-13
6382,Lisa,Bell,AK,Consumer,2023-10-31
6383,Linda,Murphy,SC,Consumer,2024-09-17
6384,Xavier,Weiss,OK,Consumer,2023-06-14
6385,Christopher,Mitchell,NJ,Business,2024-02-21
6386,Jacob,Jefferson,UT,Business,2023-09-13
6387,Michelle,Hall,VT,Consumer,2021-09-19
6388,Gregory,Sawyer,OH,Consumer,2025-10-27
6389,Brenda,Mason,IL,Consumer,2024-07-17
6390,Barry,Hopkins,LA,Business,2026-05-19
6391,Stephanie,Miller,ND,Consumer,2023-01-21
6392,Craig,Riggs,LA,Business,2022-03-01
6393,Brian,Mccarty,RI,Consumer,2025-12-17
6394,Devon,Mendez,MA,Consumer,2025-08-01
6395,Keith,Harding,WA,Consumer,2022-01-22
6396,Jacqueline,Griffin,FM,Consumer,2022-03-16
6397,Nathan,Morgan,WA,VIP,2023-12-12
6398,William,Cortez,AL,Consumer,2026-06-30
6399,Morgan,Smith,MP,Consumer,2024-10-14
6400,Alexandra,Williams,CT,Consumer,2025-10-11
6401,Sharon,Allison,LA,Consumer,2024-02-23
6402,Stephanie,Smith,CO,Consumer,2024-08-07
6403,Leonard,Curry,NJ,Consumer,2025-01-14
6404,Patrick,Lloyd,NM,Consumer,2022-05-26
6405,Danny,King,LA,Consumer,2022-02-23
6406,Amy,Schmidt,PR,Consumer,2022-10-14
6407,William,Odom,MH,Consumer,2024-06-19
6408,Julian,Mcbride,CA,Consumer,2026-02-06
6409,Amanda,Green,NJ,Business,2024-07-19
6410,Desiree,Brown,PA,Consumer,2022-02-07
6411,Jesus,Davis,MI,Consumer,2023-09-28
6412,Cameron,Hill,NJ,VIP,2025-12-07
6413,Philip,Cruz,DC,Consumer,2024-12-17
6414,Bryan,Wright,IL,Consumer,2023-11-29
6415,Elizabeth,Kelley,IL,Business,2025-07-02
6416,Courtney,Hodges,PA,Business,2026-06-25
6417,Lindsey,Hart,NM,Consumer,2026-02-19
6418,Leah,Watkins,MH,Consumer,2022-11-15
6419,Michele,Stevens,CT,Consumer,2025-01-23
6420,Jennifer,Allen,CA,Business,2025-06-19
6421,Jason,James,PR,Consumer,2025-10-26
6422,Cynthia,Atkinson,TN,Consumer,2022-09-11
6423,Tanya,Smith,KY,Consumer,2022-11-18
6424,Amy,Porter,NH,Consumer,2024-01-03
6425,Frank,Ward,TN,Consumer,2023-11-01
6426,Clayton,Reed,SD,Consumer,2022-11-29
6427,Casey,Moreno,OR,Consumer,2023-01-17
6428,Joshua,Lambert,MP,Business,2026-07-05
6429,Joseph,Fitzgerald,SD,Consumer,2025-11-17
6430,Michelle,Miller,DE,Consumer,2025-04-20
6431,Samuel,Pruitt,WA,Consumer,2023-08-22
6432,John,Butler,TX,Business,2022-03-30
6433,Danny,Taylor,SC,VIP,2026-06-12
6434,Joseph,Morris,MH,Consumer,2025-05-08
6435,Lynn,Walters,PW,Consumer,2022-05-02
6436,Dustin,Oneill,UT,Business,2025-02-25
6437,Dennis,Shaw,OK,Consumer,2024-01-24
6438,Antonio,Grant,SC,Business,2022-10-13
6439,Dana,Russell,FM,Consumer,2023-02-01
6440,Kimberly,Wells,MP,Consumer,2025-02-14
6441,Christopher,Mcguire,CT,Consumer,2024-09-29
6442,James,Hayes,OR,Consumer,2022-10-13
6443,John,Beltran,ID,Consumer,2025-05-01
6444,Patrick,Anderson,CA,Business,2025-01-14
6445,Nicolas,Clarke,IL,Consumer,2023-01-21
6446,Diamond,Mcgrath,PW,Consumer,2023-04-17
6447,Maria,Parks,KS,Consumer,2024-07-30
6448,Jonathan,Serrano,IN,Consumer,2026-04-03
6449,Shawna,Reid,ME,Consumer,2025-07-09
6450,Jason,Thomas,WY,Consumer,2025-02-03
6451,Julie,Smith,OR,Consumer,2022-11-01
6452,Robert,Walsh,MS,Consumer,2025-08-21
6453,Julie,Bray,KY,Consumer,2026-06-04
6454,Jonathan,Sullivan,ME,Consumer,2025-11-16
6455,Penny,Howell,NV,Business,2023-03-17
6456,Matthew,Smith,AR,Consumer,2024-01-14
6457,Mark,Mcintyre,FM,Business,2026-06-11
6458,Joshua,Johnson,IL,Consumer,2023-12-11
6459,Phillip,Walton,AS,Consumer,2024-12-04
6460,John,Blair,HI,Consumer,2023-02-25
6461,Sara,Durham,LA,Consumer,2025-06-04
6462,Joshua,Phillips,SC,Consumer,2023-11-27
6463,Nicholas,Miller,GU,Business,2025-04-23
6464,Veronica,Pollard,MA,Consumer,2023-04-23
6465,Cynthia,Alvarez,HI,Business,2024-09-28
6466,Jake,Mann,IA,Consumer,2023-01-05
6467,Sarah,Douglas,TN,Consumer,2026-05-14
6468,Keith,Figueroa,NC,Business,2022-08-06
6469,Jennifer,Williams,CO,Consumer,2022-06-05
6470,Sandra,Clark,WA,Consumer,2024-08-15
6471,Mark,Murillo,MP,Business,2022-10-24
6472,David,Berg,VI,VIP,2022-01-21
6473,Haley,Lopez,DC,Consumer,2021-09-25
6474,Stephen,Chang,PA,Consumer,2025-09-21
6475,Michelle,Hines,GU,Consumer,2025-10-15
6476,Nicole,Thomas,SD,Business,2023-11-03
6477,Jose,Zhang,NC,Consumer,2024-10-06
6478,Jenna,Lopez,KS,Consumer,2024-03-18
6479,Robert,Burton,VI,Consumer,2025-04-11
6480,John,Solis,RI,Consumer,2026-02-27
6481,Michael,Hebert,TX,Consumer,2025-06-21
6482,Dustin,Kelly,PR,Consumer,2023-10-31
6483,Charles,Chavez,WY,Business,2024-06-13
6484,Alexis,Shaw,FL,Consumer,2022-12-07
6485,Jessica,Conley,WY,Consumer,2024-09-26
6486,Kim,Wright,ND,Business,2023-05-02
6487,Cory,Lyons,PR,Consumer,2026-08-04
6488,Tom,Sharp,AZ,Business,2024-01-11
6489,Brandon,Macias,UT,Consumer,2025-03-17
6490,Elizabeth,Rivera,SD,Consumer,2022-04-19
6491,Mark,Boyer,CA,Consumer,2025-06-18
6492,Ivan,Chavez,NJ,Consumer,2025-09-09
6493,Katie,Ford,HI,Business,2023-01-12
6494,Sheryl,Williams,NJ,Business,2024-12-18
6495,Chris,Chandler,PR,Consumer,2022-07-24
6496,Marissa,Velazquez,LA,Consumer,2024-08-09
6497,Philip,Medina,GA,VIP,2024-09-08
6498,Ashley,Vaughn,VT,Consumer,2024-11-20
6499,Sandy,Walters,MS,Consumer,2025-12-30
6500,John,Morris,ID,Consumer,2024-06-07
6501,Jose,Scott,VI,Consumer,2026-01-10
6502,Sean,Campos,NH,Consumer,2025-07-12
6503,Anthony,Aguilar,OH,Consumer,2023-08-05
6504,Raymond,Mccullough,ND,Consumer,2022-04-08
6505,Sherry,Watson,IL,Consumer,2024-10-01
6506,Julie,Burton,AK,Consumer,2025-04-10
6507,Danny,Medina,MN,Business,2025-04-24
6508,Emily,Thomas,VA,Consumer,2024-06-10
6509,Tammy,Sanchez,MN,Consumer,2024-02-15
6510,Steven,Conner,IL,Consumer,2026-08-29
6511,Shannon,Maynard,DE,Business,2023-06-25
6512,William,Mooney,KY,Consumer,2023-12-11
6513,Jason,Nguyen,AL,Business,2024-06-23
6514,Gregory,Brown,KS,Consumer,2023-04-08
6515,Thomas,Winters,OH,Consumer,2023-07-10
6516,Harold,Bridges,CT,Consumer,2022-07-14
6517,Jean,Myers,GA,Consumer,2026-05-01
6518,Judy,English,DC,Consumer,2024-09-10
6519,Travis,Zhang,FM,Consumer,2024-03-12
6520,Susan,Cabrera,UT,Consumer,2025-12-23
6521,Kara,Beck,CO,Consumer,2024-01-23
6522,Thomas,Williams,KY,Consumer,2026-06-19
6523,Jeffrey,Yoder,OK,Consumer,2024-10-30
6524,Alicia,Green,VT,Consumer,2025-11-30
6525,Brian,Baldwin,OR,Consumer,2022-09-05
6526,Andrew,Barrera,GU,Business,2025-12-13
6527,James,Wheeler,GU,Business,2023-08-08
6528,Christina,Price,OK,Consumer,2026-04-29
6529,Michael,Huffman,NC,Consumer,2022-12-13
6530,Eric,Small,NV,Consumer,2022-05-17
6531,Raymond,Adams,UT,Consumer,2022-09-11
6532,Brian,Price,AL,Consumer,2024-04-16
6533,Mary,Wagner,MA,Consumer,2021-12-17
6534,Lisa,Dennis,WI,Consumer,2022-01-01
6535,Krista,Myers,GU,Consumer,2026-08-13
6536,Eric,Parker,MD,Business,2022-06-13
6537,Janet,Ortiz,MD,Consumer,2021-11-05
6538,Katherine,Burns,VT,Business,2023-12-14
6539,Gloria,Wade,AK,Consumer,2024-04-28
6540,Lori,Jones,PR,Consumer,2022-10-06
6541,Candice,Ross,VI,Consumer,2022-06-10
6542,Krystal,Jacobs,CO,Business,2025-09-26
6543,Lisa,Jordan,OK,Consumer,2021-11-22
6544,Richard,Johnson,DC,Consumer,2022-06-28
6545,Zachary,Moore,GA,Consumer,2024-05-19
6546,Mary,Boyle,TN,Consumer,2025-08-16
6547,Donald,Porter,AS,Consumer,2023-11-27
6548,Donna,Meyers,MD,Consumer,2022-04-29
6549,Bradley,Hill,VT,Consumer,2024-12-13
6550,Benjamin,Baker,ND,Business,2024-07-09
6551,Ann,Harris,PW,Business,2023-12-02
6552,Melissa,Davis,NH,Consumer,2024-09-14
6553,Melissa,Harris,DE,Consumer,2024-09-02
6554,Tracey,Black,MP,Consumer,2021-12-20
6555,Debra,Gentry,MA,Consumer,2023-08-18
6556,Sharon,Richmond,FM,Consumer,2024-06-18
6557,Adrian,Pierce,ME,Consumer,2024-03-28
6558,Nathan,Hoffman,ID,Consumer,2023-10-20
6559,Patrick,Fowler,TX,Consumer,2022-02-22
6560,Manuel,Whitehead,DC,Consumer,2022-10-18
6561,Scott,Bennett,KS,Consumer,2021-10-05
6562,Stacey,Guzman,UT,Business,2023-01-13
6563,Ryan,Love,KS,Consumer,2022-07-30
6564,Samantha,Wallace,TX,Consumer,2023-07-24
6565,Melissa,Beck,ID,Consumer,2024-12-25
6566,Charles,Phelps,ND,Consumer,2024-11-23
6567,Veronica,Miller,MP,Consumer,2024-08-24
6568,John,Yoder,KS,Consumer,2023-09-07
6569,Amanda,Brown,NM,Business,2024-10-08
6570,Scott,Hernandez,DC,Business,2026-06-21
6571,Kimberly,Lopez,UT,Consumer,2024-02-28
6572,Rita,Khan,NC,Consumer,2023-04-02
6573,Dana,Smith,SD,Consumer,2023-05-23
6574,Carl,Powell,MN,Consumer,2023-11-05
6575,Debra,Hansen,VI,Consumer,2022-03-05
6576,Gail,Crosby,TX,Consumer,2022-10-31
6577,Alejandro,Wang,NV,Consumer,2024-05-12
6578,William,White,KS,Consumer,2025-02-02
6579,Andrew,Hernandez,MH,Consumer,2026-03-24
6580,Lori,Day,MP,Business,2024-06-02
6581,Donna,Mcfarland,VT,Consumer,2025-10-09
6582,Alexandra,Mcbride,AR,Consumer,2024-07-24
6583,David,Holmes,IN,Consumer,2022-01-15
6584,Ryan,Johnson,IN,Consumer,2021-12-03
6585,David,Franco,IN,Business,2022-01-01
6586,Tyler,Williams,IA,Consumer,2025-01-12
6587,Jacob,Davis,SC,Consumer,2023-11-15
6588,Brenda,Parker,IA,Consumer,2021-12-01
6589,Pamela,Bradshaw,AR,Consumer,2024-09-16
6590,Heidi,Snyder,GU,Consumer,2022-09-27
6591,David,Smith,NY,Business,2025-07-17
6592,Sherri,Edwards,FM,Business,2023-01-11
6593,Melissa,Williams,UT,Business,2024-04-04
6594,Jonathan,Crane,FL,Consumer,2022-12-03
6595,Kimberly,Wong,HI,Business,2023-09-17
6596,Anthony,Smith,PR,Consumer,2022-11-02
6597,Abigail,Garcia,OK,Consumer,2025-10-16
6598,Kimberly,Taylor,AR,Consumer,2026-01-13
6599,Richard,Baker,TX,Consumer,2023-10-19
6600,Ricky,Miller,OK,Business,2026-01-20
6601,Rebecca,Farrell,TN,Consumer,2025-08-19
6602,Sharon,Patel,MD,Business,2025-07-24
6603,Michael,Alvarez,IN,Consumer,2022-07-28
6604,Diana,Christian,ME,Consumer,2025-03-22
6605,Brandon,Palmer,MH,Consumer,2022-07-30
6606,Heather,Weeks,WA,Business,2025-10-19
6607,Mary,Chavez,MO,Consumer,2024-06-07
6608,Christopher,Thompson,LA,Consumer,2023-11-28
6609,Jorge,Moore,AL,Consumer,2025-12-31
6610,Richard,Johnson,CA,Consumer,2026-02-27
6611,Gregory,Reed,OK,Consumer,2024-09-15
6612,Bruce,Steele,IN,Consumer,2024-01-03
6613,Karen,Anderson,WV,Business,2023-07-07
6614,Nicholas,Bowers,KY,Consumer,2021-10-28
6615,Brenda,Pennington,MS,Consumer,2024-09-20
6616,Daniel,Hughes,TN,Consumer,2024-12-29
6617,Corey,Wells,LA,Consumer,2024-08-06
6618,Jackie,Watkins,MD,VIP,2023-04-12
6619,Pamela,Price,CT,Consumer,2022-01-09
6620,Valerie,Padilla,MS,Business,2024-12-19
6621,Michael,Fletcher,MN,Business,2023-08-27
6622,Matthew,Huerta,AZ,Consumer,2024-10-12
6623,Robert,Garcia,TX,Consumer,2024-11-29
6624,Andrew,Holt,FM,Consumer,2025-01-13
6625,Eric,Hill,IN,Business,2023-02-25
6626,Charles,Smith,WA,Business,2025-05-11
6627,Brian,Gonzalez,DC,Consumer,2023-04-08
6628,Cassandra,Luna,MN,Consumer,2026-05-15
6629,James,Townsend,PA,Business,2024-10-15
6630,David,Carter,NV,Consumer,2023-08-20
6631,Brenda,Contreras,MP,Consumer,2026-08-12
6632,Brenda,Schultz,AZ,Business,2025-09-11
6633,Ryan,Heath,NM,Consumer,2025-09-07
6634,Amy,Cook,MP,Consumer,2022-03-31
6635,Nichole,Brown,DC,Consumer,2025-03-27
6636,Roger,Castillo,NM,Consumer,2025-04-18
6637,Jennifer,Gonzalez,IL,Consumer,2023-01-30
6638,Jason,Carpenter,KY,Consumer,2022-03-28
6639,Christine,Spencer,CT,Business,2025-01-29
6640,Patrick,Harris,SD,Consumer,2026-04-22
6641,Megan,Wright,PR,Consumer,2026-03-20
6642,Barbara,West,PR,Consumer,2025-05-04
6643,Mercedes,Morton,TN,Consumer,2026-03-21
6644,Kim,Miles,MS,Consumer,2023-06-09
6645,Stephen,Jones,IL,Business,2021-12-28
6646,Ryan,Long,VI,Consumer,2023-12-24
6647,Jonathan,Goodwin,TX,Consumer,2022-05-21
6648,Martha,Vasquez,MT,Consumer,2022-01-26
6649,John,Maldonado,FM,Consumer,2023-05-22
6650,William,Ray,SD,Consumer,2024-02-04
6651,Randy,Dominguez,NH,Consumer,2022-03-17
6652,Jessica,Bradford,DE,Consumer,2022-05-10
6653,Jenna,Noble,NM,Consumer,2026-02-11
6654,Jenna,Hancock,MA,Consumer,2023-10-16
6655,Tyler,Berg,CA,Consumer,2023-04-23
6656,Kimberly,Gordon,NH,VIP,2022-04-11
6657,Lance,Rosales,LA,Consumer,2023-11-05
6658,David,Steele,FM,Consumer,2023-11-16
6659,Kelsey,Ramirez,GA,Consumer,2022-07-31
6660,Christopher,Stewart,WA,Consumer,2022-01-30
6661,Michael,Humphrey,VA,Consumer,2026-06-04
6662,Christina,Mendez,PR,Consumer,2022-01-10
6663,Mitchell,Morrison,WA,Consumer,2023-07-11
6664,Amanda,Fernandez,MH,Consumer,2022-08-24
6665,Lisa,Cole,FM,Consumer,2024-02-08
6666,Christopher,Ramirez,DE,Business,2023-09-29
6667,Christopher,Scott,TN,Consumer,2022-08-01
6668,Christina,Sanchez,CO,Consumer,2026-07-20
6669,Patricia,French,ME,Consumer,2021-12-06
6670,James,Hammond,PW,Consumer,2024-03-31
6671,Theresa,Martinez,AL,Consumer,2025-12-07
6672,Kathy,Coffey,OH,Consumer,2025-06-30
6673,Jessica,Ramos,WY,Business,2026-08-31
6674,Kelsey,Waters,DC,Consumer,2023-10-08
6675,Jeanne,Thomas,TX,Consumer,2022-06-13
6676,Patricia,Valdez,MS,Consumer,2023-01-26
6677,Kimberly,Davis,MA,Business,2021-12-03
6678,Barbara,Wilson,DE,Consumer,2022-11-04
6679,Bryan,Simmons,MS,Consumer,2025-06-25
6680,Joseph,Carrillo,MA,Consumer,2024-09-28
6681,Bryan,Baker,AS,Business,2025-10-24
6682,John,Jones,VI,Consumer,2023-07-15
6683,Mary,Leonard,NE,Consumer,2025-08-25
6684,Laura,Williams,IN,VIP,2024-05-23
6685,Mackenzie,Dodson,MP,Consumer,2025-09-25
6686,Jeffrey,Robinson,AS,Consumer,2026-08-13
6687,Angela,Burnett,NC,Consumer,2025-10-29
6688,Mikayla,Harris,KY,Consumer,2023-12-17
6689,David,Terry,FL,VIP,2022-03-21
6690,Molly,Gomez,ND,Business,2024-10-07
6691,Eric,Ramirez,DE,Consumer,2025-12-16
6692,Mark,Green,OK,Consumer,2024-08-18
6693,Vincent,Zimmerman,SC,Consumer,2024-12-07
6694,Eric,Gonzalez,WV,Consumer,2022-08-27
6695,Dennis,Graham,WA,Consumer,2022-04-24
6696,Carlos,Benson,OH,Business,2025-05-16
6697,Joanna,Wells,MH,Consumer,2024-05-21
6698,Jasmin,Clark,MI,Consumer,2021-11-30
6699,Regina,Mccarthy,MT,Consumer,2024-02-23
6700,Kelli,Terry,OH,Consumer,2026-03-31
6701,Shelley,Lewis,NV,Business,2023-09-24
6702,Patricia,Anderson,SD,Consumer,2022-10-28
6703,Rachael,Ramirez,MA,Consumer,2022-07-03
6704,Marcia,Bartlett,OH,Consumer,2024-03-02
6705,Pamela,Salas,KS,Business,2021-11-13
6706,Cheyenne,Garcia,NC,Consumer,2026-02-11
6707,Joshua,Kramer,PR,Consumer,2025-02-19
6708,James,Brown,FM,Business,2023-08-16
6709,Regina,Brown,WA,Consumer,2025-09-19
6710,Mark,Padilla,MD,Consumer,2023-09-08
6711,Crystal,Carter,FM,Consumer,2022-06-27
6712,Anthony,Faulkner,WI,Business,2021-11-14
6713,Robert,Fitzgerald,OH,Consumer,2022-03-28
6714,Linda,Williams,HI,Business,2025-03-25
6715,Wesley,Mitchell,ND,Consumer,2023-08-19
6716,Peggy,Shelton,CT,Consumer,2024-03-28
6717,Tanya,Anderson,KY,Consumer,2026-03-09
6718,Brent,Mcmillan,AL,Consumer,2025-05-24
6719,Ian,Smith,TN,Consumer,2023-03-21
6720,Rebecca,White,NE,Consumer,2026-08-05
6721,Samantha,Martinez,TX,Consumer,2022-04-07
6722,James,Washington,VA,Consumer,2026-08-25
6723,Julie,Morris,FM,Consumer,2025-08-29
6724,James,Alexander,ND,Consumer,2024-07-31
6725,Ethan,Smith,IA,Consumer,2025-09-19
6726,Darryl,Scott,NV,Consumer,2022-01-17
6727,Dave,Gallegos,ID,Consumer,2026-01-11
6728,Tiffany,Hicks,ND,Business,2022-01-27
6729,Nicole,Goodman,ID,Consumer,2021-12-18
6730,Beth,Becker,DE,Consumer,2026-04-23
6731,Amy,Rogers,AZ,Consumer,2022-07-17
6732,Diana,James,OK,Consumer,2025-11-15
6733,Robert,Wong,NM,Consumer,2022-12-22
6734,Joshua,Wells,FM,Consumer,2021-10-20
6735,Carol,Duncan,NY,Consumer,2024-09-25
6736,Bryan,Richmond,VI,Consumer,2026-06-27
6737,Briana,Little,PW,Consumer,2022-08-14
6738,Robert,Gibson,IL,Consumer,2021-12-18
6739,Carolyn,Robinson,WI,Consumer,2025-07-28
6740,Nicole,Moore,DC,Consumer,2024-07-06
6741,Michael,Lopez,PA,Consumer,2023-11-22
6742,Jonathan,Mendez,MS,Consumer,2023-10-04
6743,Tammy,Peterson,UT,Consumer,2026-04-14
6744,Danielle,Walters,PW,Consumer,2025-07-09
6745,Kristy,Wiggins,MA,Consumer,2026-05-28
6746,Beth,Ramirez,MI,Consumer,2022-01-23
6747,Andrew,Berry,CT,Business,2025-09-03
6748,Kristin,Price,WV,Consumer,2024-10-19
6749,Donald,Ferguson,VI,Consumer,2023-10-05
6750,Stephanie,Smith,KY,VIP,2026-02-08
6751,Debra,Roberts,OK,VIP,2023-11-09
6752,Nancy,Green,IA,Consumer,2026-08-28
6753,Alexander,Arroyo,AZ,Consumer,2025-12-01
6754,Katherine,Smith,AK,Consumer,2023-12-28
6755,Calvin,Juarez,MP,Consumer,2022-03-30
6756,David,Chang,CO,Business,2026-03-15
6757,Dan,Castaneda,MH,Consumer,2022-08-08
6758,Kathleen,Williams,AL,Consumer,2025-12-12
6759,Matthew,Kennedy,GU,Consumer,2024-03-13
6760,Edward,Williams,MI,Consumer,2023-04-13
6761,Selena,Hill,MH,Business,2026-05-10
6762,Gregory,Moreno,DE,VIP,2022-11-08
6763,Robert,Lee,MH,Business,2024-07-30
6764,Jeff,Curry,GA,Business,2026-03-26
6765,Jacob,Swanson,SD,Consumer,2024-01-07
6766,Amanda,Anderson,MI,Consumer,2021-11-24
6767,David,Hill,AS,Consumer,2024-12-14
6768,Norma,Hughes,UT,Business,2024-03-17
6769,Jonathan,Oliver,AR,Business,2022-02-18
6770,Douglas,Lopez,NM,VIP,2021-09-25
6771,Robert,Phillips,DE,Consumer,2026-06-06
6772,Nathan,Thompson,SC,Consumer,2022-08-21
6773,Mark,Hood,ND,Business,2022-01-07
6774,Harold,Walker,ID,Consumer,2021-11-02
6775,Adrian,Black,MT,Business,2023-01-31
6776,Angela,Schneider,HI,Consumer,2025-08-26
6777,Robert,Patterson,PW,Consumer,2023-04-22
6778,Donald,Evans,WA,Business,2026-08-29
6779,Peter,Hernandez,MS,Consumer,2021-10-06
6780,Robert,Hall,GA,Consumer,2024-06-07
6781,Kayla,Richards,VT,Consumer,2023-01-28
6782,Heather,Moore,KS,Consumer,2025-02-19
6783,Danielle,Johnson,TN,Consumer,2024-11-15
6784,Audrey,Ortiz,MD,Consumer,2022-05-23
6785,Steven,Sanford,MH,Consumer,2026-09-11
6786,Tracy,Morton,KY,Consumer,2024-08-04
6787,Nicole,Nelson,VT,Consumer,2023-04-24
6788,Katie,Ray,AZ,Consumer,2022-05-07
6789,Matthew,Lowe,LA,Consumer,2022-05-05
6790,Kathy,Meyer,MS,Consumer,2022-08-14
6791,Robert,Roberson,DE,Consumer,2024-10-17
6792,Donna,Elliott,MP,Consumer,2025-11-10
6793,Stephen,Washington,CA,Business,2022-08-17
6794,Tyrone,Brown,NH,Business,2023-09-26
6795,Kelly,Hartman,WI,Consumer,2024-01-22
6796,Steven,Ortiz,OR,Consumer,2023-04-09
6797,Jasmine,Peterson,PA,Business,2026-05-11
6798,Elizabeth,Weber,ID,Consumer,2023-12-28
6799,Rita,Dean,CO,Consumer,2021-12-21
6800,Martin,Mullins,ND,Consumer,2024-11-04
6801,Melissa,Thompson,LA,Business,2022-07-25
6802,Alejandra,Benjamin,NV,Consumer,2025-07-12
6803,Melissa,Jenkins,NM,Consumer,2025-09-04
6804,Tonya,Wilson,MT,VIP,2021-10-24
6805,Peter,Perez,NM,Consumer,2024-09-25
6806,Sarah,Scott,PA,Consumer,2023-01-13
6807,Maria,Proctor,AZ,Consumer,2024-01-03
6808,Erik,Watson,NJ,Consumer,2025-08-16
6809,Jon,Parker,MD,Business,2022-01-20
6810,Katherine,Perez,NE,Consumer,2023-10-15
6811,Shane,Coleman,AZ,VIP,2022-09-23
6812,Joshua,Murphy,IL,Consumer,2025-05-16
6813,Scott,Shaffer,WV,Consumer,2022-02-16
6814,Robert,Williams,AK,Consumer,2022-04-17
6815,Andrea,Schmidt,WI,Business,2023-06-06
6816,Erica,Stevenson,LA,Consumer,2022-12-22
6817,Tristan,Shaffer,PA,Consumer,2025-11-07
6818,Michelle,Ward,MA,Consumer,2024-01-05
6819,David,Gonzalez,NE,Consumer,2022-07-11
6820,Kristi,Sawyer,MO,Consumer,2025-02-13
6821,Kristen,Rivas,MP,Consumer,2023-10-17
6822,Jamie,Dixon,GA,Consumer,2023-02-17
6823,Ashley,Brock,NH,Consumer,2022-01-21
6824,Patrick,Ritter,TX,Consumer,2022-11-04
6825,Rose,Thomas,NC,Consumer,2022-04-19
6826,Carla,Daugherty,HI,Business,2022-04-28
6827,Pamela,Cameron,NM,Consumer,2025-10-12
6828,William,Garcia,NE,Business,2023-02-12
6829,Amanda,Gregory,CO,Consumer,2022-12-09
6830,Carolyn,Olson,ID,Business,2022-09-29
6831,Dominic,Walton,VT,Business,2023-03-04
6832,Thomas,Smith,VT,Consumer,2022-07-14
6833,Christopher,Perez,MP,VIP,2025-08-16
6834,Ashley,Gomez,SD,Consumer,2022-01-23
6835,Michele,Joyce,IA,Business,2025-07-07
6836,David,Gomez,UT,Business,2021-12-21
6837,Monique,Wilson,FL,Consumer,2022-03-16
6838,Victoria,Scott,ND,Business,2024-04-17
6839,Joseph,Klein,GU,Consumer,2024-02-24
6840,John,Wilson,MS,VIP,2025-07-10
6841,Patrick,Lin,MS,Consumer,2024-06-14
6842,Diane,Turner,VT,Consumer,2025-09-05
6843,James,Meyer,NJ,Consumer,2026-07-01
6844,Cheryl,Rhodes,MS,Consumer,2023-01-11
6845,Jonathan,Potter,OR,Consumer,2025-09-19
6846,Robert,Bowen,NC,Consumer,2022-11-07
6847,Lawrence,Martinez,MA,Consumer,2023-01-10
6848,Jennifer,Gibson,AL,Consumer,2023-01-07
6849,Michael,Floyd,MS,Consumer,2025-08-13
6850,Douglas,Bishop,CO,Consumer,2025-06-11
6851,William,Wang,KY,Business,2024-05-01
6852,Joseph,Tucker,PA,Consumer,2026-05-21
6853,Jessica,Farrell,AL,Consumer,2022-10-24
6854,Nicholas,Juarez,NY,Consumer,2025-05-07
6855,Steven,Wheeler,PA,Consumer,2023-07-29
6856,Kristy,Nelson,OK,Consumer,2026-02-04
6857,Kristine,Sharp,MN,Business,2024-04-16
6858,Dawn,Dominguez,IA,Consumer,2022-02-13
6859,William,Gordon,PA,Consumer,2023-12-21
6860,Stephen,Morris,AZ,Business,2025-03-22
6861,David,Le,ME,Consumer,2021-11-20
6862,Michelle,Hart,TX,Consumer,2025-08-25
6863,Julia,Smith,IL,Consumer,2023-12-25
6864,Brent,Curtis,SD,Business,2025-12-30
6865,Christina,Reynolds,RI,Consumer,2025-10-28
6866,Krystal,Barker,NE,Consumer,2022-03-20
6867,Dawn,Griffin,AR,Business,2024-09-12
6868,Kelly,Castro,ID,Consumer,2023-05-28
6869,Kelly,Ramirez,IN,Consumer,2023-07-29
6870,Jennifer,Henderson,WI,Consumer,2023-03-10
6871,Barry,Andrade,IL,Consumer,2023-11-05
6872,James,Wilcox,SC,Consumer,2023-06-16
6873,Melissa,Harding,FL,Consumer,2023-05-28
6874,Tammy,Walker,NE,Consumer,2024-04-15
6875,Michael,Willis,PW,Business,2024-08-09
6876,Lindsey,Delgado,GA,Business,2023-10-01
6877,Corey,Hart,CO,Consumer,2022-05-25
6878,Kathryn,Walters,CT,Consumer,2024-10-16
6879,Bianca,Jackson,LA,Consumer,2026-04-15
6880,Melissa,Walker,UT,Consumer,2021-10-21
6881,Michael,Holmes,FM,Consumer,2026-04-21
6882,Alex,Frank,GA,Business,2022-06-23
6883,Barbara,Rodriguez,CO,Consumer,2024-08-27
6884,Noah,Mays,OK,Consumer,2026-07-21
6885,Catherine,Rios,DE,Consumer,2023-08-29
6886,Walter,Gibson,MO,Consumer,2026-06-07
6887,Peter,Thomas,NH,Consumer,2026-02-21
6888,Tara,Johnson,NY,Consumer,2026-06-23
6889,Alison,Acosta,NJ,Consumer,2022-11-08
6890,Christopher,Howard,NV,Consumer,2025-02-15
6891,Michelle,Kidd,HI,Consumer,2025-06-26
6892,David,Price,MT,Consumer,2025-09-20
6893,Michael,Stone,GA,Consumer,2021-12-23
6894,Robert,Spencer,IN,Consumer,2026-05-11
6895,Parker,Case,TX,Business,2022-01-03
6896,Willie,Gutierrez,KS,Business,2022-08-31
6897,Marcus,Lopez,GU,Business,2024-08-06
6898,Nicole,Evans,FL,Consumer,2023-12-01
6899,Thomas,Hawkins,NH,Consumer,2025-05-20
6900,Roger,Cochran,RI,Consumer,2022-01-22
6901,Carrie,Hamilton,GA,Consumer,2025-02-16
6902,Adam,Coleman,HI,Business,2024-11-11
6903,Michelle,Garcia,MP,Consumer,2023-08-20
6904,Ronald,Hill,OK,Consumer,2023-05-14
6905,Gregory,Everett,CO,Consumer,2022-12-09
6906,Andrew,Frost,AL,Consumer,2024-08-30
6907,Amanda,Williams,CT,Consumer,2023-05-28
6908,Laurie,Hale,AS,Consumer,2022-02-25
6909,Sharon,White,CT,Consumer,2024-03-07
6910,Edward,Williams,WV,Consumer,2026-04-19
6911,Allen,Figueroa,NJ,Consumer,2026-07-26
6912,Andrew,Yates,UT,Consumer,2025-03-18
6913,Daniel,Horton,RI,Business,2024-09-14
6914,Sharon,Larson,GA,Consumer,2026-09-02
6915,Connor,Rosario,CO,Consumer,2024-06-05
6916,Donna,Valentine,IA,Consumer,2022-06-08
6917,Harry,Burnett,MT,Consumer,2021-11-10
6918,Mark,Martinez,VA,Business,2022-11-17
6919,Brandi,Kim,GU,VIP,2026-03-02
6920,Daniel,Underwood,MP,Consumer,2026-09-02
6921,Seth,Jimenez,NM,Consumer,2025-05-28
6922,Chad,Kelley,MO,Business,2025-03-21
6923,Ryan,Larson,FL,Business,2025-04-20
6924,Julia,Grant,MA,Business,2023-08-24
6925,Samantha,Marshall,WY,Business,2024-07-07
6926,Brianna,Blankenship,MP,Consumer,2022-01-04
6927,Laura,Wheeler,AK,Business,2026-01-31
6928,Rebecca,Gonzales,NH,Consumer,2026-09-09
6929,Joseph,Barnett,FL,Consumer,2022-06-16
6930,Jeremy,Brooks,KY,Consumer,2023-11-23
6931,Scott,Martin,UT,Business,2026-06-28
6932,Angela,Bennett,ME,Consumer,2023-09-23
6933,Paul,Mccullough,IA,Consumer,2022-03-28
6934,Beth,Olson,VA,Consumer,2022-09-10
6935,Vanessa,Fisher,ID,Consumer,2022-11-16
6936,Lori,Weaver,CA,VIP,2025-08-17
6937,Patricia,Williamson,SC,Consumer,2022-10-27
6938,Mark,Bates,NJ,Consumer,2022-02-20
6939,Miranda,Brown,MO,Consumer,2025-02-13
6940,Amanda,Brown,AZ,Consumer,2024-08-11
6941,Eric,Price,CT,Consumer,2021-10-23
6942,Caleb,Johnson,MI,Consumer,2022-09-12
6943,Christopher,Walker,AZ,Business,2022-06-04
6944,Andrew,Silva,KS,Consumer,2023-10-25
6945,Timothy,Sparks,OH,Consumer,2024-02-24
6946,Lisa,Thomas,CT,Consumer,2026-02-17
6947,Jeremy,White,AR,Consumer,2023-05-07
6948,Sara,Stewart,LA,Consumer,2025-08-28
6949,Nicholas,Galvan,TN,Consumer,2026-05-28
6950,Andres,Howard,NE,Consumer,2022-08-03
6951,Russell,Nelson,FL,Consumer,2025-12-23
6952,Vincent,Krueger,OR,Consumer,2024-12-11
6953,Cynthia,Garcia,VA,Consumer,2024-01-27
6954,Daniel,Joseph,AK,Consumer,2023-08-25
6955,Ashlee,Henry,FL,Consumer,2025-05-13
6956,Paul,Owens,ME,Business,2023-04-26
6957,Patricia,Johnson,ME,Consumer,2024-04-16
6958,Michael,Young,OR,Consumer,2022-11-03
6959,Angela,Russell,AS,Consumer,2025-05-09
6960,Justin,Herrera,TN,Consumer,2022-09-08
6961,Krista,Barr,CT,Consumer,2025-11-02
6962,Christopher,Hopkins,SD,Consumer,2026-03-14
6963,Daniel,Gates,AZ,Business,2026-04-29
6964,William,Powell,ND,Consumer,2022-09-23
6965,Rodney,Johnson,ND,Consumer,2022-10-24
6966,Jeffery,Bruce,VA,Consumer,2025-11-15
6967,Jennifer,Hubbard,ME,Business,2026-03-16
6968,Daniel,Daniel,DE,Consumer,2021-09-19
6969,Lisa,Gregory,KS,Consumer,2022-02-10
6970,Bridget,Anderson,IL,Consumer,2023-11-25
6971,Matthew,Cuevas,AK,Consumer,2023-09-30
6972,Brittany,Jones,IN,Consumer,2026-07-23
6973,Timothy,Glover,CA,Consumer,2022-04-23
6974,Crystal,Hall,NH,Business,2022-07-30
6975,Daniel,Pollard,NJ,Consumer,2022-04-18
6976,Stephen,Steele,SD,Consumer,2024-05-25
6977,Juan,Freeman,OK,Consumer,2026-03-23
6978,Katherine,Edwards,OK,Consumer,2022-05-20
6979,Brenda,Marsh,HI,Consumer,2026-02-20
6980,Michael,Barnes,CA,Consumer,2025-12-26
6981,Joshua,Proctor,SC,Consumer,2025-07-13
6982,Curtis,Crane,SC,Business,2026-04-23
6983,Douglas,Campbell,CO,Consumer,2022-01-22
6984,Brittany,Cunningham,CA,Business,2025-12-20
6985,Theresa,Riley,IN,VIP,2025-05-01
6986,Amanda,Gomez,FM,Consumer,2025-12-01
6987,Jeffrey,Tran,SD,Consumer,2022-12-04
6988,Cheryl,Cantrell,IL,Consumer,2023-08-19
6989,Mario,Fields,VT,Consumer,2023-07-28
6990,Lindsey,Williams,MS,Consumer,2021-12-06
6991,Frank,Merritt,IL,Consumer,2021-12-22
6992,John,Silva,ME,Business,2026-09-05
6993,Dominic,West,AZ,Consumer,2025-04-21
6994,Crystal,Dean,CA,Consumer,2022-10-20
6995,Michael,Edwards,PW,Consumer,2022-04-14
6996,Rodney,Griffin,TX,Consumer,2026-05-12
6997,Natalie,Burns,MA,Consumer,2022-09-27
6998,Marilyn,Scott,KY,Business,2025-09-04
6999,Lisa,Mccarty,AL,Consumer,2026-02-05
7000,Kevin,Franco,VA,Consumer,2025-01-10
7001,Alexander,Peters,WI,Consumer,2024-01-25
7002,Deborah,Johnson,WV,Consumer,2024-07-30
7003,Debra,Williams,ME,Consumer,2024-07-17
7004,James,Jackson,VA,Consumer,2022-08-02
7005,Paul,Perkins,DE,Consumer,2025-06-12
7006,Brett,King,AZ,Consumer,2023-06-07
7007,Arthur,Hill,WA,Consumer,2023-05-21
7008,Christopher,Reid,ND,Consumer,2024-12-01
7009,Susan,Campbell,KY,Business,2024-08-21
7010,Yolanda,Gross,NH,Consumer,2025-10-07
7011,Jennifer,White,OH,Consumer,2024-01-08
7012,Kenneth,Juarez,WY,Consumer,2023-09-26
7013,Amber,Sanchez,MH,Consumer,2022-01-07
7014,Carrie,Garcia,GU,Consumer,2024-08-02
7015,John,Morris,FL,Consumer,2026-07-19
7016,Daniel,Montgomery,UT,Consumer,2022-10-12
7017,Tracy,Crawford,FL,Business,2022-09-20
7018,April,Lopez,TX,Business,2025-03-26
7019,Laura,Johnson,NH,Consumer,2024-08-02
7020,Ernest,Burke,KS,Consumer,2024-09-06
7021,Dominic,Jones,OK,Business,2024-06-07
7022,Adrian,Oliver,RI,Consumer,2024-09-13
7023,Megan,Delgado,LA,Consumer,2024-09-06
7024,Lacey,Scott,MH,Consumer,2021-11-26
7025,Jeffrey,Stephens,NH,Consumer,2023-08-10
7026,Robert,Sutton,OK,Consumer,2026-02-20
7027,Shane,Young,KS,Consumer,2022-03-15
7028,Vincent,Vasquez,ID,Consumer,2022-03-31
7029,Gabriela,Cain,CA,Consumer,2021-10-01
7030,Jacob,Kennedy,GU,Business,2025-02-19
7031,Olivia,Holmes,NH,Consumer,2026-04-27
7032,April,Gutierrez,CO,Consumer,2024-07-05
7033,Kim,Harris,WY,Consumer,2026-08-18
7034,Philip,Schwartz,FM,Consumer,2022-04-29
7035,Shannon,Robles,NY,Consumer,2025-02-22
7036,Todd,Lopez,IL,Consumer,2022-05-07
7037,Carla,Smith,HI,Consumer,2023-06-22
7038,Christopher,Thornton,MO,Business,2026-05-16
7039,Joe,Rich,MP,VIP,2024-06-06
7040,Scott,Mitchell,FM,Consumer,2022-10-17
7041,Thomas,Williams,MN,Business,2025-06-11
7042,Jose,Mclean,IA,Consumer,2025-05-24
7043,Karen,Graham,AK,Consumer,2022-04-23
7044,Michelle,Ross,NC,Consumer,2023-03-16
7045,Kenneth,Frey,FM,Consumer,2023-09-04
7046,Kristina,Glenn,IN,Consumer,2026-05-29
7047,Brian,Adams,SD,Consumer,2023-09-21
7048,Ryan,Bates,NC,Business,2025-03-12
7049,Robin,Gonzales,MT,Consumer,2022-01-11
7050,James,Harmon,ME,Business,2025-11-15
7051,Brent,Fernandez,FM,Business,2025-02-03
7052,James,Mora,MD,Consumer,2024-05-03
7053,Katelyn,Kelly,AL,Consumer,2023-10-19
7054,Aaron,Lowe,CO,Consumer,2025-02-13
7055,Jessica,Perkins,ME,Consumer,2021-11-30
7056,Amy,Pennington,UT,Consumer,2023-02-04
7057,Monica,Greene,CT,Business,2026-03-15
7058,Amanda,Johnson,VA,Consumer,2024-04-22
7059,Susan,Owens,ME,Consumer,2022-07-10
7060,Donald,Odonnell,UT,Consumer,2026-06-09
7061,Veronica,Clark,MA,Consumer,2023-03-02
7062,Debra,Flynn,AK,Business,2025-05-17
7063,Sharon,Huber,IA,Consumer,2026-02-22
7064,Robert,Krueger,OR,Consumer,2023-01-01
7065,Tanya,Gibbs,NE,Consumer,2025-03-23
7066,Matthew,Mendoza,MI,Consumer,2026-03-26
7067,Jeremy,Edwards,AK,Consumer,2025-05-16
7068,Darlene,Cordova,OR,Business,2021-12-17
7069,Sara,Melendez,NH,Consumer,2023-01-24
7070,Kevin,Moss,MI,Consumer,2025-12-03
7071,Shannon,Bradshaw,MO,Consumer,2024-04-10
7072,Jenny,Green,MO,Consumer,2022-09-20
7073,Deanna,Williams,WY,Business,2025-11-22
7074,Joel,Martin,SC,Business,2021-09-29
7075,James,Jones,RI,Business,2024-07-02
7076,Ronald,Baker,WV,Consumer,2024-10-29
7077,Justin,Murphy,HI,Consumer,2023-08-03
7078,Brian,Howard,CA,Business,2023-02-04
7079,Cheryl,Cohen,OH,Consumer,2025-10-31
7080,Ronald,Robles,WY,Consumer,2023-06-04
7081,Laura,Thomas,VA,Consumer,2022-12-15
7082,Kathleen,Morris,KY,Business,2023-04-22
7083,Corey,Nelson,WI,Consumer,2022-12-11
7084,Christian,Johnson,DE,Business,2026-04-02
7085,Gail,Jones,PA,Consumer,2024-07-08
7086,Timothy,Mcdonald,WY,Consumer,2022-09-26
7087,Pamela,Ibarra,ME,Consumer,2022-01-24
7088,Alexander,Baker,UT,Consumer,2022-05-27
7089,Lisa,Hinton,IN,Business,2023-01-15
7090,Jason,Richardson,TN,Consumer,2024-10-03
7091,Sarah,Taylor,FL,Consumer,2021-10-23
7092,Larry,Lawrence,CT,Consumer,2023-07-25
7093,William,Fitzpatrick,MS,Consumer,2025-03-26
7094,Christopher,Johnson,DE,Consumer,2025-08-11
7095,Kenneth,Thomas,AZ,Business,2022-09-20
7096,Maria,Baker,CA,Business,2024-02-02
7097,Crystal,Fernandez,TX,Consumer,2026-06-20
7098,Rachel,Russell,OK,Consumer,2023-06-28
7099,Nicole,Brown,ID,Business,2024-03-08
7100,Daniel,Duncan,MA,Consumer,2026-04-20
7101,Jimmy,Martin,WY,Consumer,2024-05-28
7102,Michael,Jones,RI,Consumer,2023-07-15
7103,Michael,Cohen,IN,Business,2021-10-21
7104,Alexander,Reed,MH,Consumer,2023-12-03
7105,Paul,Caldwell,OR,Consumer,2022-10-21
7106,Victoria,Cherry,VA,Consumer,2023-02-16
7107,Theresa,Ross,MS,Consumer,2026-07-22
7108,Brian,Crosby,NE,VIP,2025-09-25
7109,Kimberly,Jordan,SD,Consumer,2025-02-27
7110,Gloria,Lindsey,OR,Consumer,2021-11-26
7111,Lindsey,Rodriguez,AK,Business,2023-01-15
7112,Keith,Baker,NJ,Business,2023-05-31
7113,John,Adams,OR,Consumer,2023-07-31
7114,Susan,Shelton,NM,Consumer,2024-05-13
7115,Brandy,Lopez,UT,Consumer,2023-11-08
7116,Jason,Baird,WI,Consumer,2024-01-13
7117,Ricky,Smith,WY,VIP,2025-10-29
7118,Steven,Walters,NM,Consumer,2025-03-23
7119,Donald,Flores,IA,Consumer,2023-02-21
7120,Matthew,Garner,DC,Business,2022-08-01
7121,Jeffrey,Johnson,IL,Business,2025-06-19
7122,Eric,Mcconnell,WY,Consumer,2022-02-21
7123,Laura,Wright,VI,Business,2026-01-16
7124,Brandi,Ware,MP,Consumer,2024-08-14
7125,Elizabeth,James,VA,Consumer,2021-12-04
7126,Stacy,Rice,DE,Consumer,2025-09-05
7127,Isaac,Wright,MA,Consumer,2023-09-22
7128,Melissa,Robertson,GU,Consumer,2021-11-03
7129,Katherine,Morris,NC,Consumer,2026-07-04
7130,Jeffrey,Greer,NY,Consumer,2026-01-09
7131,Pamela,Morgan,RI,Consumer,2023-07-28
7132,Bryan,Neal,WY,Business,2025-07-01
7133,Olivia,Vazquez,AK,Consumer,2024-07-19
7134,Cindy,Osborne,SC,Consumer,2026-04-11
7135,Sarah,Martinez,FL,Consumer,2022-10-24
7136,Roy,Johnson,VI,Consumer,2023-06-01
7137,Catherine,Miller,AR,Consumer,2026-07-08
7138,Alexis,Juarez,SC,Consumer,2022-12-19
7139,Courtney,Johnson,PR,Consumer,2024-11-16
7140,Heather,Patterson,WI,Consumer,2024-03-03
7141,Joshua,Schwartz,FM,Consumer,2024-04-09
7142,Regina,Peterson,GA,Consumer,2024-01-08
7143,Chad,Anderson,VI,Consumer,2024-10-08
7144,Steven,Pearson,ID,Business,2024-04-10
7145,Michael,Thomas,PW,Business,2026-01-20
7146,Christopher,Cruz,AK,Consumer,2022-08-09
7147,Terri,Murray,MA,Consumer,2022-05-15
7148,Anthony,Morris,GU,Consumer,2021-10-04
7149,Connie,Martinez,MO,Consumer,2021-09-30
7150,Amy,Foley,ME,Business,2022-09-24
7151,Jonathan,Brown,IN,Consumer,2023-06-07
7152,Scott,Wood,VI,Consumer,2022-03-27
7153,Heather,Cook,IN,Consumer,2024-06-23
7154,Stephen,Gutierrez,TN,Consumer,2023-02-13
7155,John,Harrison,VI,Consumer,2024-03-28
7156,Patrick,Knight,DC,Consumer,2022-08-02
7157,Daniel,Gonzales,WA,Consumer,2023-10-15
7158,Danielle,Jones,PA,Consumer,2025-04-18
7159,Benjamin,Carter,GA,Consumer,2023-02-15
7160,Joseph,Hernandez,ID,Consumer,2024-05-08
7161,Catherine,Johnson,PA,Consumer,2025-09-25
7162,Carrie,Todd,AS,Consumer,2023-04-17
7163,Anita,Jordan,DE,Business,2024-10-05
7164,Brandon,Rivera,ND,Business,2024-01-22
7165,Dean,Hill,IL,Consumer,2022-05-16
7166,David,Harris,HI,VIP,2024-01-30
7167,Andrew,Reed,MA,Consumer,2025-03-09
7168,Leah,Lawrence,VT,Consumer,2023-09-07
7169,Juan,Ellis,TX,Consumer,2024-05-03
7170,Sabrina,Campbell,TX,Consumer,2022-02-28
7171,Molly,Rocha,WV,Consumer,2024-04-10
7172,Brandon,West,MN,Consumer,2023-06-22
7173,Mary,Chan,WY,Business,2025-06-30
7174,David,Gregory,AK,Consumer,2023-06-02
7175,Christopher,Edwards,GU,Consumer,2023-02-05
7176,Natalie,Pearson,KS,Consumer,2022-03-30
7177,Brian,Taylor,OR,VIP,2025-02-23
7178,Pamela,Fleming,ME,Consumer,2025-11-08
7179,Adrienne,Lucas,HI,Consumer,2023-09-28
7180,Veronica,Smith,RI,VIP,2023-02-16
7181,Kelly,Clayton,MP,Consumer,2024-01-07
7182,Dylan,Coleman,MS,Business,2026-07-15
7183,Michael,Tucker,CO,Consumer,2026-06-21
7184,Kyle,Moore,NV,Consumer,2025-03-27
7185,Kenneth,Peters,TX,Consumer,2026-08-08
7186,Molly,Lewis,VA,Consumer,2025-05-31
7187,Taylor,Monroe,MO,Consumer,2024-02-25
7188,Vicki,Brown,MH,VIP,2023-03-08
7189,John,Ramirez,NH,Business,2026-07-03
7190,Justin,Berry,OH,Business,2025-03-04
7191,Russell,Armstrong,GA,Consumer,2024-12-16
7192,Brianna,Gregory,MT,Consumer,2025-07-07
7193,Dominique,Gregory,TN,Consumer,2026-03-02
7194,Jimmy,Smith,HI,Consumer,2022-02-22
7195,Alexandria,Park,PR,Business,2026-06-09
7196,Catherine,Cain,NE,Business,2023-05-12
7197,Lynn,Morris,NY,Consumer,2026-06-19
7198,Michelle,Brock,WY,Consumer,2023-07-26
7199,Terri,Williams,CA,Business,2021-10-28
7200,Cindy,Williams,VT,Consumer,2026-05-29
7201,Kristin,Davis,NJ,Consumer,2021-12-22
7202,William,Rodriguez,FM,Consumer,2023-01-15
7203,Melissa,Mccoy,VT,Consumer,2024-06-01
7204,Keith,Kim,WA,Business,2024-12-20
7205,Kyle,Giles,IA,Consumer,2022-10-26
7206,Leon,Williams,VT,Business,2022-12-21
7207,Ashley,Wilson,AL,Consumer,2023-05-13
7208,Tim,Mills,GA,Business,2025-09-30
7209,Michael,Solis,TX,Consumer,2024-01-31
7210,Philip,Brown,HI,Business,2025-04-27
7211,Debbie,Braun,WA,Business,2021-09-24
7212,Heather,Bridges,OK,Business,2024-06-20
7213,Marie,Ferrell,ID,VIP,2023-08-05
7214,Jessica,Freeman,KY,Consumer,2025-05-07
7215,Cynthia,Montgomery,NH,Consumer,2024-09-01
7216,Laura,Villegas,UT,Consumer,2024-06-10
7217,Kristen,Russell,NY,Business,2023-07-06
7218,April,Reynolds,PA,Consumer,2026-06-23
7219,Darius,Miller,ME,Consumer,2024-04-04
7220,Jennifer,Hendrix,NJ,Business,2024-09-12
7221,William,Weber,MI,Consumer,2022-04-28
7222,Amber,Patton,DE,Consumer,2026-04-21
7223,Danielle,Morris,MO,Business,2026-07-31
7224,Jessica,Hartman,IN,Consumer,2023-10-30
7225,Tony,Lam,OR,Consumer,2026-09-14
7226,Jasmin,Wilkinson,NH,Consumer,2025-05-06
7227,Brittany,Gates,FM,Consumer,2023-05-29
7228,Katrina,Brown,FL,Business,2023-04-28
7229,Karen,Smith,MI,Consumer,2021-12-04
7230,Michelle,Cohen,DC,Consumer,2025-10-09
7231,Elizabeth,West,MH,Business,2022-09-27
7232,Cynthia,Gonzales,TN,Consumer,2022-12-01
7233,Deborah,Roman,MH,Business,2024-10-11
7234,Philip,Johnson,SD,Consumer,2026-01-12
7235,Tammie,Hernandez,NM,Consumer,2023-08-17
7236,Linda,Morgan,WI,Consumer,2022-04-03
7237,John,Vasquez,WI,Consumer,2024-08-03
7238,Henry,Norris,VI,Consumer,2023-06-10
7239,Garrett,Russell,WA,Business,2024-05-16
7240,John,Wood,NM,Consumer,2025-04-04
7241,Megan,Bell,FM,Consumer,2025-10-01
7242,Darlene,Thomas,SD,Business,2023-10-17
7243,Peter,Smith,NE,Consumer,2024-03-08
7244,Mary,Brown,AZ,Business,2025-03-24
7245,Carol,Harris,IA,Consumer,2023-12-23
7246,Christina,Moore,FM,Business,2025-02-06
7247,Daniel,Strickland,WA,Consumer,2025-08-18
7248,Hunter,Dougherty,DC,Business,2025-09-21
7249,Christian,Fox,NH,Consumer,2026-02-15
7250,Christopher,Walsh,ID,Business,2022-09-07
7251,Denise,Johnston,ID,Consumer,2023-05-06
7252,Darlene,King,MN,Consumer,2023-10-01
7253,Corey,Morris,TX,Business,2025-07-23
7254,Jacob,Kelly,WI,Consumer,2024-09-11
7255,Brandon,Foster,ND,Consumer,2024-05-29
7256,Mary,Diaz,KS,Consumer,2026-09-05
7257,Erin,Herrera,NY,Consumer,2024-05-02
7258,Stephen,Smith,CT,Business,2026-08-15
7259,Katherine,Hunter,ME,Consumer,2022-04-20
7260,Connie,Serrano,DC,Consumer,2026-01-06
7261,Cory,Duarte,FL,Consumer,2024-07-12
7262,Kimberly,Cunningham,OH,Business,2026-07-05
7263,Jeremy,Fields,VI,Consumer,2025-07-13
7264,Gary,Murphy,KS,Consumer,2026-01-15
7265,Amy,Crawford,FL,Consumer,2025-06-20
7266,Rebecca,Hill,IL,Business,2025-11-12
7267,Steven,Allen,MP,VIP,2026-05-19
7268,Tim,Henderson,WV,Consumer,2023-09-11
7269,Lauren,Gates,MN,Consumer,2026-04-17
7270,Bruce,Taylor,MA,VIP,2026-06-30
7271,Pamela,Rosario,FL,Consumer,2023-09-03
7272,Larry,Williams,IL,Consumer,2021-09-25
7273,John,Morgan,NV,Business,2025-11-20
7274,Donald,Lang,DE,Consumer,2024-08-14
7275,Carrie,Walker,DC,Consumer,2024-05-14
7276,James,Reyes,AR,VIP,2025-01-03
7277,Alexander,Bell,NH,Consumer,2025-03-04
7278,Melissa,Willis,HI,Consumer,2024-10-18
7279,Mary,Riddle,VI,Consumer,2023-08-20
7280,Bradley,Cunningham,GU,Consumer,2025-02-09
7281,Mary,Graham,CT,Consumer,2025-06-01
7282,Kelli,Boone,RI,Consumer,2026-03-02
7283,Mark,Fry,TX,Consumer,2026-03-29
7284,Joann,Walker,OK,Consumer,2024-01-18
7285,Jennifer,Gordon,CT,Consumer,2022-10-31
7286,Amy,Martinez,TN,Consumer,2023-03-17
7287,Ryan,Montgomery,SD,Business,2026-08-13
7288,Sandra,Johnson,UT,Consumer,2025-03-02
7289,Christina,Davis,NC,Consumer,2024-03-06
7290,Thomas,Garcia,NH,Business,2024-12-04
7291,Haley,Wilson,MH,Business,2024-07-10
7292,John,Carter,VI,Consumer,2024-03-04
7293,Heather,Lara,MN,Consumer,2026-09-08
7294,Jeffrey,Solis,MO,Consumer,2022-08-20
7295,Diane,Lopez,GU,Consumer,2024-09-28
7296,Lisa,Mack,AR,Consumer,2022-08-14
7297,Jimmy,Coleman,MS,Business,2025-12-07
7298,Mallory,Obrien,OR,Consumer,2023-01-16
7299,Todd,Ruiz,WI,Consumer,2023-09-02
7300,Susan,Herman,RI,Consumer,2025-05-22
7301,Samantha,Goodman,VI,Consumer,2024-12-01
7302,Sharon,Holmes,VT,Consumer,2025-11-28
7303,Kevin,Holland,IN,Consumer,2023-03-24
7304,Heather,Tucker,AL,Business,2023-07-02
7305,Angela,Mullins,TN,Business,2026-03-21
7306,Eileen,Hall,AK,Consumer,2024-05-14
7307,Eric,Jenkins,OK,VIP,2024-07-26
7308,Edward,Perkins,VI,Consumer,2024-02-24
7309,David,Williams,NJ,Consumer,2025-10-11
7310,Valerie,Reid,AL,Consumer,2026-01-01
7311,Jamie,Hernandez,PA,Consumer,2022-08-20
7312,Robert,Schmidt,TN,VIP,2026-02-05
7313,Lawrence,Bryant,IA,Consumer,2024-02-01
7314,Daniel,Leach,AZ,Consumer,2023-10-27
7315,Ryan,Melton,FL,Business,2022-09-03
7316,Kimberly,Lee,IN,Consumer,2023-02-07
7317,Troy,Thomas,AS,Consumer,2023-11-28
7318,Ann,Knight,TX,Consumer,2025-06-30
7319,Holly,Hensley,VA,Business,2022-05-06
7320,Pamela,Houston,PA,Consumer,2023-08-11
7321,Deborah,Martin,HI,Consumer,2024-02-23
7322,Michael,Conner,IN,Consumer,2024-05-15
7323,Bryan,Navarro,VT,Consumer,2025-06-08
7324,James,Taylor,NH,Consumer,2025-04-18
7325,Gregory,Burns,GA,Consumer,2026-07-26
7326,Randy,Atkinson,AK,Consumer,2024-08-01
7327,Anthony,Gates,FM,Business,2026-02-20
7328,Jacob,Ramos,CA,Consumer,2025-01-24
7329,Christine,Nelson,VT,Consumer,2022-07-18
7330,Patricia,Johnson,CO,Consumer,2023-08-28
7331,Samantha,Dominguez,SD,Consumer,2022-12-13
7332,Theresa,Gonzales,ME,Consumer,2026-01-26
7333,Phillip,Peck,OK,Consumer,2022-08-06
7334,Becky,Nguyen,NJ,Consumer,2022-05-11
7335,Brian,Mitchell,TN,Consumer,2026-04-19
7336,Kathryn,Cortez,IA,Business,2025-12-17
7337,Clayton,Robinson,FL,Consumer,2022-02-27
7338,Kristine,Rodriguez,NJ,Consumer,2024-06-15
7339,Barbara,Lamb,MS,Consumer,2021-10-13
7340,David,Morrow,NY,Consumer,2026-08-17
7341,Michael,Watson,MO,Consumer,2023-01-20
7342,Allen,Cline,NV,Consumer,2023-09-20
7343,Melissa,Simmons,PW,Consumer,2026-03-16
7344,Laura,Roach,MT,Consumer,2025-03-23
7345,Kayla,Reed,AK,Consumer,2026-07-12
7346,Derek,Price,TN,Consumer,2022-12-01
7347,Nathan,Harding,NH,Consumer,2023-08-23
7348,Jonathan,Koch,NY,Business,2026-08-23
7349,Bradley,Martin,AL,Consumer,2023-10-16
7350,Sarah,Wright,MH,Business,2023-12-11
7351,Angela,Williams,MO,Consumer,2023-05-18
7352,Jeffrey,Villanueva,TN,Business,2024-06-08
7353,Lauren,Jackson,VA,Consumer,2026-05-31
7354,Catherine,Trevino,IL,VIP,2022-03-31
7355,Angela,Spence,FM,Consumer,2025-10-31
7356,Joshua,Roberts,MS,Consumer,2024-02-09
7357,Amber,Good,KS,Consumer,2025-12-18
7358,Annette,Baker,PR,Consumer,2026-09-14
7359,Brent,Hernandez,WI,Consumer,2023-02-15
7360,Gregory,Mann,MD,Consumer,2024-06-21
7361,Jennifer,Parker,RI,Consumer,2025-04-15
7362,David,Caldwell,FM,Consumer,2023-09-29
7363,Ryan,Johnston,NJ,Business,2023-08-03
7364,April,George,SD,Consumer,2025-12-30
7365,Debra,Roach,AL,Consumer,2025-12-03
7366,Whitney,Avery,OK,Consumer,2021-10-08
7367,Michael,Coleman,GA,Consumer,2021-10-05
7368,Barry,Guzman,WY,VIP,2026-07-05
7369,Jesus,Horton,LA,Business,2025-10-07
7370,Rachel,Bates,CA,Consumer,2023-01-21
7371,Adriana,Yang,AZ,Consumer,2026-05-02
7372,Kathryn,Hanson,WV,Business,2022-05-03
7373,James,Gordon,MH,Consumer,2022-07-01
7374,Gilbert,Orozco,ME,Consumer,2023-07-25
7375,Geoffrey,Ramirez,PW,Consumer,2024-10-15
7376,Rachel,Taylor,NE,Consumer,2024-08-09
7377,Terri,James,VA,Consumer,2022-09-10
7378,Aaron,Esparza,NC,Consumer,2021-11-17
7379,Robert,Dodson,NC,Consumer,2025-01-31
7380,Stephen,Gamble,KY,Business,2023-01-05
7381,Kenneth,Hall,SD,Consumer,2025-07-15
7382,Brittany,Medina,MA,Consumer,2024-07-22
7383,William,Jones,LA,VIP,2022-09-13
7384,Tiffany,Miller,FM,Consumer,2026-06-11
7385,Joshua,Payne,VI,Consumer,2024-12-10
7386,Curtis,Rice,MD,Consumer,2023-04-05
7387,Sarah,Wagner,MT,Consumer,2023-05-15
7388,Carla,Warren,AK,Consumer,2026-04-17
7389,Jacob,Myers,SD,Consumer,2021-11-21
7390,Mathew,Kim,HI,Consumer,2025-11-12
7391,Roy,Shannon,ND,Consumer,2026-03-04
7392,Earl,Murray,TN,Consumer,2024-03-28
7393,Stacey,Mclean,MI,Consumer,2022-05-10
7394,Gina,Fisher,MI,Consumer,2026-05-14
7395,Robert,Porter,ND,Consumer,2025-09-13
7396,Julie,Lawrence,AR,Business,2026-09-07
7397,Tyler,Torres,NJ,Business,2022-08-06
7398,Christina,Dalton,NH,Consumer,2025-12-07
7399,Kimberly,Larson,VA,Consumer,2025-10-08
7400,Larry,Spears,OH,Consumer,2022-03-08
7401,Matthew,Howard,MT,Consumer,2023-12-09
7402,James,Johnson,PA,Consumer,2023-10-07
7403,Monica,Wagner,WV,Consumer,2026-04-17
7404,Patricia,Kim,MH,Consumer,2023-05-10
7405,Andrea,Chambers,NH,Consumer,2024-03-06
7406,Kevin,Beck,NJ,Business,2025-05-16
7407,Omar,Sullivan,WI,Business,2023-08-11
7408,Victoria,Hayden,KY,Business,2025-09-17
7409,Susan,Chang,MS,Business,2022-08-01
7410,Sophia,Hurst,OH,Business,2026-05-12
7411,Christopher,Rice,OR,Consumer,2025-12-25
7412,Whitney,Mann,HI,Consumer,2025-07-12
7413,Elizabeth,Smith,MA,Consumer,2024-03-31
7414,Kimberly,Hernandez,MI,Consumer,2023-05-29
7415,Chloe,Tate,NV,Business,2022-07-14
7416,Angela,Hebert,MO,Consumer,2025-02-15
7417,Alexandra,Kennedy,CO,Consumer,2026-01-22
7418,Aaron,Carpenter,WV,Business,2023-12-25
7419,Omar,Chung,NH,Consumer,2022-01-23
7420,Beverly,Mcdaniel,HI,Business,2026-05-10
7421,Sara,Molina,KY,Consumer,2022-05-19
7422,Matthew,Johnson,WI,Business,2023-01-30
7423,Tiffany,Morgan,MI,Consumer,2023-04-05
7424,David,Durham,NV,Consumer,2023-03-28
7425,Gabrielle,Davis,WV,Business,2023-03-31
7426,Emily,Conway,MO,Consumer,2024-08-01
7427,James,Smith,VA,Consumer,2022-01-04
7428,Matthew,Valenzuela,TX,Consumer,2022-10-14
7429,Joshua,Bell,VT,Consumer,2025-05-15
7430,Larry,Cuevas,NY,Consumer,2025-02-07
7431,Eddie,Mills,MD,Consumer,2022-11-30
7432,Ashley,Mcdowell,VT,Business,2024-05-15
7433,Jennifer,Allen,MN,Business,2023-09-24
7434,Scott,Hall,TX,Business,2026-03-15
7435,Susan,Lambert,MI,Consumer,2024-07-13
7436,Brandon,Smith,CT,Consumer,2024-12-22
7437,Joseph,Lawson,KY,Business,2023-01-22
7438,Lindsey,Kennedy,NH,Consumer,2025-09-09
7439,Elizabeth,Gibson,MS,Consumer,2024-07-09
7440,Stephanie,Hoffman,IL,Consumer,2022-07-28
7441,David,Conley,NJ,Business,2023-02-23
7442,Barbara,Jones,FL,Consumer,2026-06-19
7443,Kyle,Jackson,WY,Business,2024-07-05
7444,Julia,Thomas,AZ,Consumer,2022-02-01
7445,Ian,Martinez,CO,Consumer,2021-12-24
7446,Tammy,Harding,UT,Consumer,2023-07-09
7447,Elizabeth,Wilson,SC,Consumer,2025-11-28
7448,Benjamin,Davis,NH,Consumer,2026-06-02
7449,Autumn,Snyder,OR,Consumer,2025-11-14
7450,James,Crosby,WI,Consumer,2023-07-30
7451,Anthony,Mann,FM,Consumer,2023-10-13
7452,Heather,Maxwell,IN,Consumer,2025-07-31
7453,Karla,Peterson,NH,Business,2024-10-12
7454,David,Gallagher,OR,Consumer,2022-05-18
7455,James,Taylor,WY,Consumer,2026-02-22
7456,Joshua,Greene,AZ,Consumer,2024-10-14
7457,Gerald,Robertson,OK,Consumer,2023-07-22
7458,Jeremiah,Clay,PR,Consumer,2022-08-24
7459,Garrett,Valdez,NC,Business,2021-12-14
7460,Kimberly,Hamilton,UT,VIP,2022-08-09
7461,Matthew,Avila,GA,Consumer,2025-02-18
7462,Sarah,Blanchard,IL,Consumer,2026-03-17
7463,April,Woodward,MT,Consumer,2026-07-26
7464,Carrie,Nichols,MI,Consumer,2025-06-12
7465,Andrea,Goodwin,AL,Consumer,2025-01-19
7466,Tracy,Brown,AL,Consumer,2023-03-06
7467,Catherine,Benjamin,NV,Consumer,2026-01-12
7468,Tiffany,Robbins,OK,Consumer,2025-03-27
7469,Daniel,Rasmussen,IN,VIP,2026-02-23
7470,Nathan,Smith,NM,Consumer,2021-12-23
7471,Stephen,Brooks,CO,Consumer,2024-02-27
7472,Lindsay,Fisher,SC,Consumer,2021-11-03
7473,Heidi,Brady,WV,Consumer,2022-10-10
7474,Keith,Massey,ID,Business,2023-02-16
7475,Amber,Stewart,GU,Consumer,2023-07-16
7476,Katrina,Skinner,OH,Business,2022-06-14
7477,Elizabeth,Mendoza,AR,Consumer,2022-09-27
7478,Scott,Mcdowell,MD,Consumer,2023-08-18
7479,Ashley,Phillips,MD,Business,2023-07-07
7480,Mary,Flores,FL,Business,2026-07-14
7481,Kimberly,Williams,NY,Consumer,2025-08-15
7482,Elizabeth,Cobb,AK,Consumer,2026-05-31
7483,Kevin,Young,WY,Consumer,2022-05-13
7484,Kevin,Sims,IL,Business,2022-10-01
7485,Nicole,Garcia,VT,Consumer,2023-09-29
7486,Shawn,Young,WY,Business,2024-05-19
7487,Lauren,Mooney,AL,Consumer,2023-10-16
7488,Samuel,Berry,IL,Consumer,2022-07-24
7489,Whitney,Coleman,AR,Consumer,2023-12-05
7490,Cynthia,Martinez,MH,Consumer,2025-11-28
7491,Megan,Glass,NJ,Business,2023-12-26
7492,Terri,Davis,NM,Consumer,2022-11-29
7493,Amy,Chavez,MA,Consumer,2025-04-13
7494,Kathryn,Herring,ID,Consumer,2026-06-28
7495,Kelly,Schneider,DC,Consumer,2022-09-24
7496,Carla,Morris,GU,Consumer,2025-02-21
7497,Michelle,King,OK,Business,2026-07-13
7498,Tamara,Lin,CT,Business,2022-04-25
7499,Joseph,Macias,MT,Consumer,2025-12-15
7500,Mary,Medina,AR,Consumer,2022-08-24
7501,Russell,Miller,SD,Consumer,2025-03-06
7502,Heidi,Black,OR,Consumer,2026-06-22
7503,Michelle,Matthews,KS,Consumer,2024-10-23
7504,Dana,Taylor,SD,Consumer,2025-06-06
7505,Scott,Thomas,CT,VIP,2022-01-25
7506,Sandra,Lynch,OR,Consumer,2025-09-11
7507,Kristin,Reilly,MA,Consumer,2022-12-03
7508,April,Perez,HI,Business,2022-11-28
7509,Eric,Kaiser,TX,Consumer,2023-09-21
7510,Jose,Haney,NH,Consumer,2023-07-23
7511,Mallory,Thomas,NH,Consumer,2021-11-10
7512,Andrea,Daniels,TN,Consumer,2022-04-07
7513,Douglas,Strickland,OK,Consumer,2026-05-22
7514,Grace,Conner,NH,Consumer,2022-12-16
7515,Cole,Lindsey,MH,VIP,2023-02-10
7516,Jody,Johns,DC,Consumer,2023-09-08
7517,Renee,Ford,IL,Consumer,2021-10-18
7518,Marie,Barnes,AR,Consumer,2023-02-26
7519,Eric,Fischer,PW,Business,2022-07-04
7520,Cynthia,Mathews,KY,Consumer,2023-06-28
7521,Jorge,Flores,WI,Consumer,2023-06-25
7522,Cheryl,Koch,TN,Business,2024-03-08
7523,Nicole,Ramsey,UT,Consumer,2021-10-24
7524,William,Brooks,NH,Consumer,2023-09-15
7525,Courtney,Roberts,MH,Business,2024-07-01
7526,Brittany,Rivera,RI,Consumer,2026-06-15
7527,Tasha,Ford,IN,Consumer,2026-06-21
7528,Sarah,Wright,IA,Consumer,2026-01-16
7529,Justin,Diaz,HI,Consumer,2026-06-14
7530,Bridget,Walker,MI,Business,2021-12-24
7531,Melissa,Sawyer,AK,Consumer,2025-11-01
7532,Arthur,Castillo,PA,Consumer,2023-05-12
7533,Carrie,Harrington,MT,Consumer,2024-10-05
7534,David,West,ID,Consumer,2025-04-05
7535,April,Williams,LA,VIP,2024-06-12
7536,Paul,Hanson,KY,Consumer,2023-09-27
7537,Brian,Mcdonald,OH,Business,2026-08-09
7538,David,Taylor,NM,Consumer,2023-09-30
7539,Jacqueline,Clark,AK,Consumer,2025-08-22
7540,Shannon,Gamble,PR,Consumer,2025-04-20
7541,Roberto,Mills,MT,Consumer,2024-05-27
7542,Erika,Lewis,KS,Consumer,2024-02-18
7543,Hannah,Reed,AZ,Consumer,2024-12-04
7544,Katie,Lawrence,VT,Consumer,2023-01-09
7545,Eric,Wood,TX,Consumer,2025-01-18
7546,Dalton,Williams,FM,Consumer,2021-10-07
7547,Rebecca,Clark,VI,Consumer,2026-05-21
7548,Jaime,Montoya,AR,Business,2024-06-04
7549,Robert,Johnson,NY,Business,2022-07-29
7550,Debbie,Rose,AR,Business,2026-05-26
7551,Linda,Mcguire,PA,Consumer,2022-12-08
7552,Sarah,Barber,MD,Consumer,2024-10-13
7553,Jeffery,Kline,MN,Business,2022-08-08
7554,Virginia,Hebert,NC,Business,2022-02-12
7555,Jason,Sims,NH,Consumer,2025-01-08
7556,Crystal,Robinson,AK,Consumer,2025-08-21
7557,Keith,Brady,RI,Consumer,2023-06-06
7558,Anthony,Rogers,NY,Consumer,2024-10-19
7559,Aaron,Dunn,ND,Consumer,2023-05-25
7560,Howard,Odonnell,MI,Consumer,2025-07-04
7561,William,Jones,PR,Consumer,2025-07-24
7562,Troy,Barron,TN,Consumer,2023-12-21
7563,Mathew,Smith,SC,Consumer,2026-09-09
7564,Melinda,Reed,OK,Consumer,2025-05-18
7565,Joan,Sanchez,NC,Business,2025-08-27
7566,Claudia,Thomas,FM,Consumer,2026-06-12
7567,Rebecca,King,MP,Consumer,2025-09-19
7568,Justin,Martinez,AZ,Consumer,2024-10-02
7569,Michael,Mcbride,IL,Consumer,2023-03-02
7570,Paula,Day,GA,Business,2022-12-05
7571,Megan,Russell,UT,Consumer,2024-05-31
7572,Tiffany,Ray,MD,Consumer,2021-09-19
7573,Eric,Thompson,MS,Business,2025-07-05
7574,Carlos,Atkins,HI,Business,2026-04-27
7575,Steven,Haynes,WI,Consumer,2024-09-28
7576,Kevin,Ward,SC,Business,2023-08-22
7577,Brooke,Clark,NC,Consumer,2022-07-08
7578,Lisa,Jackson,UT,Consumer,2024-03-16
7579,Kevin,Contreras,AS,Consumer,2025-01-05
7580,James,Wolf,MO,Consumer,2026-01-08
7581,Barbara,Cuevas,ME,Consumer,2024-01-19
7582,Erica,Rodriguez,NY,Consumer,2022-01-06
7583,Hannah,Eaton,TN,Consumer,2026-06-22
7584,Amber,Wood,MH,Business,2022-04-21
7585,Matthew,Stuart,SC,Consumer,2023-11-12
7586,Zoe,Small,PR,Business,2023-04-18
7587,Rachel,Jones,ND,Consumer,2024-10-15
7588,Caleb,Holmes,GU,Business,2023-06-15
7589,Mark,Boyd,TN,Consumer,2023-03-30
7590,Deanna,White,ID,Consumer,2023-03-28
7591,Ricky,Guerra,FL,Business,2025-12-29
7592,Margaret,Booth,DC,Business,2025-06-12
7593,Amanda,Acosta,MA,Business,2023-05-11
7594,Tara,Stuart,NH,Consumer,2024-05-15
7595,Christopher,Collins,NE,Business,2024-02-25
7596,Andrew,Williams,DE,Consumer,2022-11-17
7597,Tiffany,Moore,MA,Consumer,2025-06-07
7598,Connor,Woodard,MP,Consumer,2026-05-01
7599,Crystal,Watkins,IL,Consumer,2026-04-13
7600,Randall,Harper,SC,Consumer,2025-05-06
7601,Wendy,Hartman,DC,Consumer,2023-02-16
7602,Samantha,Long,IL,Business,2025-09-02
7603,Christopher,Smith,AS,Business,2024-02-04
7604,Jennifer,Flores,NE,Consumer,2023-09-13
7605,Michael,Shields,MT,Consumer,2025-02-25
7606,Michael,Barker,CA,Business,2026-09-02
7607,Kelly,Olson,IN,Consumer,2022-01-03
7608,Joe,Jackson,DC,Consumer,2023-09-08
7609,Micheal,Mueller,GU,Consumer,2021-11-11
7610,Roger,Vega,MT,Consumer,2023-05-05
7611,Karen,Bauer,MD,Consumer,2025-09-21
7612,Scott,Patterson,MD,Consumer,2024-09-22
7613,Margaret,Bailey,HI,Consumer,2022-01-12
7614,Jeremy,George,PW,Consumer,2025-11-23
7615,Kristin,Thompson,IN,Business,2022-02-18
7616,Deanna,Smith,GA,Consumer,2022-02-12
7617,Denise,Hartman,NY,Consumer,2024-05-20
7618,Andrew,Wolfe,MI,Consumer,2025-02-25
7619,Mitchell,Richards,NJ,Consumer,2021-12-31
7620,Hayley,Cook,KS,Consumer,2024-12-26
7621,Lisa,Stone,OR,Consumer,2026-05-19
7622,Angela,Lopez,GA,Consumer,2024-12-16
7623,Lori,Smith,AK,Consumer,2022-10-22
7624,Barry,Petty,SC,Consumer,2025-05-05
7625,Peter,Davis,NM,Consumer,2025-09-20
7626,Harold,Avila,MI,Business,2023-03-06
7627,Amanda,Gilbert,NC,Consumer,2026-03-29
7628,Cheryl,Smith,KY,Consumer,2023-01-30
7629,Paige,Spears,KS,Consumer,2023-08-31
7630,Leslie,Garcia,ND,Business,2022-03-02
7631,Mark,Hudson,MP,Consumer,2022-02-12
7632,Edgar,Smith,NH,Consumer,2022-05-24
7633,Lauren,Patel,PR,Consumer,2023-12-29
7634,Abigail,Jackson,KS,Consumer,2021-11-13
7635,Deborah,Daniels,SC,Consumer,2025-05-29
7636,William,Williams,PW,Consumer,2026-04-03
7637,Justin,Richardson,ME,Consumer,2023-12-19
7638,Michael,White,LA,Consumer,2022-02-24
7639,Charles,Booker,TN,Consumer,2025-06-16
7640,Frank,Moore,AL,Business,2022-03-10
7641,Ronald,Mcdonald,FL,Business,2024-03-07
7642,Kevin,Lucero,AL,Consumer,2023-05-26
7643,Jason,Hicks,SD,Consumer,2022-08-27
7644,Kathleen,Foley,NV,Consumer,2022-12-17
7645,Michael,Barber,PW,Consumer,2024-08-29
7646,Christina,Nguyen,IN,Consumer,2021-10-11
7647,Robert,Peters,TN,Consumer,2024-04-08
7648,James,Davis,NE,Consumer,2023-10-12
7649,Michelle,Hayes,MA,Consumer,2025-04-13
7650,Darin,Thomas,NC,Consumer,2026-05-08
7651,Jim,Baker,UT,Consumer,2023-06-23
7652,Monique,Lambert,NV,Consumer,2023-07-25
7653,Shannon,Dyer,ME,Consumer,2025-04-24
7654,Michelle,Allen,KY,Consumer,2022-01-22
7655,William,Alvarado,FL,Consumer,2024-03-22
7656,Taylor,Gould,AS,Consumer,2022-11-02
7657,Charlene,Byrd,MA,Business,2025-04-19
7658,Jessica,Bennett,CO,Consumer,2024-12-24
7659,Ashley,Robinson,MD,Business,2024-09-08
7660,Kelsey,Owens,KS,Consumer,2024-05-08
7661,Dennis,Williams,SC,Consumer,2025-10-14
7662,Thomas,Robinson,WA,Business,2023-08-10
7663,Taylor,Garcia,OH,Consumer,2025-02-09
7664,Kristopher,Diaz,FL,Business,2024-05-01
7665,Pamela,Bennett,ME,Business,2026-08-12
7666,Amy,Sanchez,ID,Consumer,2024-10-21
7667,Sarah,Walker,GU,Consumer,2022-11-02
7668,Ashley,Baker,FL,Consumer,2024-04-08
7669,Barbara,Stevenson,OK,Consumer,2024-03-14
7670,Shelley,Acevedo,VA,VIP,2022-06-16
7671,Matthew,Jensen,IA,Consumer,2021-10-03
7672,Ashley,Dyer,NY,Consumer,2024-05-23
7673,Olivia,Peters,AL,Consumer,2026-02-23
7674,Michael,Horton,ND,Consumer,2022-01-15
7675,Andrew,Vega,CA,Consumer,2022-06-24
7676,James,Padilla,TX,Consumer,2025-12-07
7677,Sarah,Rojas,CA,Consumer,2024-06-23
7678,Stephen,Mclaughlin,AL,Consumer,2025-07-04
7679,Shane,Robinson,NJ,Consumer,2024-11-03
7680,Amy,Smith,NM,Business,2023-11-06
7681,Mary,Perez,UT,Consumer,2023-08-21
7682,Betty,Pratt,NJ,Consumer,2023-04-07
7683,Andrew,Cook,AK,Business,2022-10-11
7684,Holly,Mclaughlin,AK,Consumer,2026-08-06
7685,Wendy,Banks,NH,VIP,2021-12-12
7686,Duane,Hanson,NH,Consumer,2024-08-11
7687,Amanda,Johnson,SC,Consumer,2023-07-15
7688,Dwayne,Lawson,DE,Consumer,2026-09-05
7689,Kenneth,Jenkins,CT,Consumer,2023-07-31
7690,Andrea,Sharp,NC,Consumer,2025-11-01
7691,Jennifer,Keller,MT,VIP,2022-04-13
7692,Steve,Herrera,AK,Consumer,2022-08-15
7693,Jocelyn,Wright,TN,Consumer,2025-05-22
7694,Vincent,Weiss,MD,Consumer,2024-10-23
7695,Thomas,Williams,VA,Business,2022-04-19
7696,Matthew,Hall,WA,Consumer,2026-03-19
7697,Hayley,Lambert,VA,Business,2024-02-05
7698,Elizabeth,Perez,OK,Consumer,2022-06-29
7699,Sharon,Santos,GU,Consumer,2022-06-01
7700,Gary,Rhodes,NH,Consumer,2024-12-29
7701,Andrew,Young,HI,Consumer,2022-01-10
7702,Michael,Morris,SD,Business,2024-01-09
7703,Michael,Burton,VA,Consumer,2025-04-12
7704,Linda,Crane,NM,Consumer,2023-05-24
7705,Natalie,Lawson,AK,Consumer,2022-09-27
7706,Melissa,Zhang,CO,Consumer,2024-10-12
7707,John,Freeman,FM,Consumer,2026-04-05
7708,John,Wilson,DE,Consumer,2024-12-22
7709,Brenda,Martin,FL,Consumer,2023-03-02
7710,Rebecca,Little,ME,Consumer,2025-10-17
7711,Chelsea,Baker,DC,Consumer,2023-04-10
7712,Nicole,Davies,AK,Consumer,2022-10-03
7713,Paula,Weiss,WI,Business,2022-07-23
7714,Lawrence,Gordon,GA,Consumer,2025-03-29
7715,Dustin,Hines,OH,Consumer,2023-10-01
7716,Jennifer,Jackson,IL,Business,2023-01-24
7717,David,Santana,MS,Consumer,2022-03-21
7718,Scott,Lopez,VT,Consumer,2026-04-09
7719,Diane,Maddox,AK,Business,2024-08-21
7720,Erica,Green,NV,Consumer,2026-06-24
7721,Madison,Williams,MI,Consumer,2026-07-15
7722,Steve,Sharp,TX,Business,2022-05-04
7723,Crystal,Macdonald,WA,Consumer,2026-03-26
7724,April,Watts,NC,Consumer,2023-10-23
7725,Jared,Gilmore,GA,Consumer,2023-01-10
7726,Tyler,Morgan,PR,Consumer,2022-10-31
7727,Kristine,Colon,MN,Consumer,2023-03-18
7728,Jasmine,Ford,NY,Business,2024-12-20
7729,Christina,Castro,MS,Consumer,2023-05-03
7730,Deborah,Hines,IN,Consumer,2025-09-17
7731,Sharon,Johnston,IA,Business,2023-01-16
7732,Alyssa,Schmidt,VT,Consumer,2022-11-15
7733,Nicholas,Cooper,NC,Consumer,2025-02-22
7734,Allen,Allison,MH,Consumer,2022-01-17
7735,Shirley,Mann,OH,Consumer,2023-05-18
7736,Barbara,Kane,AK,Consumer,2024-12-16
7737,Stacey,Brown,PW,Consumer,2025-08-19
7738,Adrienne,Dunlap,SC,Business,2023-04-13
7739,Steven,Chandler,RI,Business,2022-03-06
7740,Amy,Carr,MH,Consumer,2022-05-21
7741,Kimberly,Smith,FL,Consumer,2024-02-05
7742,James,Moore,MD,Consumer,2022-12-07
7743,April,Daniels,PW,Consumer,2022-05-14
7744,Lacey,Edwards,MD,Consumer,2025-01-05
7745,Vanessa,Bryant,CO,Consumer,2023-11-11
7746,Jenny,Gonzales,FL,Consumer,2022-03-16
7747,Jason,Allen,MO,Consumer,2025-12-21
7748,Jennifer,Hicks,WA,Consumer,2024-03-19
7749,Jennifer,Chavez,KS,Consumer,2023-05-18
7750,Linda,Ford,SC,Business,2021-10-11
7751,George,Willis,WV,Consumer,2023-12-21
7752,Lee,Taylor,TX,Consumer,2023-01-30
7753,Lisa,Dudley,IA,Consumer,2021-11-02
7754,John,Carrillo,MS,Consumer,2023-11-22
7755,Nicholas,Pugh,CT,Consumer,2026-08-17
7756,Jeffrey,Crawford,CT,Consumer,2022-08-01
7757,Willie,Nelson,TN,Business,2025-04-19
7758,Danielle,Mccoy,UT,Consumer,2022-11-16
7759,Denise,Nelson,NE,Business,2025-10-20
7760,Tina,Salas,IA,Consumer,2023-04-19
7761,Shawn,Harris,TN,Consumer,2026-08-16
7762,Paul,Ferguson,CT,Business,2021-11-20
7763,Jacob,Campbell,PW,Consumer,2023-04-22
7764,Rebecca,Wolf,MA,Consumer,2024-09-12
7765,Eric,Sanchez,FM,Consumer,2026-02-11
7766,Brandon,Smith,NV,Consumer,2025-09-18
7767,David,Allen,MN,Consumer,2022-08-29
7768,Rachel,Olson,RI,Consumer,2024-11-06
7769,Ann,Payne,CA,Consumer,2023-08-02
7770,Gary,Nguyen,AL,Consumer,2026-04-19
7771,Pamela,Jones,PR,Business,2025-06-06
7772,David,Adams,NM,Consumer,2025-03-19
7773,James,Williams,RI,Consumer,2022-10-08
7774,Debbie,Hall,WY,Consumer,2023-07-13
7775,Jesse,Simpson,MA,Consumer,2024-03-11
7776,Nancy,Lambert,NC,Consumer,2022-06-13
7777,Jessica,Barry,AZ,Consumer,2026-01-21
7778,Olivia,Benson,MH,Business,2022-02-24
7779,James,Sutton,WV,Consumer,2024-07-17
7780,Kyle,Woodward,MO,Consumer,2025-08-05
7781,Destiny,Smith,SD,Consumer,2025-05-20
7782,Brian,Bell,FL,Consumer,2024-05-09
7783,Nicole,Johnson,MH,Consumer,2023-10-27
7784,Joseph,Foley,TN,Business,2024-08-08
7785,John,Spears,NM,Consumer,2022-12-03
7786,Travis,Freeman,KS,Consumer,2024-09-26
7787,Colleen,Bradley,AL,Consumer,2022-11-25
7788,Ralph,Burns,MD,Consumer,2021-11-09
7789,Vicki,Rhodes,ME,Consumer,2025-10-24
7790,Richard,Tucker,AK,Business,2022-08-22
7791,Michael,Gonzales,SC,Business,2024-09-13
7792,Jonathan,Fleming,MD,Business,2026-09-07
7793,Tammy,Perkins,TX,Consumer,2026-02-26
7794,Destiny,Smith,AR,Consumer,2022-09-22
7795,Hailey,Smith,FM,Consumer,2023-02-07
7796,Zachary,Adkins,SC,Consumer,2025-09-25
7797,Nicole,Zamora,RI,Consumer,2023-02-08
7798,Anthony,Sanchez,MT,Consumer,2022-03-20
7799,James,Ray,AZ,Consumer,2024-12-15
7800,Charles,Leonard,NH,VIP,2026-02-23
7801,Randy,Blair,UT,Consumer,2024-03-16
7802,Tami,Murphy,NE,Consumer,2024-04-04
7803,Carolyn,Johnson,MT,Business,2022-01-06
7804,Randall,Jackson,NC,Consumer,2022-07-09
7805,Brent,Chen,ID,Business,2021-11-18
7806,Benjamin,Cantu,MN,Business,2024-08-04
7807,Amanda,Bennett,ME,Business,2023-12-18
7808,Jacob,Medina,AL,VIP,2024-05-10
7809,Maria,Holmes,NE,Business,2025-08-14
7810,Anita,Davidson,MN,Consumer,2022-06-06
7811,Trevor,Smith,PR,Consumer,2025-03-13
7812,John,Ruiz,SD,Consumer,2023-12-25
7813,Jose,Evans,MN,Consumer,2025-05-28
7814,Karen,Lewis,CO,Consumer,2024-10-03
7815,Veronica,Wade,VI,Consumer,2023-12-24
7816,Holly,Vincent,AK,Consumer,2022-02-10
7817,Bryan,Malone,CT,Consumer,2021-10-04
7818,Sheri,Harrison,WY,Consumer,2023-12-04
7819,Matthew,Snyder,AL,Consumer,2024-02-06
7820,Danielle,Nixon,ME,Consumer,2026-01-16
7821,Timothy,Harrington,WI,Consumer,2023-11-14
7822,Sandra,Clarke,RI,Consumer,2022-02-10
7823,John,Hall,UT,Consumer,2023-01-30
7824,Kimberly,Stevens,TN,Consumer,2026-04-02
7825,Patricia,Cooper,PR,Consumer,2024-12-01
7826,Kelly,Chambers,FM,Consumer,2023-09-22
7827,Douglas,Campbell,GA,Consumer,2022-09-24
7828,Rickey,Richardson,CO,Consumer,2022-07-09
7829,Dwayne,Edwards,VI,Business,2025-04-11
7830,James,Martinez,SC,Consumer,2023-09-24
7831,Vincent,Flores,IN,Consumer,2023-05-20
7832,Trevor,Lara,ME,Business,2021-12-13
7833,Ronald,Faulkner,OH,Consumer,2025-12-06
7834,Angela,Atkins,IN,Consumer,2025-10-24
7835,Jerry,Finley,MD,Consumer,2024-01-29
7836,Nicholas,Green,GA,Consumer,2025-11-07
7837,Steve,Mccarthy,NJ,Consumer,2022-07-17
7838,Ethan,Rosario,MA,Consumer,2025-05-02
7839,Kimberly,Baker,MT,VIP,2022-10-30
7840,Kathleen,Wilcox,ID,Business,2022-03-24
7841,Chad,Smith,AK,Consumer,2023-04-17
7842,Keith,Adkins,OR,Consumer,2023-12-24
7843,Karen,Quinn,CO,Consumer,2023-10-26
7844,Courtney,Evans,CO,Consumer,2023-01-24
7845,Diana,Mercer,MP,Consumer,2023-07-03
7846,Leslie,Spencer,OH,VIP,2023-10-15
7847,Christopher,King,CT,Business,2022-03-08
7848,Alexa,Martin,NY,Consumer,2023-01-16
7849,Dawn,Goodwin,IA,Consumer,2024-07-10
7850,Anthony,Alvarado,IA,Business,2021-10-13
7851,Angela,Wilkins,WY,Business,2025-09-15
7852,Oscar,Fernandez,OR,Consumer,2024-12-10
7853,Patrick,Harris,OK,Consumer,2022-05-29
7854,Patrick,Ramirez,AK,Consumer,2026-01-06
7855,Charles,Ward,NE,Consumer,2026-08-01
7856,Jay,Meza,NY,Consumer,2023-10-11
7857,Jamie,Harper,PW,Business,2026-06-14
7858,Joel,Gordon,KS,Consumer,2026-01-16
7859,Douglas,Bush,TX,Consumer,2025-10-13
7860,Daniel,Hebert,MI,VIP,2023-07-02
7861,Gabriel,Davis,UT,Consumer,2022-01-29
7862,Julie,Dixon,IA,Consumer,2022-09-26
7863,Melissa,Lopez,SD,Consumer,2025-06-28
7864,George,Caldwell,DE,Consumer,2026-08-04
7865,Robert,Johnson,DC,Business,2023-10-06
7866,Kenneth,Reid,MD,Consumer,2021-10-14
7867,Courtney,Brown,MN,Consumer,2026-08-28
7868,Sherry,Sharp,CA,Consumer,2022-06-28
7869,Jason,Carpenter,OR,Business,2022-05-04
7870,Jeremy,Glover,NM,Consumer,2025-10-12
7871,Joshua,Mcbride,RI,Consumer,2025-04-04
7872,Timothy,Brooks,AR,Consumer,2022-07-20
7873,Samuel,Perez,IN,Consumer,2022-03-08
7874,Gregory,Weaver,AL,Business,2023-04-08
7875,David,Bell,MO,Consumer,2025-07-29
7876,Ashley,Meyers,MP,Consumer,2024-02-26
7877,Veronica,Nguyen,NM,Consumer,2023-04-18
7878,Ian,Clark,NE,Consumer,2025-03-15
7879,Patricia,Diaz,OK,Business,2026-01-26
7880,Tyler,Rodriguez,UT,Business,2025-10-07
7881,Amy,Meadows,MD,Consumer,2023-04-24
7882,Justin,Lee,TN,Business,2026-08-11
7883,Rhonda,Brewer,RI,Consumer,2023-12-30
7884,Sarah,Finley,NH,Consumer,2025-05-11
7885,Gregory,Moran,GU,Consumer,2025-08-28
7886,Marcus,Escobar,RI,Consumer,2024-02-14
7887,Brian,Mack,IA,Business,2024-07-30
7888,James,Ross,WY,Business,2025-07-28
7889,Austin,Jackson,MI,Consumer,2026-06-25
7890,Jason,Sanchez,AL,Business,2023-03-13
7891,Kenneth,White,TX,Consumer,2022-07-16
7892,Tina,Parker,IL,Consumer,2026-01-10
7893,Rebecca,Chavez,UT,Consumer,2022-11-09
7894,Christopher,Chen,NH,Consumer,2025-04-23
7895,Monica,Gray,PA,Business,2025-11-05
7896,Justin,Shields,MH,Consumer,2023-12-30
7897,Ebony,Eaton,NV,Consumer,2026-05-14
7898,Samuel,Dorsey,GA,Consumer,2023-12-22
7899,Noah,Sanchez,OR,Business,2024-08-22
7900,Isaiah,Lindsey,AR,Consumer,2025-08-21
7901,Kristin,Wright,OR,Consumer,2021-12-09
7902,Kenneth,Bray,NE,Consumer,2023-05-15
7903,Eugene,Guzman,MO,Consumer,2024-03-29
7904,Audrey,Salas,GU,Consumer,2023-09-26
7905,Sarah,Hall,MH,Business,2023-11-21
7906,April,Blair,NM,Business,2022-12-18
7907,Kent,Griffin,MS,Consumer,2024-09-04
7908,Lisa,Green,VT,Consumer,2022-12-12
7909,Warren,Medina,NY,Business,2022-12-24
7910,Sarah,Bullock,MD,Consumer,2024-05-18
7911,Bryan,Brady,SC,Consumer,2022-04-13
7912,Cody,Stone,ID,Consumer,2023-09-26
7913,Michael,Davis,NV,Consumer,2023-09-14
7914,Joshua,Stevens,AL,Business,2026-01-03
7915,Jamie,Lopez,ID,Consumer,2025-10-04
7916,Karen,Collins,AR,VIP,2024-11-05
7917,Aaron,Wright,FL,Business,2024-03-17
7918,Toni,Price,TX,Consumer,2025-02-24
7919,Calvin,Padilla,DE,Consumer,2023-11-20
7920,Thomas,Horn,AR,Consumer,2026-02-26
7921,Anthony,Hartman,MN,Business,2024-03-22
7922,Dawn,Beltran,DC,Consumer,2024-07-30
7923,Kimberly,Branch,TX,Consumer,2026-08-22
7924,Matthew,Chavez,ME,Consumer,2023-05-06
7925,John,Bell,WI,Consumer,2025-09-27
7926,Joseph,Thornton,MI,Consumer,2025-06-10
7927,Claire,Fritz,DE,Business,2022-07-29
7928,Joseph,Rocha,FM,Consumer,2022-10-25
7929,Donald,Martinez,IL,Consumer,2024-10-02
7930,Nicole,Lindsey,FL,Business,2023-04-05
7931,Terri,Klein,MD,Consumer,2025-04-08
7932,Sharon,Murray,GU,Consumer,2022-01-06
7933,Tiffany,Garcia,OH,Business,2024-11-10
7934,Jessica,Davis,MS,Business,2022-07-20
7935,Shawn,Austin,IA,Consumer,2023-12-11
7936,Steven,Figueroa,DC,Consumer,2021-12-05
7937,Joseph,Freeman,PA,Consumer,2024-08-13
7938,Jennifer,Schmidt,FM,Consumer,2022-04-12
7939,Jeffery,Lowe,MA,Business,2022-01-16
7940,Mark,Richardson,GA,Consumer,2025-12-16
7941,Rodney,Cisneros,MO,Consumer,2025-01-19
7942,Jonathan,Fisher,MH,Business,2021-10-05
7943,James,Thornton,OH,VIP,2024-08-13
7944,Audrey,Taylor,AS,Consumer,2026-01-02
7945,David,Brown,SD,Consumer,2023-11-10
7946,Tommy,Morgan,PW,Consumer,2026-09-02
7947,Robert,Fuller,WV,Consumer,2023-08-12
7948,Amber,Gomez,DE,Consumer,2022-04-08
7949,Stephen,Mccormick,KY,Consumer,2023-11-10
7950,Michelle,Wilson,ME,Consumer,2025-11-18
7951,Krystal,Singh,VI,Consumer,2024-02-10
7952,Destiny,Miller,WI,Consumer,2022-02-05
7953,Mark,Alvarez,NE,Consumer,2026-03-20
7954,Francisco,Dixon,CO,Business,2026-09-15
7955,Denise,Chavez,RI,Consumer,2024-10-02
7956,Michael,Kerr,WI,Consumer,2024-01-31
7957,Carlos,Hernandez,NY,Consumer,2025-07-07
7958,Darryl,Jimenez,HI,Consumer,2021-12-02
7959,Lindsey,Rogers,OH,Business,2025-08-10
7960,Crystal,Calhoun,ID,Consumer,2025-12-04
7961,Nicholas,Kaiser,VA,Consumer,2025-01-01
7962,Melissa,Gordon,IA,Consumer,2022-10-24
7963,Sandra,Flores,VI,Consumer,2023-03-05
7964,Jessica,Miller,UT,Consumer,2023-03-30
7965,Morgan,Lynch,NE,Consumer,2025-07-09
7966,Alexandra,Davis,NC,Consumer,2022-12-13
7967,Richard,Hebert,CA,Consumer,2021-10-20
7968,Tony,Brown,MN,Consumer,2024-06-02
7969,Mary,Hodge,NV,Business,2025-11-22
7970,Natasha,Griffin,MO,Consumer,2024-10-15
7971,Denise,Garner,VA,Consumer,2023-09-02
7972,Jennifer,Bass,CO,Consumer,2025-03-04
7973,Tara,Taylor,MS,Consumer,2024-07-22
7974,Matthew,Ferguson,NV,Consumer,2024-05-01
7975,Jorge,Phillips,VT,Consumer,2022-08-12
7976,Brooke,King,CT,Consumer,2024-02-01
7977,John,Walker,AR,Consumer,2024-01-25
7978,Brooke,King,AL,Consumer,2026-05-05
7979,Nicholas,Johnson,MS,Consumer,2025-07-29
7980,Christy,Fisher,PR,Consumer,2024-11-08
7981,Emily,Rodriguez,MP,Consumer,2021-10-17
7982,Rachel,Lopez,IN,Business,2024-10-30
7983,Kathleen,Williams,AR,Consumer,2022-03-29
7984,Daniel,Hunt,IA,VIP,2026-05-23
7985,Todd,Martinez,OK,Consumer,2022-10-13
7986,Brenda,Sheppard,ID,Consumer,2025-09-16
7987,Robert,Diaz,FM,Business,2022-04-03
7988,Charles,Short,CA,Consumer,2024-03-14
7989,Michael,Chase,NM,Business,2024-11-01
7990,Heather,Frye,WI,Consumer,2025-05-31
7991,Alexandra,Golden,MD,Consumer,2026-06-26
7992,Patricia,Patterson,NV,Consumer,2022-08-11
7993,Allison,Cole,MS,Consumer,2025-12-05
7994,David,Ryan,VA,Consumer,2024-07-06
7995,Ashley,Brown,AL,Consumer,2022-09-19
7996,Hannah,Morales,WV,Consumer,2023-10-15
7997,Amber,Brown,IA,VIP,2024-03-05
7998,David,Wade,WY,Consumer,2023-04-06
7999,Brandon,Jimenez,FM,Consumer,2025-06-18
8000,Debra,Thornton,ID,Consumer,2024-09-08
8001,Madison,Welch,WY,Consumer,2022-05-26
8002,Cathy,Soto,FL,Consumer,2025-07-24
8003,John,Terry,SD,Consumer,2024-11-08
8004,Dakota,Porter,MD,Consumer,2026-02-15
8005,Laura,Russo,VT,Consumer,2025-04-22
8006,Diane,Miller,SD,VIP,2025-11-18
8007,Beverly,Mason,KS,VIP,2026-06-20
8008,Michael,Crawford,IL,Consumer,2024-03-23
8009,Larry,Smith,FM,Consumer,2022-08-10
8010,Bianca,Anderson,MD,Consumer,2025-01-19
8011,Barbara,Taylor,OK,Consumer,2025-12-27
8012,Donald,Ray,CT,Consumer,2024-12-25
8013,Adam,Weaver,GA,Consumer,2025-01-02
8014,Andrea,Mendez,HI,Business,2025-05-10
8015,Kevin,Heath,KY,Consumer,2022-07-20
8016,Anna,Petersen,AZ,VIP,2022-06-07
8017,Alicia,Dean,PA,Consumer,2022-01-12
8018,Emma,Baldwin,RI,Consumer,2026-06-06
8019,George,Peterson,MI,Consumer,2022-02-13
8020,Barbara,Leonard,VI,VIP,2025-02-20
8021,Megan,Gardner,NC,Consumer,2026-06-25
8022,Lisa,Cobb,AS,Business,2022-12-29
8023,Kimberly,Collins,MO,Consumer,2026-04-25
8024,Jonathan,Sims,DC,Consumer,2023-05-12
8025,Susan,Quinn,FL,Consumer,2023-03-14
8026,Trevor,Hunt,NV,Business,2025-01-08
8027,Carl,Meyer,OK,Consumer,2026-05-03
8028,Jacqueline,Lee,PR,Consumer,2023-04-09
8029,David,Dickson,WA,Consumer,2023-02-17
8030,Matthew,Clayton,MP,Consumer,2023-09-20
8031,Robert,Ortiz,LA,Business,2023-12-05
8032,Anna,Jacobs,MS,Business,2026-01-26
8033,Taylor,Anderson,CO,Consumer,2022-06-03
8034,Nancy,Copeland,ME,Consumer,2024-11-11
8035,Chad,Gallegos,TX,Consumer,2022-08-27
8036,Jessica,Morris,TN,Consumer,2024-08-15
8037,Teresa,Richardson,MN,Consumer,2024-11-24
8038,Stephanie,Jones,ME,Business,2024-02-12
8039,Rebecca,Ramos,OR,Consumer,2022-12-01
8040,Maria,Hunter,PA,VIP,2024-03-17
8041,Jeremy,Patrick,NJ,Consumer,2026-09-03
8042,Brian,Salas,VI,Consumer,2024-12-07
8043,Keith,Watson,OK,Business,2022-05-23
8044,Karen,Ward,HI,Consumer,2023-07-15
8045,Richard,Thompson,MO,Consumer,2023-01-22
8046,Michael,David,MI,Consumer,2025-05-30
8047,Anthony,Taylor,MO,Business,2026-01-19
8048,Vickie,Shields,ND,Consumer,2021-10-17
8049,Allison,Kelly,NH,Consumer,2024-02-13
8050,Jeffrey,Rodriguez,NM,Business,2025-04-12
8051,Mark,Turner,AZ,Consumer,2021-10-19
8052,Wendy,Avila,CO,VIP,2026-08-10
8053,Michael,Lopez,PR,VIP,2022-10-20
8054,Aaron,Kim,AZ,Consumer,2025-06-18
8055,Kathy,Maxwell,MH,Consumer,2023-02-15
8056,Sharon,Figueroa,MH,Consumer,2026-06-09
8057,Lisa,Ward,IN,Consumer,2026-07-02
8058,Christopher,Wong,OR,Consumer,2026-01-08
8059,Michael,Campbell,WA,Consumer,2025-09-13
8060,Thomas,Johnson,TN,Consumer,2023-01-09
8061,Amanda,Sandoval,IL,Consumer,2023-04-16
8062,Jeremy,Garcia,MI,Consumer,2021-10-08
8063,Brianna,Cain,SD,Business,2026-04-01
8064,Austin,Collins,VT,Consumer,2024-04-12
8065,Grace,Jones,MN,Consumer,2024-03-25
8066,Andrew,Frank,NV,Consumer,2022-02-18
8067,Charles,Anderson,IA,Consumer,2025-05-27
8068,Michelle,Jackson,TN,Consumer,2023-05-05
8069,Kevin,Ball,RI,Business,2026-03-02
8070,Fred,Gaines,NV,Consumer,2026-03-15
8071,Matthew,Price,PA,Business,2023-06-19
8072,Gabriel,Montoya,NY,Consumer,2026-09-04
8073,Joshua,Jones,OK,VIP,2026-09-10
8074,Michelle,Boyd,AK,Business,2026-04-25
8075,Jeffrey,Haynes,DE,Consumer,2026-05-12
8076,Lynn,Williams,AZ,Consumer,2026-07-07
8077,Matthew,Williams,NY,Consumer,2024-07-18
8078,Brenda,Brady,CT,Consumer,2021-11-01
8079,Alec,Hawkins,SD,Consumer,2025-05-17
8080,Nicholas,Brown,GU,Consumer,2022-08-09
8081,Kenneth,Franklin,NJ,Consumer,2024-12-06
8082,Megan,Allen,MP,Consumer,2023-05-31
8083,April,Gordon,NY,Consumer,2025-05-24
8084,Emily,Taylor,HI,Consumer,2024-07-06
8085,Nicole,Jones,MA,Consumer,2024-04-08
8086,Jose,Morgan,WA,Consumer,2022-10-03
8087,Ashley,King,IN,Consumer,2025-12-22
8088,Donna,Armstrong,RI,Consumer,2026-06-30
8089,Harold,Edwards,PR,Consumer,2021-11-08
8090,Monique,Edwards,OR,Consumer,2023-11-02
8091,Cindy,Ryan,WA,Business,2021-11-03
8092,Karen,Tapia,PA,Consumer,2024-08-15
8093,Pamela,Mitchell,WV,Consumer,2022-05-10
8094,Jessica,Lynch,FL,Consumer,2023-09-22
8095,Michele,Wilkerson,MI,Business,2025-12-26
8096,Jennifer,Ballard,ME,Consumer,2024-02-17
8097,Caitlin,Wilson,AZ,Business,2025-08-17
8098,Mary,Miller,IL,Business,2026-06-12
8099,Jose,Acosta,DE,Business,2026-02-09
8100,Andrew,Sloan,AZ,Consumer,2025-10-13
8101,Kimberly,Roberts,MP,Consumer,2022-05-04
8102,Erica,Washington,IA,Consumer,2021-09-19
8103,Jeffrey,Bryant,AL,Consumer,2023-07-13
8104,Jaime,Zavala,NY,Consumer,2025-02-20
8105,Brittany,Smith,ID,Business,2021-09-30
8106,Scott,Cummings,NV,Consumer,2026-08-18
8107,Michael,White,MP,Consumer,2022-03-06
8108,Bradley,Cobb,MD,Consumer,2025-05-02
8109,Benjamin,Brown,SD,Consumer,2025-03-06
8110,Michael,Ritter,SC,Consumer,2022-06-07
8111,Ernest,Richardson,OH,Consumer,2026-07-20
8112,Susan,Glass,MD,Consumer,2025-04-13
8113,Ashlee,Davis,FM,Consumer,2022-06-18
8114,Daniel,Adams,UT,Consumer,2023-12-28
8115,Ross,Sawyer,MA,Consumer,2026-05-21
8116,Christie,Smith,AR,Consumer,2025-09-01
8117,Pamela,Mahoney,TX,Consumer,2026-04-23
8118,Joshua,White,ID,VIP,2022-09-25
8119,Bradley,Hall,NM,Consumer,2023-08-11
8120,Wendy,Sharp,WV,Consumer,2025-12-16
8121,Breanna,Thompson,FL,VIP,2025-07-12
8122,Mikayla,Harris,NH,Business,2025-03-18
8123,Richard,White,ID,Consumer,2024-10-15
8124,Justin,Wheeler,MN,Consumer,2026-08-23
8125,Jessica,Soto,LA,Consumer,2023-05-21
8126,Breanna,Cook,AL,Consumer,2024-06-06
8127,Maria,Howard,MA,Business,2026-06-20
8128,Emily,Patel,NC,Consumer,2023-07-16
8129,Carolyn,King,SD,Consumer,2025-07-04
8130,Mark,Contreras,IN,Consumer,2025-05-31
8131,Deborah,Shannon,TN,VIP,2022-02-01
8132,Jasmine,Horne,IA,Consumer,2023-08-12
8133,Benjamin,Turner,GA,Consumer,2022-04-22
8134,Justin,Murphy,TX,Consumer,2022-07-06
8135,Steven,Cisneros,MN,Business,2025-04-07
8136,Rose,Torres,IN,Consumer,2023-06-04
8137,Mark,Ramirez,AK,Consumer,2023-10-17
8138,Franklin,Dominguez,MH,Business,2026-08-20
8139,Tyler,Green,MS,Business,2022-04-12
8140,Stephen,Carpenter,RI,Business,2024-01-15
8141,Norman,Solomon,PR,Consumer,2022-12-07
8142,Lisa,Reeves,NY,Consumer,2024-08-21
8143,Jacob,Rivera,WY,Consumer,2025-07-07
8144,Natasha,Black,DE,Consumer,2023-08-03
8145,Matthew,Williams,FM,Business,2024-02-07
8146,Kayla,Graham,OK,Consumer,2024-04-06
8147,Christine,Arnold,MT,Business,2025-01-21
8148,Brandon,Daniel,MH,Consumer,2026-02-10
8149,Angelica,Avila,MD,Consumer,2022-06-29
8150,Jay,Frye,MP,Consumer,2021-09-29
8151,Joann,Smith,AZ,Consumer,2022-06-08
8152,Billy,Rodriguez,TX,Consumer,2022-10-05
8153,Vanessa,Tucker,AK,Consumer,2022-08-16
8154,Melissa,Young,HI,Business,2023-04-28
8155,Richard,Carter,DE,Consumer,2023-09-03
8156,Suzanne,Moyer,VI,Consumer,2021-11-03
8157,Jonathan,Weber,MH,Consumer,2026-06-20
8158,John,Lewis,NM,Consumer,2025-05-06
8159,Andrea,Smith,VT,Consumer,2022-05-16
8160,Kenneth,Thompson,GU,Consumer,2026-07-02
8161,Brian,Hester,MP,Business,2021-10-09
8162,Kimberly,Grant,ME,Consumer,2024-08-01
8163,Christopher,Mckenzie,MP,Consumer,2026-06-13
8164,Madison,Robinson,FL,Consumer,2021-12-26
8165,Gary,Barton,DE,Consumer,2022-06-22
8166,Mark,Brown,ND,Business,2025-07-20
8167,Elizabeth,Collins,TN,Consumer,2022-10-23
8168,Daniel,Coleman,NY,Consumer,2022-07-26
8169,Barbara,Morgan,MD,Consumer,2025-02-11
8170,Karen,Cox,WA,Consumer,2022-11-16
8171,Jennifer,Howell,TX,VIP,2026-07-30
8172,Kimberly,Malone,OR,Consumer,2021-12-08
8173,Martin,Hahn,ID,Consumer,2024-07-25
8174,James,Tran,IA,Business,2024-02-26
8175,Darryl,Powell,PW,Consumer,2026-04-18
8176,Kelly,Horne,MN,Consumer,2024-01-06
8177,Melanie,Schultz,CT,Consumer,2026-08-16
8178,Timothy,Morgan,MS,Consumer,2022-01-13
8179,Hannah,Chavez,KY,Consumer,2023-12-05
8180,Alexander,Henderson,VI,Consumer,2025-01-07
8181,Jessica,Anderson,NC,Consumer,2024-06-03
8182,Gabriella,Vargas,AL,Business,2022-05-28
8183,Charles,Contreras,KY,Consumer,2025-06-18
8184,Peter,Alvarez,IN,Consumer,2023-01-18
8185,Denise,Reid,WY,Consumer,2022-06-07
8186,Jacob,Parks,TN,Consumer,2023-05-10
8187,Harold,Brown,OR,Business,2026-04-07
8188,Thomas,Wilcox,OH,Consumer,2022-12-02
8189,Haley,Miller,PR,Business,2026-01-19
8190,Pamela,Hernandez,FM,Consumer,2023-09-19
8191,Paul,Taylor,OR,Consumer,2022-07-18
8192,Joseph,Small,VI,Consumer,2023-02-08
8193,Matthew,Hartman,SD,Business,2022-08-22
8194,Margaret,Smith,VT,VIP,2024-03-07
8195,Maria,Burns,AR,Business,2025-05-15
8196,Mark,Escobar,WI,Consumer,2026-04-12
8197,Thomas,Holmes,SC,Consumer,2023-03-03
8198,Pamela,Doyle,MI,Consumer,2023-05-05
8199,Shannon,Carpenter,MI,VIP,2022-04-24
8200,Matthew,Small,NY,Consumer,2022-09-04
8201,David,Vargas,NJ,Business,2025-12-30
8202,Victoria,Chapman,AZ,Business,2023-08-01
8203,Kimberly,Jordan,AS,Consumer,2024-03-24
8204,Melissa,Thomas,AL,Consumer,2024-06-17
8205,Jeffrey,Jones,VA,Consumer,2025-03-07
8206,Jeremy,Perez,MP,Consumer,2022-11-14
8207,Amanda,Murray,OR,Consumer,2025-05-30
8208,Monica,White,MP,Consumer,2025-02-05
8209,Heidi,Hodges,MT,Consumer,2023-02-05
8210,Lisa,Jones,PW,Consumer,2025-03-02
8211,Steven,Reeves,NJ,Business,2024-03-10
8212,Jeffrey,Acosta,MH,Consumer,2023-06-13
8213,Nancy,Howell,AK,Consumer,2023-09-04
8214,Chelsea,Robertson,NJ,Business,2025-06-26
8215,Joseph,Moore,AR,Consumer,2026-04-06
8216,Jeffrey,Stanley,WI,Consumer,2024-08-29
8217,Monique,Rivera,AK,Consumer,2026-06-19
8218,Logan,Long,IA,Business,2024-03-22
8219,James,Flynn,MH,Consumer,2025-06-11
8220,Brandy,Carr,OH,Business,2024-07-20
8221,Peter,Kelly,IL,Consumer,2023-01-05
8222,Matthew,Gardner,OK,Consumer,2024-11-24
8223,Cassidy,Watson,VT,Consumer,2022-07-01
8224,John,Smith,NV,Consumer,2021-12-16
8225,Luis,Collier,NJ,Consumer,2026-03-03
8226,Linda,Anderson,AK,Consumer,2024-12-30
8227,Mary,Jordan,IL,Business,2021-10-06
8228,Wendy,Carney,DE,Consumer,2022-12-01
8229,Nathan,Hogan,MD,Consumer,2023-08-08
8230,Fernando,Thomas,WY,Consumer,2025-06-24
8231,Cheryl,Fox,OR,Consumer,2026-01-31
8232,Kathryn,James,FM,Consumer,2023-12-31
8233,Robert,Thomas,TN,Business,2025-12-01
8234,Anne,Mcdonald,AS,Business,2022-05-04
8235,Brenda,Phelps,KY,Consumer,2022-12-06
8236,Rachel,Green,ME,Consumer,2021-10-22
8237,Kristen,Caldwell,GU,Consumer,2024-03-02
8238,Gina,Davis,NE,Consumer,2021-11-08
8239,Diamond,Luna,TN,VIP,2022-03-10
8240,Susan,Dominguez,GU,Consumer,2024-12-30
8241,William,Olsen,HI,Consumer,2025-08-24
8242,Janet,Perry,KY,Consumer,2026-07-16
8243,Gregory,Moore,HI,Consumer,2026-05-26
8244,Tyrone,Johnson,MN,Consumer,2021-10-04
8245,Katherine,Webb,WI,VIP,2022-07-28
8246,Adrienne,Bartlett,PW,Consumer,2026-09-14
8247,Gordon,Ruiz,MP,Consumer,2026-04-03
8248,Kevin,Olson,VT,Consumer,2023-02-21
8249,Mindy,Nguyen,ID,Consumer,2023-07-10
8250,Barbara,Nichols,TX,Consumer,2023-02-06
8251,Stephen,Johnson,ND,Consumer,2022-09-24
8252,Tristan,Cook,MS,Consumer,2024-09-07
8253,Philip,Ellis,VI,Consumer,2024-04-30
8254,Matthew,Gill,IN,Consumer,2026-02-05
8255,Morgan,Jones,NJ,Consumer,2023-06-23
8256,Thomas,White,VA,Consumer,2022-05-02
8257,Monica,Wong,NE,Consumer,2026-02-19
8258,Kenneth,Maxwell,DE,Consumer,2025-04-10
8259,Ronald,Smith,MO,Business,2026-06-23
8260,Heather,Garcia,DE,Consumer,2025-03-04
8261,Lisa,Reyes,RI,Consumer,2023-10-04
8262,Pamela,Reyes,PR,Consumer,2021-10-10
8263,Benjamin,Adams,KS,Consumer,2024-02-01
8264,Vanessa,Munoz,MN,Consumer,2025-06-07
8265,Jennifer,Hamilton,WI,Business,2023-03-04
8266,Nicholas,Jackson,NM,Consumer,2026-02-24
8267,Erica,Walker,MS,Consumer,2023-05-08
8268,Robin,Moore,UT,Business,2022-11-16
8269,Sylvia,Ford,MN,Business,2026-08-24
8270,Angela,Robinson,IN,Consumer,2022-10-27
8271,Jody,Arellano,RI,VIP,2025-02-07
8272,Laura,Elliott,MS,Consumer,2023-12-31
8273,Kenneth,Bishop,NJ,Consumer,2024-10-20
8274,Michael,King,AR,Consumer,2024-05-04
8275,Christy,Hamilton,NE,Consumer,2021-09-25
8276,Kristie,Collins,IN,Consumer,2023-01-05
8277,Nicholas,Simmons,OH,Consumer,2024-02-24
8278,Christopher,Curtis,KS,Consumer,2023-12-27
8279,Daniel,Anderson,MT,Consumer,2025-03-25
8280,Steven,Chapman,RI,Consumer,2025-02-08
8281,Vanessa,Bates,FM,Consumer,2022-05-23
8282,Joseph,Clements,OK,Consumer,2024-06-13
8283,Christopher,Lutz,IL,Consumer,2026-06-03
8284,Erica,White,KS,Consumer,2026-02-18
8285,Kyle,Roberson,FL,Consumer,2022-07-09
8286,Angel,Davis,ND,VIP,2021-11-16
8287,Trevor,Cardenas,OR,Business,2023-11-01
8288,David,Rice,NC,Consumer,2026-04-12
8289,Ricardo,Ward,OR,Consumer,2024-06-21
8290,Anthony,Hurley,RI,Consumer,2024-09-17
8291,Meagan,Hernandez,MD,Business,2023-03-08
8292,John,Chavez,MH,Consumer,2023-11-08
8293,Patrick,Mueller,ID,Consumer,2023-12-04
8294,William,Johnson,SC,Business,2024-02-01
8295,Jim,Parsons,SC,Consumer,2022-02-08
8296,Alexa,Zimmerman,MN,Business,2025-11-08
8297,Dana,Pena,WA,Consumer,2024-04-28
8298,Jeremy,Kaufman,VA,Consumer,2025-10-05
8299,Curtis,Jimenez,CA,Business,2022-12-26
8300,Lindsay,Anderson,FM,Consumer,2026-03-29
8301,Audrey,Hunter,MS,Consumer,2022-07-02
8302,Carrie,Brown,NH,Business,2023-04-26
8303,Cindy,Green,VT,Consumer,2022-02-04
8304,Andrew,Gutierrez,NH,Consumer,2026-01-12
8305,Kimberly,Marshall,SC,Consumer,2025-04-20
8306,Amy,Murray,ME,Consumer,2026-06-28
8307,Colin,Taylor,CA,Consumer,2022-02-24
8308,Michelle,Holt,MH,Consumer,2025-01-30
8309,Cynthia,Wang,MI,Business,2025-06-23
8310,Joshua,Mcdonald,NV,Consumer,2021-10-26
8311,Peter,Morrison,AZ,Consumer,2026-06-20
8312,Ana,Sanchez,GU,Consumer,2025-10-04
8313,Carolyn,Ross,CA,Business,2025-03-19
8314,Rodney,May,AK,Consumer,2022-10-06
8315,Andrew,Hodges,OH,Business,2022-12-26
8316,Matthew,Kent,HI,VIP,2021-09-19
8317,Donald,Ward,MO,Consumer,2022-01-29
8318,Emily,Smith,NC,Consumer,2025-12-29
8319,John,Davis,PW,Business,2022-11-29
8320,Paula,Williams,HI,Business,2026-03-31
8321,Miranda,Tran,ME,Consumer,2026-03-02
8322,Stephen,Hutchinson,NJ,Business,2024-07-15
8323,Maria,Thornton,CT,Business,2023-06-28
8324,Margaret,Hogan,AS,Consumer,2023-08-19
8325,Jennifer,Johnson,OK,Consumer,2024-11-16
8326,Phillip,Frank,NC,Consumer,2025-10-14
8327,Terri,Williams,MH,Consumer,2024-07-23
8328,Alexandria,Mcmahon,DC,Consumer,2025-05-07
8329,Michael,Greene,PW,Consumer,2024-03-05
8330,Debra,Bonilla,CT,Consumer,2022-04-28
8331,Kyle,Braun,MS,Consumer,2024-10-02
8332,Matthew,Davis,ME,Consumer,2021-10-04
8333,Melanie,Mitchell,RI,Consumer,2023-01-30
8334,David,Martin,AK,Consumer,2023-07-29
8335,Jennifer,Gilbert,WV,VIP,2022-01-08
8336,Robert,Ramirez,SC,Consumer,2024-10-29
8337,Eddie,Torres,KY,Consumer,2025-11-04
8338,Cheryl,Daniels,VA,Consumer,2026-02-20
8339,Michelle,Fowler,MN,Consumer,2025-10-13
8340,Colin,Martinez,WY,Consumer,2022-05-16
8341,Patricia,Oliver,MO,Consumer,2022-04-06
8342,Jennifer,Perkins,SC,Business,2022-07-12
8343,Richard,Thomas,NY,VIP,2023-10-23
8344,Kathy,Salazar,LA,Business,2021-09-27
8345,Carolyn,Rodriguez,MD,Consumer,2024-06-03
8346,Sarah,Sosa,NH,Consumer,2025-09-11
8347,Teresa,Davila,MS,Consumer,2023-08-15
8348,Wendy,Curry,MH,Consumer,2025-01-25
8349,Diana,Butler,MS,Consumer,2022-02-23
8350,Justin,Espinoza,FL,Business,2025-02-09
8351,Samantha,Floyd,MN,VIP,2023-01-18
8352,Shaun,Brooks,VA,Business,2024-04-15
8353,Natalie,Rogers,IA,Consumer,2024-09-03
8354,Brandi,Gilmore,VT,Business,2022-06-09
8355,Joseph,Gonzales,AL,Business,2023-03-16
8356,Beth,Norris,MI,Consumer,2022-06-14
8357,Jennifer,Morgan,VA,Consumer,2023-12-21
8358,Daryl,Young,WY,Business,2024-08-07
8359,Joyce,Garcia,MP,Consumer,2025-11-15
8360,Martin,Johns,VT,Consumer,2023-01-20
8361,James,Young,HI,Business,2024-03-19
8362,Kristen,Allen,WI,Business,2024-05-02
8363,Nicole,Robinson,OH,Consumer,2022-09-18
8364,Michael,Carrillo,NV,Consumer,2022-04-02
8365,Christopher,Patterson,FL,Consumer,2025-08-01
8366,Andrew,Andrews,KS,Consumer,2023-01-13
8367,Christina,Rodriguez,AR,Business,2026-02-16
8368,Mason,Farmer,SC,Consumer,2025-06-24
8369,Tamara,Sanchez,AR,Consumer,2024-09-21
8370,Andrea,Levine,OR,Business,2024-06-17
8371,Jerry,Gonzalez,CA,Consumer,2022-06-30
8372,Brian,Phillips,MS,Consumer,2024-03-29
8373,Tara,Avila,CO,Consumer,2022-01-22
8374,Heather,Long,ME,Consumer,2026-02-26
8375,Kyle,Gonzalez,VI,Consumer,2024-10-13
8376,Hector,Smith,OK,Consumer,2022-12-18
8377,Michael,Lee,KY,Consumer,2024-07-28
8378,Jeffrey,Combs,MP,Consumer,2024-05-31
8379,Kristen,Lopez,VI,Consumer,2026-01-26
8380,Angela,Bruce,NV,Consumer,2022-07-12
8381,Mariah,Floyd,TN,Consumer,2025-03-08
8382,Linda,Salazar,VA,Consumer,2025-12-18
8383,Ruth,Clark,AL,Consumer,2025-03-31
8384,Marco,Elliott,MH,Consumer,2024-11-23
8385,William,Hernandez,FM,Consumer,2023-08-20
8386,Laura,Baker,GU,Consumer,2024-04-03
8387,Mary,West,NM,Consumer,2026-06-03
8388,Jose,Hernandez,MT,Consumer,2024-05-24
8389,April,Lyons,AL,Consumer,2026-06-17
8390,Jennifer,Gardner,OK,Consumer,2023-09-12
8391,Stephen,Sanchez,VI,Consumer,2023-09-29
8392,Shannon,Rosales,TN,Business,2022-05-08
8393,Amanda,Alvarado,MO,VIP,2024-08-22
8394,Leslie,Webb,PR,Consumer,2022-07-27
8395,Brian,Collins,ME,VIP,2026-02-17
8396,Jessica,Malone,NM,Consumer,2022-03-05
8397,Gerald,Barnes,MS,Business,2025-08-28
8398,Mitchell,Mccullough,MA,Consumer,2023-11-14
8399,Brandy,Becker,WY,Consumer,2024-03-31
8400,Daniel,Garrison,SD,Consumer,2022-04-08
8401,Mark,Schwartz,ME,Consumer,2026-06-28
8402,Jennifer,Ruiz,DC,Consumer,2026-08-31
8403,Matthew,Foster,RI,Consumer,2025-05-26
8404,James,Richardson,KS,Consumer,2025-04-14
8405,Mark,Love,PW,Consumer,2026-04-24
8406,Michelle,Mendez,PR,Business,2022-11-08
8407,Stephanie,Nguyen,OH,Consumer,2023-04-21
8408,Alexandra,Bullock,FM,Consumer,2021-10-12
8409,Lisa,Ellison,IL,Business,2024-12-14
8410,Dana,Norton,ND,Consumer,2026-07-31
8411,Barbara,King,AK,Consumer,2023-11-17
8412,Danielle,Gray,PR,Consumer,2022-01-30
8413,John,Ford,AK,Business,2023-08-22
8414,Madison,Humphrey,VT,Consumer,2022-02-19
8415,Kimberly,Tanner,NY,Consumer,2026-04-09
8416,Hector,Long,UT,Consumer,2026-01-05
8417,Danielle,Peterson,IN,Consumer,2024-05-25
8418,Thomas,Cruz,AS,Business,2022-02-26
8419,Aaron,Byrd,VI,Consumer,2022-08-24
8420,Edward,Murphy,KY,Business,2025-09-08
8421,Sean,Lewis,FL,Consumer,2022-02-01
8422,David,Lee,LA,Consumer,2022-01-03
8423,Raymond,Turner,TN,Consumer,2026-06-08
8424,Andrew,Davis,ND,Business,2024-01-04
8425,Tammy,Haley,IL,Consumer,2026-05-12
8426,Linda,Hendrix,TX,Business,2023-08-15
8427,Brittany,Sandoval,TX,Consumer,2024-04-19
8428,Alejandro,Maynard,PR,VIP,2021-09-30
8429,Jennifer,Lewis,OH,Consumer,2024-06-15
8430,David,Taylor,CO,Consumer,2025-10-12
8431,Tracy,Price,IN,Consumer,2023-09-02
8432,Isaiah,Miller,KY,Consumer,2024-03-05
8433,Brittany,Miller,HI,Business,2024-07-28
8434,Jacqueline,King,OR,Consumer,2022-10-31
8435,Jeffrey,Hernandez,ME,Consumer,2024-04-23
8436,Jessica,Cabrera,GU,Consumer,2026-03-29
8437,William,Hobbs,NJ,Consumer,2022-11-19
8438,Megan,Smith,MO,Consumer,2026-06-22
8439,Crystal,Baker,NC,Consumer,2023-08-01
8440,Michael,Tanner,IL,Business,2023-08-27
8441,Holly,Glass,NY,Consumer,2025-05-13
8442,Sarah,Wright,IA,Consumer,2025-12-11
8443,Michael,Patterson,LA,Consumer,2024-07-05
8444,Samantha,Castillo,WA,Consumer,2026-01-26
8445,Kimberly,Cochran,MH,Consumer,2024-05-22
8446,Lauren,Peterson,GA,Consumer,2026-02-26
8447,Kaitlyn,Byrd,GU,Consumer,2023-08-03
8448,Timothy,Li,OH,Consumer,2023-08-10
8449,Gabriel,Miles,MO,Consumer,2026-04-19
8450,James,Taylor,CA,Consumer,2023-12-18
8451,Stephanie,Holmes,DE,Consumer,2023-12-19
8452,Jonathan,Lucas,OH,Consumer,2025-03-30
8453,Janice,Woods,VA,Consumer,2024-01-12
8454,Shane,Perez,PA,Consumer,2022-09-14
8455,Amy,Briggs,AK,Consumer,2024-07-02
8456,Christina,Graham,GU,Consumer,2025-02-11
8457,Brandon,Smith,IA,VIP,2026-03-16
8458,Michael,King,AK,Consumer,2024-11-06
8459,Susan,Keller,SC,Consumer,2024-01-17
8460,Kristin,Cooper,WY,Consumer,2025-07-07
8461,Adam,Marquez,GA,Business,2023-11-17
8462,Adrian,Owens,CT,Consumer,2021-10-28
8463,Thomas,Bradley,TX,Business,2024-08-20
8464,Lindsey,Saunders,AR,Consumer,2026-02-15
8465,Timothy,Smith,WY,Consumer,2023-04-07
8466,Marcus,Scott,CA,Consumer,2023-12-01
8467,Steven,Kirk,KS,Business,2022-05-13
8468,Michael,Russo,MH,Consumer,2026-02-24
8469,Cody,Petty,MD,Consumer,2025-08-19
8470,James,Jones,CA,Consumer,2025-01-07
8471,Melissa,Jacobson,MI,Consumer,2021-12-11
8472,Keith,Hanson,CA,Consumer,2025-12-07
8473,Renee,Hill,MI,Business,2024-09-21
8474,Jessica,Hammond,PA,Business,2023-09-10
8475,Donna,Douglas,PR,Consumer,2023-11-08
8476,Arthur,Edwards,KS,Consumer,2025-06-17
8477,Jeffery,Bell,MA,Consumer,2025-10-10
8478,Lisa,Bryant,TN,Consumer,2021-09-25
8479,Donald,Gomez,PW,Consumer,2025-12-16
8480,Kelly,Nichols,CO,Consumer,2022-03-12
8481,Sheila,Galvan,DE,Consumer,2026-05-07
8482,Alexandra,Boone,GA,Business,2022-08-24
8483,Jessica,Meyer,IN,Consumer,2023-08-15
8484,Michelle,Lewis,AK,Consumer,2022-03-16
8485,Adam,Baldwin,CA,Consumer,2025-01-03
8486,Timothy,Powell,OK,Business,2025-02-13
8487,Kimberly,Sims,WY,Consumer,2025-05-01
8488,Joseph,Price,FL,Consumer,2025-09-13
8489,Beverly,Estrada,NE,Business,2024-08-21
8490,Allison,Garcia,NC,Consumer,2024-12-18
8491,Kimberly,Brooks,AZ,Consumer,2026-06-20
8492,Lindsey,Jackson,MT,Consumer,2023-01-13
8493,James,Mills,MI,Consumer,2025-02-21
8494,Jessica,Harris,OK,Consumer,2024-10-07
8495,Cindy,Cook,MA,Business,2023-06-02
8496,Jared,Maddox,TN,Consumer,2024-07-16
8497,Lance,Arias,ME,Business,2023-08-07
8498,Courtney,Ayers,VI,Consumer,2026-04-03
8499,Diane,Greene,NE,VIP,2025-05-18
8500,Danielle,Smith,KY,Consumer,2024-06-06
8501,Christina,Jackson,VT,Consumer,2025-01-10
8502,Kristine,Snyder,VA,Consumer,2022-05-19
8503,Laurie,Patel,IL,VIP,2026-04-29
8504,Tracy,Colon,MA,Consumer,2025-03-17
8505,Misty,Malone,WY,Consumer,2025-02-16
8506,Shirley,Davenport,CA,Consumer,2022-04-28
8507,Mary,Price,SD,Consumer,2026-01-14
8508,Jessica,Dennis,ME,Consumer,2023-12-11
8509,Amy,Peterson,PA,Consumer,2025-03-13
8510,Christy,Conley,IL,Business,2022-02-12
8511,Jose,Williams,NH,Consumer,2021-10-25
8512,Frederick,Thompson,IL,VIP,2023-11-02
8513,Thomas,Fowler,AZ,Consumer,2021-12-04
8514,David,Carrillo,VA,Consumer,2023-07-31
8515,James,Medina,WV,Consumer,2024-11-12
8516,Edward,Harris,PW,Business,2024-11-11
8517,Cheryl,Murphy,ND,Consumer,2025-02-26
8518,Jeremy,Clayton,WV,Consumer,2026-09-03
8519,Gregory,Taylor,NY,Business,2025-10-30
8520,Jacob,Sanchez,AZ,VIP,2024-07-18
8521,Laura,Crawford,FM,Consumer,2024-11-30
8522,Margaret,Wise,MA,Consumer,2023-05-06
8523,Christopher,Morgan,MO,Consumer,2025-11-18
8524,Kevin,Richards,CO,Consumer,2026-01-10
8525,Joseph,Harrison,AS,Consumer,2025-04-25
8526,Jennifer,Pena,ND,Business,2022-06-12
8527,Alisha,Montgomery,MN,Consumer,2025-09-10
8528,Wesley,Gilbert,VT,Consumer,2025-07-23
8529,Danielle,Smith,FL,Consumer,2023-06-17
8530,Stephanie,Hopkins,CO,Consumer,2023-06-28
8531,Sophia,Burns,AK,Consumer,2025-06-16
8532,Randy,White,IN,Consumer,2026-09-01
8533,Jonathan,Vaughn,AZ,Business,2025-03-31
8534,Patrick,Richardson,CT,Consumer,2024-09-22
8535,Caitlin,Moore,PR,Consumer,2024-02-16
8536,Melinda,Davidson,PA,Consumer,2024-07-31
8537,Michelle,Taylor,MH,Consumer,2022-02-05
8538,Lauren,Bennett,IA,Consumer,2025-01-31
8539,Brett,Lamb,SD,Consumer,2025-12-10
8540,Jason,Parker,KS,Consumer,2024-08-11
8541,Cheryl,Walker,OR,Consumer,2023-09-14
8542,Kathleen,Martin,AS,Consumer,2022-11-24
8543,Lauren,Perez,NE,Consumer,2024-03-12
8544,Billy,Lewis,MT,Consumer,2022-12-02
8545,Jorge,Price,IA,Business,2025-11-24
8546,Barbara,Johnson,WV,Consumer,2024-05-05
8547,Kathleen,Graham,WI,Consumer,2021-10-11
8548,Curtis,Taylor,PA,Consumer,2026-08-22
8549,Juan,Green,ND,Business,2022-12-07
8550,Justin,Miller,PW,Consumer,2023-08-03
8551,Joseph,Smith,PA,Consumer,2022-06-10
8552,Randall,Thompson,ND,Consumer,2025-12-06
8553,Alexis,Moore,AS,Business,2025-09-15
8554,Shelia,Young,MP,Consumer,2022-10-14
8555,Amy,Scott,DE,Consumer,2025-07-09
8556,Corey,Phillips,MP,Consumer,2021-11-09
8557,Brandon,Evans,NJ,Consumer,2023-07-02
8558,Courtney,Morrison,DC,Consumer,2021-09-15
8559,Christopher,Rodriguez,WY,Consumer,2022-11-06
8560,Julie,Scott,WV,Consumer,2022-05-25
8561,Robin,Brooks,MH,Business,2021-10-20
8562,Robert,Jones,CT,Consumer,2022-01-10
8563,Robert,Martinez,ID,Consumer,2022-09-02
8564,Pamela,Alexander,IN,VIP,2025-01-02
8565,Randy,Williams,OH,Consumer,2026-02-18
8566,Richard,Harmon,NY,Consumer,2023-12-27
8567,Michael,Jackson,AK,Consumer,2021-09-21
8568,Marcus,Cruz,IL,Consumer,2022-04-29
8569,Tina,Mitchell,ID,Consumer,2023-11-14
8570,Angela,King,PR,Consumer,2025-06-02
8571,Carrie,Mccoy,OH,Business,2026-09-11
8572,Kathryn,Villanueva,AZ,Consumer,2022-01-10
8573,Victoria,Dominguez,ME,Consumer,2024-08-15
8574,Summer,Davis,ND,Consumer,2026-08-03
8575,Corey,Doyle,PA,Consumer,2026-07-25
8576,Mary,Gray,IL,Consumer,2023-01-03
8577,Kevin,Simpson,GA,Consumer,2024-08-31
8578,Amber,Nelson,PR,Business,2023-08-20
8579,Rachel,Wall,MO,Consumer,2025-05-15
8580,Jamie,Webb,KS,Consumer,2022-03-07
8581,Sarah,Richardson,DC,Consumer,2021-10-03
8582,Adriana,Sheppard,MH,Consumer,2024-08-29
8583,Jason,Walls,UT,Business,2024-02-23
8584,Patricia,Green,WV,Consumer,2026-05-06
8585,Samantha,Moore,VT,Consumer,2024-01-08
8586,Austin,Kennedy,FM,Consumer,2023-02-07
8587,Destiny,Klein,MP,Consumer,2023-03-08
8588,Emily,Howard,VI,Consumer,2025-12-11
8589,Gina,Fleming,IN,Consumer,2022-01-24
8590,Marvin,Cook,CO,Business,2022-11-06
8591,Kristina,Sanchez,SC,Consumer,2026-03-28
8592,Cassandra,Peterson,CT,Business,2023-08-05
8593,Mark,Salinas,ME,Consumer,2023-04-28
8594,Heather,Bartlett,CO,Business,2024-03-11
8595,Emily,Williams,NY,Consumer,2021-12-26
8596,Tiffany,Mason,WY,Consumer,2025-03-06
8597,Allison,Krause,MN,Consumer,2023-04-15
8598,Debra,Robbins,MO,Consumer,2023-01-13
8599,Melissa,Peterson,VI,Consumer,2022-11-08
8600,Jack,Yates,RI,Consumer,2022-08-03
8601,Roger,Collins,AK,Consumer,2025-10-09
8602,Tracy,Frederick,OK,VIP,2025-02-28
8603,Jillian,Jones,WA,Consumer,2026-03-24
8604,Robert,Johnston,NC,Consumer,2024-09-13
8605,Robert,Lopez,ND,Consumer,2023-04-26
8606,Rachel,Phillips,VA,Business,2022-09-24
8607,Kathryn,Clark,VT,VIP,2021-12-22
8608,Timothy,Wall,NV,Consumer,2023-07-14
8609,Joshua,Craig,OR,Business,2023-08-05
8610,Paul,Harris,UT,Consumer,2025-12-09
8611,Robert,Meadows,MA,Consumer,2025-03-01
8612,Scott,Nelson,AR,Business,2025-08-29
8613,David,Graves,VA,Consumer,2025-03-07
8614,Justin,James,SC,VIP,2023-08-02
8615,Angel,Moore,MI,Consumer,2021-09-16
8616,Randy,Wood,AR,Consumer,2026-06-25
8617,Paul,Mendez,IN,Consumer,2025-05-03
8618,Tracy,Allen,WI,Consumer,2026-04-23
8619,Eduardo,Jones,AR,Business,2022-04-18
8620,Scott,Warren,CA,Consumer,2023-06-04
8621,Nicholas,Gonzales,NC,Consumer,2024-05-28
8622,Donald,Bowman,MO,Consumer,2023-04-12
8623,Kelly,Fowler,IN,Consumer,2025-12-24
8624,Jesse,Robinson,NE,Consumer,2024-05-14
8625,Karen,Robinson,TN,Consumer,2024-01-06
8626,William,Clark,PR,Consumer,2025-11-30
8627,Heather,Morales,NJ,Consumer,2026-03-11
8628,Robert,Harris,RI,Consumer,2023-08-15
8629,Nicole,Ortiz,MA,Consumer,2022-07-12
8630,Matthew,Miller,ME,Consumer,2023-01-26
8631,William,Cooper,AR,Consumer,2024-10-23
8632,Antonio,Smith,NC,Consumer,2021-12-11
8633,James,Bell,OH,VIP,2023-03-12
8634,William,Thompson,SC,Business,2022-09-11
8635,Edward,Black,TX,Consumer,2026-07-15
8636,Megan,Jimenez,GA,Business,2021-10-09
8637,Sherry,Rodriguez,ND,Consumer,2023-11-11
8638,Cheyenne,Long,VI,Consumer,2025-09-23
8639,Sharon,Collier,AR,Consumer,2023-11-22
8640,Jenna,Pham,HI,Consumer,2022-03-12
8641,Andrew,Stanley,NV,Consumer,2023-05-30
8642,Jonathan,Velez,PA,Business,2023-11-15
8643,Eileen,Rodriguez,HI,Business,2024-05-17
8644,Christopher,Williams,LA,Consumer,2026-01-03
8645,Brian,King,NH,Business,2023-11-01
8646,Emily,White,OR,Consumer,2023-08-25
8647,Mitchell,Bauer,SC,Consumer,2025-09-21
8648,Alexandria,Chaney,FM,Consumer,2026-08-18
8649,John,Thompson,SC,Consumer,2024-10-27
8650,Christopher,Conley,NC,Business,2026-04-20
8651,Carl,Smith,NJ,Consumer,2025-12-11
8652,Brenda,Watson,WV,Business,2025-10-20
8653,Olivia,Wilson,NC,Consumer,2024-11-15
8654,Jacqueline,Miller,OK,Consumer,2024-05-13
8655,Morgan,Gonzalez,MN,Consumer,2022-06-18
8656,Amanda,Cisneros,PA,Consumer,2021-11-24
8657,Heather,Thompson,TX,Consumer,2026-04-26
8658,Valerie,Medina,NC,Business,2026-05-15
8659,Carrie,Craig,SD,Consumer,2021-11-16
8660,David,Valdez,IA,Business,2026-05-04
8661,Kathy,Martin,NV,Consumer,2023-09-04
8662,Christina,Thomas,FM,Business,2024-06-18
8663,Cheryl,Navarro,UT,Business,2023-12-27
8664,Kayla,Tate,FL,Consumer,2025-04-03
8665,Jeremiah,Campbell,VA,Business,2022-03-14
8666,Dennis,Fitzgerald,AK,Consumer,2024-03-04
8667,Diamond,Henderson,FM,Consumer,2024-08-18
8668,Michael,Robbins,MN,Consumer,2023-04-19
8669,Curtis,Carlson,NY,Consumer,2022-08-08
8670,Kim,Mathis,WV,Business,2022-05-29
8671,Rose,Knight,IN,Consumer,2021-11-03
8672,Gloria,Lopez,DE,Consumer,2025-10-18
8673,Dale,Conway,DC,Business,2022-12-28
8674,John,Burton,DC,Consumer,2025-10-04
8675,Mark,Bailey,MA,VIP,2024-12-03
8676,Justin,Austin,ID,Consumer,2024-06-02
8677,Joseph,Martin,HI,Consumer,2025-07-14
8678,Jenny,Carpenter,DE,Consumer,2022-06-25
8679,Joseph,Hoffman,ME,Consumer,2026-08-07
8680,Sharon,Hendrix,VI,Consumer,2023-04-11
8681,Richard,Berry,IA,Consumer,2022-06-12
8682,John,Raymond,NC,Business,2022-01-13
8683,Virginia,Palmer,IN,Business,2025-01-26
8684,Zachary,Brown,ME,Business,2024-04-20
8685,Daniel,Johnson,AZ,Business,2024-09-25
8686,Heather,Salazar,MA,Consumer,2025-12-22
8687,Adam,Craig,MA,Consumer,2022-07-13
8688,Angela,Gonzalez,OK,Consumer,2026-03-11
8689,Matthew,Maxwell,DE,Consumer,2024-03-01
8690,Mark,Sanchez,OR,Consumer,2022-05-28
8691,Keith,Brooks,LA,Consumer,2024-12-19
8692,Julie,Sandoval,NY,Consumer,2025-03-17
8693,Tyler,Wilkins,OK,Consumer,2024-11-26
8694,Richard,Garcia,MN,Consumer,2026-01-14
8695,Kimberly,Pratt,ND,Consumer,2026-05-16
8696,Travis,Todd,ID,Business,2023-04-19
8697,Catherine,Thompson,AL,Consumer,2025-03-30
8698,Matthew,Buchanan,MH,VIP,2022-10-13
8699,Anna,Lee,WI,Consumer,2025-02-05
8700,Raymond,Olson,KS,Consumer,2025-02-26
8701,George,Gibson,MO,Business,2022-02-11
8702,Daniel,Odom,ND,Consumer,2025-12-20
8703,Michael,Mcmahon,HI,VIP,2025-07-17
8704,Scott,Whitaker,MP,Consumer,2023-03-19
8705,Justin,Marsh,MS,Business,2023-10-20
8706,Pamela,Benson,AL,Consumer,2023-03-22
8707,Ryan,Chandler,KY,Consumer,2024-01-03
8708,Susan,Brown,NV,Business,2026-05-20
8709,Timothy,Miller,MT,Consumer,2021-11-07
8710,Reginald,Anderson,NC,Consumer,2024-02-24
8711,Austin,Cooper,ID,Consumer,2025-02-18
8712,Amy,Finley,OH,Business,2026-08-19
8713,Albert,Parrish,NM,Consumer,2025-11-19
8714,Matthew,Erickson,SC,Consumer,2024-08-17
8715,William,Hall,UT,VIP,2023-11-23
8716,Mary,Conley,OH,Consumer,2023-11-24
8717,Pamela,Payne,UT,Consumer,2025-02-27
8718,Brandon,Moreno,ME,VIP,2021-09-21
8719,Travis,Arnold,AS,Consumer,2023-11-05
8720,Anthony,Clements,GA,Consumer,2023-09-13
8721,Kevin,Murphy,OR,Consumer,2022-05-09
8722,Tony,Brooks,KS,Business,2024-07-28
8723,Julie,Alvarez,FM,Business,2022-02-28
8724,Lauren,Ray,WY,Consumer,2021-09-20
8725,Ronald,Cisneros,WA,Consumer,2026-09-05
8726,Cheryl,Allen,VA,Business,2025-06-17
8727,Chad,White,IN,Consumer,2023-05-03
8728,Damon,Andrews,MD,Consumer,2025-11-02
8729,Elizabeth,Sutton,AS,Consumer,2022-12-31
8730,Julia,Harris,UT,Business,2023-08-18
8731,Tammy,Robertson,RI,Consumer,2024-04-21
8732,Melanie,Michael,KY,Consumer,2024-11-09
8733,Jeffery,Smith,MA,Consumer,2026-07-25
8734,Lindsey,Hernandez,VI,Business,2025-07-14
8735,Steven,Green,PA,Business,2025-08-20
8736,Jacob,Moore,NH,Consumer,2024-12-29
8737,Jennifer,Booth,MD,Consumer,2022-06-07
8738,Eric,Mccoy,TN,Business,2024-12-20
8739,Maureen,Brown,LA,Business,2022-11-21
8740,Christopher,Reynolds,MN,Consumer,2022-10-02
8741,Jon,Johnson,SC,Business,2023-01-08
8742,Emily,Jenkins,VI,Consumer,2023-08-09
8743,Robert,Hernandez,AZ,Consumer,2023-09-13
8744,Kelly,Ross,CO,Business,2026-05-19
8745,Jason,Rowe,DE,Consumer,2024-07-08
8746,Alexis,Brady,MA,Business,2022-12-21
8747,Colleen,Palmer,RI,Consumer,2025-03-08
8748,Stephanie,Payne,MO,Business,2024-02-11
8749,Ashley,Avila,IA,Business,2025-11-06
8750,Frank,Warner,MS,Consumer,2022-08-24
8751,Terry,Walker,NY,Consumer,2022-01-12
8752,Todd,Clark,LA,Consumer,2024-01-13
8753,Pamela,Bowers,HI,Consumer,2023-09-07
8754,Jill,Fernandez,CA,Business,2025-09-21
8755,Jason,Dunn,FM,Consumer,2022-12-20
8756,Laurie,Anderson,AZ,Consumer,2025-06-29
8757,Sabrina,Hernandez,VT,Consumer,2025-02-20
8758,Hannah,White,VA,Consumer,2024-09-25
8759,Madison,Jennings,GU,Consumer,2022-08-29
8760,Corey,Adams,MT,Consumer,2026-05-25
8761,John,Edwards,WI,Consumer,2021-11-01
8762,Craig,Murphy,SC,Business,2024-12-09
8763,Todd,Greene,AK,Consumer,2023-12-29
8764,Eric,Hernandez,MO,Consumer,2024-09-03
8765,Holly,Abbott,TN,Consumer,2022-10-06
8766,Joanna,Cooper,NE,Business,2024-02-15
8767,Timothy,Gutierrez,NJ,Business,2023-11-23
8768,Adam,Nguyen,IL,Consumer,2021-12-23
8769,Ivan,Hall,NV,Consumer,2026-05-21
8770,Benjamin,Hill,VI,Consumer,2022-05-27
8771,Brendan,Peterson,SC,Business,2026-06-22
8772,Linda,Ellis,KS,Consumer,2026-04-18
8773,Zachary,Kelley,MP,Consumer,2021-12-08
8774,Casey,Harrison,FM,Consumer,2022-07-05
8775,Ethan,Ruiz,IL,Business,2025-07-27
8776,Kathleen,Roberson,NJ,Consumer,2021-11-07
8777,Michelle,Blevins,GU,VIP,2023-07-08
8778,Michael,Weber,CA,Consumer,2025-07-19
8779,Rita,Thompson,HI,Consumer,2025-05-14
8780,Blake,Mccullough,TN,Consumer,2025-11-04
8781,Andrea,Lewis,ME,Consumer,2022-06-07
8782,Evan,Martin,VI,Consumer,2026-06-13
8783,Patrick,Vazquez,IA,Consumer,2022-07-31
8784,Allison,Johnson,LA,Business,2024-04-29
8785,Billy,Sandoval,MN,VIP,2024-01-21
8786,Mallory,Butler,FL,Business,2023-03-15
8787,Jamie,Allen,OK,Consumer,2026-04-01
8788,Maria,Roth,NE,Consumer,2022-11-03
8789,Russell,Kemp,WA,Consumer,2026-01-26
8790,Anthony,Anderson,MO,Consumer,2026-04-22
8791,Brandon,Contreras,NC,Consumer,2024-06-17
8792,Emma,Newton,OK,Consumer,2021-12-02
8793,Mark,Jones,KS,Consumer,2021-11-08
8794,David,Mitchell,AR,Business,2022-01-10
8795,Laura,Jensen,OH,Consumer,2023-04-10
8796,April,Walsh,WV,Consumer,2024-09-02
8797,Karen,Reynolds,WV,Business,2023-08-04
8798,Jennifer,Armstrong,IA,Consumer,2023-08-15
8799,Norman,Lane,PW,Consumer,2023-09-13
8800,Laura,Christensen,KS,Consumer,2022-06-22
8801,Drew,Scott,MP,Consumer,2025-12-01
8802,Jeffery,Daugherty,WI,Consumer,2023-05-26
8803,James,Beck,NH,Business,2024-04-23
8804,Sarah,Morales,MI,Consumer,2025-10-02
8805,Haley,Cortez,PA,Consumer,2022-07-03
8806,Paul,Allison,MP,Consumer,2022-03-05
8807,Tina,Lopez,CT,Consumer,2026-04-28
8808,Todd,Wise,CA,Consumer,2023-02-25
8809,Mark,Duncan,WY,Consumer,2023-05-14
8810,Kari,Jackson,WY,Consumer,2022-07-01
8811,Laurie,Wiggins,WY,Consumer,2022-05-28
8812,Colleen,Strickland,NE,Consumer,2024-01-29
8813,Nicholas,Curry,MI,Consumer,2025-05-28
8814,Jessica,Burns,HI,Consumer,2023-01-23
8815,Kevin,Jenkins,WI,Consumer,2025-06-28
8816,Christine,Hall,AS,Consumer,2022-04-06
8817,Kevin,Morrison,WY,Consumer,2022-07-27
8818,Angela,Hernandez,LA,Consumer,2025-04-22
8819,Meagan,Thompson,SD,Consumer,2026-08-22
8820,Christopher,Thompson,AL,Business,2025-03-07
8821,Lisa,Pacheco,DC,Consumer,2023-08-21
8822,Scott,Beltran,WA,Consumer,2023-02-28
8823,Todd,Monroe,KY,Consumer,2025-05-31
8824,Christopher,Hess,PW,Consumer,2021-11-02
8825,Julia,Wolfe,CA,Consumer,2022-06-19
8826,Jeffrey,Stone,PA,Consumer,2022-09-15
8827,Zachary,Robertson,VI,Consumer,2025-08-07
8828,Joshua,Chavez,IN,Business,2023-04-12
8829,Danielle,Miranda,DE,Consumer,2022-03-21
8830,Cheryl,Lee,WA,Consumer,2022-01-21
8831,Maureen,Singleton,VI,Consumer,2025-09-16
8832,Shawn,Bowman,VT,Consumer,2026-07-27
8833,Karen,Taylor,ND,Consumer,2024-05-23
8834,Bobby,Horton,GU,Consumer,2025-12-03
8835,Lisa,Gonzales,DC,Consumer,2025-11-23
8836,Brittany,Frank,ID,Consumer,2025-05-30
8837,Monique,Johnson,MN,Consumer,2024-01-12
8838,Anthony,Hamilton,KY,Consumer,2026-05-23
8839,David,Hatfield,ME,Consumer,2025-04-08
8840,Keith,Hoover,AK,Consumer,2022-07-22
8841,Amy,Morales,IN,Consumer,2025-06-28
8842,Kayla,Benson,WY,Consumer,2022-04-03
8843,Richard,Thomas,DE,Consumer,2023-10-21
8844,Ian,Ellis,MD,VIP,2025-07-31
8845,Tina,Williams,NC,Consumer,2025-03-16
8846,Daniel,Mann,HI,Consumer,2025-08-15
8847,Tyrone,Brown,CO,Consumer,2025-06-30
8848,Samantha,Rodriguez,WV,Consumer,2022-09-16
8849,Alicia,Gallagher,WY,Consumer,2026-04-05
8850,Robert,Sharp,LA,Business,2023-11-27
8851,Patricia,Lynch,CA,Consumer,2025-06-20
8852,Kimberly,Johnson,NY,Consumer,2025-12-09
8853,Amanda,Rodriguez,ND,Consumer,2026-03-13
8854,Kenneth,Walton,MP,Consumer,2025-10-02
8855,Jessica,Nunez,NC,Business,2026-05-26
8856,Amber,Olson,AK,Consumer,2026-08-02
8857,Katherine,Small,AZ,Consumer,2022-07-15
8858,Diana,Sexton,WI,Business,2022-08-27
8859,Gloria,Collins,AR,VIP,2026-05-19
8860,Kristine,Santos,AL,Consumer,2025-09-26
8861,Michael,King,PW,VIP,2025-07-10
8862,Timothy,West,NM,VIP,2024-12-01
8863,Ruben,Lucas,AR,Consumer,2023-03-24
8864,Samantha,Reilly,AK,Consumer,2022-05-22
8865,Mason,Mahoney,NC,Consumer,2024-12-25
8866,Amy,George,VI,Consumer,2024-11-23
8867,Ashley,Jackson,AS,Consumer,2021-12-30
8868,Henry,Howard,MP,Business,2023-06-15
8869,Allen,Day,KS,Consumer,2024-11-03
8870,Logan,Christensen,IL,Business,2023-07-11
8871,Victoria,Fischer,ME,Consumer,2023-03-20
8872,Vernon,Norton,IA,Business,2024-11-10
8873,Craig,Carter,MA,Consumer,2024-11-14
8874,Alyssa,Pearson,WV,Consumer,2023-11-11
8875,Daniel,Flores,PA,Consumer,2026-06-26
8876,Virginia,Garcia,MD,Consumer,2025-07-21
8877,Brittany,Barry,OR,Consumer,2026-05-22
8878,Heather,Decker,PW,Consumer,2021-11-15
8879,Diane,Cannon,ID,Consumer,2025-12-08
8880,Anthony,Wilson,GA,Business,2022-08-22
8881,Christopher,Hancock,VT,Business,2026-07-04
8882,Laura,Randall,AZ,Business,2026-02-19
8883,Ryan,Leach,DE,Business,2026-06-21
8884,Michele,Bradley,MA,Consumer,2026-02-17
8885,Alexandra,Martin,OK,Consumer,2026-07-20
8886,Margaret,Romero,DC,Business,2026-03-21
8887,Mark,Cowan,DC,Consumer,2024-10-17
8888,John,Green,MT,Consumer,2026-07-03
8889,Jeremy,Bullock,CT,Consumer,2025-09-15
8890,Christopher,Castillo,SD,Business,2023-05-05
8891,James,Riley,WI,Consumer,2022-06-06
8892,Rachel,Pollard,NV,Consumer,2022-12-18
8893,Cindy,Mack,MI,Consumer,2024-06-15
8894,Erin,Cordova,OK,Business,2024-10-03
8895,Matthew,Kaiser,MA,Consumer,2023-12-04
8896,Jennifer,Gomez,CO,Consumer,2022-01-13
8897,Gina,Wright,HI,Consumer,2026-01-06
8898,Lawrence,Mendoza,LA,Consumer,2023-02-19
8899,Matthew,Hammond,VI,Consumer,2024-09-28
8900,Kevin,Berry,DE,Consumer,2023-12-11
8901,Laura,Hart,CO,Consumer,2023-07-12
8902,Natalie,Todd,NJ,Consumer,2024-07-17
8903,Donna,Young,GA,Consumer,2024-04-01
8904,Jason,Carlson,RI,Consumer,2022-11-02
8905,Anthony,Lopez,NC,Consumer,2025-08-16
8906,Rebecca,Peterson,MH,Business,2022-09-27
8907,Robert,Martinez,MP,Consumer,2026-01-10
8908,Samuel,Smith,CA,Consumer,2022-05-10
8909,Jennifer,Gonzalez,IN,Business,2026-08-27
8910,Jennifer,Nicholson,MD,Business,2024-05-21
8911,Aaron,Dyer,RI,Consumer,2026-06-21
8912,John,Guzman,OK,Consumer,2026-04-17
8913,Susan,Francis,IA,Consumer,2023-12-13
8914,Kristin,Padilla,FM,Business,2026-08-18
8915,Jacob,Mills,OK,Consumer,2025-07-30
8916,Wendy,Caldwell,MA,Business,2025-12-05
8917,Michelle,Meyers,MN,Business,2025-03-02
8918,Glenn,Mendoza,NM,Consumer,2022-06-16
8919,Stephanie,Swanson,MD,Consumer,2025-10-17
8920,Christopher,Collins,MD,VIP,2023-06-17
8921,Alexandra,Kim,MA,Consumer,2023-06-12
8922,William,Woodard,WV,Business,2023-07-16
8923,Elizabeth,Wright,SC,Consumer,2026-07-31
8924,Michael,Spears,MI,Consumer,2024-03-03
8925,Sara,Lopez,ME,Consumer,2023-08-23
8926,Lisa,Humphrey,VA,Consumer,2025-01-20
8927,Lisa,Anderson,WV,VIP,2022-09-25
8928,Megan,Bradley,MI,Consumer,2022-11-20
8929,Daniel,Garcia,MN,Business,2026-02-14
8930,Tyler,Hall,NV,Consumer,2021-11-06
8931,Felicia,Sullivan,VI,Consumer,2022-01-26
8932,Megan,Martinez,KY,Business,2023-12-10
8933,Elizabeth,Carpenter,CA,Consumer,2022-01-07
8934,Edgar,Johnson,HI,Consumer,2022-04-23
8935,Denise,Fletcher,OK,Business,2022-08-03
8936,Tracy,Johnston,UT,Consumer,2025-06-17
8937,Bryan,Mcgrath,AK,Consumer,2022-01-19
8938,Melissa,Flores,NV,Consumer,2023-10-06
8939,Summer,Matthews,WA,Business,2024-06-20
8940,Larry,Jackson,AS,Consumer,2022-07-24
8941,Austin,Williams,DE,Consumer,2023-05-30
8942,Amber,Mcdonald,WA,Consumer,2025-02-02
8943,Kevin,Mata,ID,Consumer,2024-11-12
8944,Vanessa,Miller,IL,Business,2024-10-01
8945,Angela,Miller,MD,Consumer,2025-03-17
8946,Molly,Smith,TX,Consumer,2025-01-19
8947,Brian,Reeves,CT,Business,2026-07-17
8948,Paul,Holmes,IA,Business,2026-03-09
8949,Matthew,Cain,WY,Business,2025-10-11
8950,Patricia,Barnes,ID,Business,2026-03-13
8951,Michael,Mcguire,VA,Consumer,2025-11-15
8952,Christopher,Richardson,SD,Consumer,2021-12-12
8953,Alexa,Brown,KY,Business,2026-09-12
8954,Mark,Simmons,AK,Business,2025-12-03
8955,Wesley,Wright,SD,Consumer,2024-04-25
8956,Christopher,Church,ME,Consumer,2024-02-29
8957,Christopher,Hernandez,DC,Consumer,2023-01-01
8958,Matthew,Moore,AR,Business,2023-11-04
8959,Michelle,Silva,OR,VIP,2023-02-13
8960,Jessica,Dean,TN,Business,2022-11-10
8961,Ronnie,Pruitt,TX,Consumer,2024-09-14
8962,Olivia,Martinez,OH,Business,2026-08-13
8963,Brian,Cowan,AK,Consumer,2025-03-18
8964,Kimberly,Friedman,AZ,Consumer,2025-05-18
8965,Lauren,Ross,NJ,Consumer,2021-12-11
8966,Ryan,Smith,AL,Consumer,2025-11-24
8967,Kevin,Freeman,NC,Business,2024-12-01
8968,Luke,Mosley,CO,Consumer,2023-05-05
8969,Joanna,Nunez,NH,Business,2026-07-24
8970,Craig,Moody,SD,Consumer,2023-11-17
8971,Christine,Washington,NY,Consumer,2026-06-17
8972,Allison,Allison,SC,Consumer,2023-02-03
8973,Victoria,Price,OR,Consumer,2024-07-23
8974,Gary,Campbell,ME,Consumer,2022-11-15
8975,Rebecca,Patterson,WA,Business,2024-08-23
8976,Leon,Marsh,WY,Consumer,2023-06-09
8977,William,Maldonado,NC,Consumer,2023-03-28
8978,Andrew,Cooper,UT,Consumer,2023-02-04
8979,Erik,Parrish,MD,Business,2025-06-18
8980,Danielle,Andrews,WA,Consumer,2024-08-02
8981,Thomas,Russo,UT,Consumer,2023-01-02
8982,Kelly,Jones,NJ,Consumer,2023-07-17
8983,Kristin,Moore,OK,Consumer,2026-07-05
8984,Dylan,Haney,IL,Business,2026-01-26
8985,Brian,Grant,VA,Consumer,2026-02-20
8986,Michele,White,OK,Consumer,2023-04-12
8987,Catherine,Day,MI,Consumer,2021-11-11
8988,Andrew,Adams,FM,Consumer,2025-02-22
8989,Elizabeth,Villarreal,VT,Consumer,2022-12-20
8990,Jacob,Ochoa,SC,Consumer,2023-12-11
8991,Kristen,Matthews,TN,Consumer,2023-09-25
8992,Wayne,Green,MN,Consumer,2021-12-12
8993,Brianna,Henson,IL,Consumer,2022-04-10
8994,Johnny,Brown,OH,Business,2024-09-18
8995,Michael,Wells,KY,Consumer,2024-01-22
8996,Jasmine,Castillo,PR,Consumer,2022-08-13
8997,James,Doyle,NE,Consumer,2025-02-10
8998,Donald,West,IN,Consumer,2022-04-11
8999,Monica,Holland,VA,VIP,2024-11-06
9000,Douglas,Liu,CA,Consumer,2023-03-02
9001,Eugene,Cole,SD,Consumer,2022-02-19
9002,Melissa,Mccarthy,WA,Business,2024-04-03
9003,Jeffrey,Rodriguez,SC,Consumer,2026-06-18
9004,Ryan,Anderson,MP,Consumer,2026-01-07
9005,Brenda,Little,ND,Consumer,2022-01-20
9006,Keith,Reid,UT,Consumer,2023-11-26
9007,Cindy,Marshall,KY,Business,2023-12-23
9008,Jeffrey,Blackburn,OR,Consumer,2025-05-02
9009,Alec,Pearson,MS,Consumer,2023-10-30
9010,Makayla,Gutierrez,DC,Business,2023-07-31
9011,Alexandra,Middleton,AZ,Consumer,2022-10-07
9012,Shannon,Mason,PW,Consumer,2024-05-28
9013,Sherry,Caldwell,UT,Consumer,2025-12-31
9014,Madison,Davis,MP,Consumer,2024-09-06
9015,Karen,Gonzalez,NV,Consumer,2025-01-04
9016,George,Rogers,ME,Business,2026-07-18
9017,Belinda,Peters,WV,Consumer,2025-06-17
9018,Jodi,Torres,WA,Consumer,2026-05-08
9019,Natalie,Jackson,TN,Consumer,2026-01-18
9020,Lisa,Brown,WV,Consumer,2025-09-10
9021,Austin,Robinson,TN,Consumer,2022-08-16
9022,Olivia,Nguyen,NJ,VIP,2025-04-16
9023,Tina,Savage,WV,Business,2023-08-10
9024,Jonathan,Reid,MT,Consumer,2026-01-10
9025,Melissa,Barnes,NM,Consumer,2023-11-04
9026,Teresa,Gibbs,MS,Business,2024-03-10
9027,Brian,Ewing,NC,Consumer,2023-07-07
9028,Barry,Pugh,KY,Consumer,2026-06-27
9029,Rachel,Skinner,NJ,Consumer,2026-01-23
9030,Victoria,Williams,AS,Consumer,2023-10-29
9031,Joshua,Madden,VA,Business,2024-03-25
9032,Billy,Contreras,VI,Consumer,2023-09-16
9033,Makayla,Warren,NY,Consumer,2026-01-24
9034,Tiffany,Foster,PR,Business,2026-02-13
9035,Jamie,Chavez,MO,Consumer,2024-07-05
9036,Alexis,Fitzgerald,NV,Consumer,2022-02-25
9037,Joseph,Perez,MA,Consumer,2023-12-28
9038,Amanda,Evans,NY,Consumer,2024-09-02
9039,Caitlin,Robles,PR,Consumer,2024-09-30
9040,Joshua,Simmons,AK,Consumer,2026-03-22
9041,Amy,Macdonald,WI,Business,2025-03-22
9042,Alison,Mills,HI,VIP,2024-02-18
9043,Mary,Gonzalez,NJ,Consumer,2022-10-15
9044,Victor,Acevedo,MA,Consumer,2023-03-03
9045,Daniel,Richards,ND,Consumer,2026-05-25
9046,Monica,Manning,NH,Consumer,2025-08-05
9047,Michael,Murphy,NM,Business,2022-10-04
9048,Michael,Perez,UT,Consumer,2023-08-07
9049,Dylan,Romero,AZ,Consumer,2022-08-14
9050,Dustin,Hernandez,KS,Consumer,2025-04-05
9051,Steven,Potter,MT,Consumer,2023-04-22
9052,Emily,House,NM,Consumer,2023-08-08
9053,Andrea,George,PR,Business,2023-04-25
9054,Samuel,Johnson,MN,Consumer,2022-12-01
9055,Matthew,Robinson,AK,Consumer,2026-03-24
9056,Renee,Miller,OH,Consumer,2025-03-09
9057,Vicki,Pugh,MH,Consumer,2026-04-16
9058,Timothy,Ferguson,ME,Consumer,2021-11-27
9059,Molly,Bryan,NH,Consumer,2023-05-02
9060,James,Mcintyre,AL,VIP,2024-08-21
9061,Todd,Gould,MA,Consumer,2025-12-27
9062,Brenda,Elliott,NY,Consumer,2026-02-07
9063,Nicole,Evans,SC,Consumer,2024-04-08
9064,Madeline,Flores,PW,Consumer,2022-09-09
9065,Jenna,Richardson,IL,Consumer,2025-01-01
9066,Jamie,Daniel,OR,Consumer,2025-01-30
9067,Joshua,Collins,HI,Consumer,2024-06-10
9068,Leslie,Cantu,GU,Consumer,2022-07-17
9069,Seth,Moore,SC,Consumer,2026-03-15
9070,Willie,Foster,WV,Consumer,2021-12-09
9071,Louis,Gomez,WI,Consumer,2024-04-30
9072,Robert,Gray,VI,Consumer,2025-05-08
9073,Anthony,Thomas,PA,Consumer,2025-08-17
9074,April,Lopez,NE,Consumer,2021-11-06
9075,Holly,Fernandez,IN,Consumer,2022-09-18
9076,Juan,Smith,ME,Consumer,2024-11-26
9077,Aaron,Schwartz,PA,Business,2022-01-12
9078,David,Rivers,WA,Consumer,2024-10-21
9079,Nicole,Callahan,NE,Consumer,2023-06-08
9080,Amy,Leach,AZ,Consumer,2024-02-17
9081,Eric,Davis,LA,Consumer,2024-09-26
9082,Tracy,Rollins,WA,Consumer,2023-06-18
9083,Shane,Bryant,OK,Consumer,2026-04-30
9084,Ryan,Kim,TN,Consumer,2023-04-29
9085,Gabriel,Smith,OK,Business,2022-06-14
9086,Scott,Estrada,AZ,Business,2023-04-30
9087,Brittany,Stone,TX,Consumer,2023-08-12
9088,Ryan,Bates,VT,Consumer,2022-08-25
9089,David,Chapman,WY,Business,2022-04-08
9090,Jonathon,Bell,MD,Consumer,2022-02-12
9091,Brenda,Wallace,WV,Business,2024-11-18
9092,Scott,Thomas,PA,Consumer,2025-07-02
9093,Sarah,Avila,PR,Consumer,2022-06-08
9094,Katie,Baker,MS,Consumer,2023-01-31
9095,Patrick,Ochoa,SC,Business,2025-04-28
9096,Megan,Owens,WY,Consumer,2024-11-18
9097,Veronica,Jackson,PR,Business,2024-12-19
9098,Jacob,Stewart,AZ,Consumer,2024-08-13
9099,Brian,Nelson,SC,Consumer,2025-12-05
9100,Carly,Davidson,PR,Consumer,2024-06-24
9101,Michael,Huffman,MA,Business,2022-06-08
9102,Christopher,Clark,WV,Consumer,2024-10-10
9103,Jennifer,Chandler,MN,Consumer,2026-07-28
9104,Kirk,Bell,PA,Consumer,2021-10-14
9105,Sheila,Gallagher,OR,Consumer,2025-01-14
9106,Robert,Porter,NM,Consumer,2023-09-21
9107,Amanda,Obrien,HI,Consumer,2023-04-10
9108,Zachary,Petersen,OK,Consumer,2024-02-07
9109,Alex,Christian,NY,VIP,2024-11-19
9110,Felicia,Allen,AR,Business,2021-12-05
9111,Charles,Ballard,HI,Consumer,2023-06-24
9112,Michael,Hubbard,TN,Consumer,2024-03-31
9113,Diana,Sanchez,NC,Business,2024-07-31
9114,Jill,Romero,GU,Consumer,2026-05-27
9115,Alexis,Steele,IN,Consumer,2025-03-29
9116,Michael,Holt,ND,Consumer,2023-08-23
9117,Mary,Nash,ME,VIP,2023-12-19
9118,Riley,Thompson,TX,Consumer,2024-02-23
9119,Erica,Mata,CO,Consumer,2021-12-18
9120,Andrew,Schultz,SD,Consumer,2025-05-13
9121,John,Dawson,OK,Consumer,2023-12-31
9122,Karen,Cobb,ME,Consumer,2023-05-19
9123,Jimmy,Holder,CO,Consumer,2024-09-24
9124,Robin,Oneal,DE,VIP,2023-03-22
9125,John,Jones,ME,Business,2023-06-16
9126,Brianna,Sanchez,DC,Consumer,2022-08-26
9127,Sarah,Foster,IL,Business,2022-07-02
9128,Michael,Benjamin,MA,Business,2023-05-25
9129,Madeline,Simmons,AS,Consumer,2026-02-28
9130,Jason,Carson,WV,Consumer,2024-05-06
9131,Christina,Sanchez,ID,Consumer,2025-11-27
9132,Christopher,Lowe,LA,Consumer,2022-06-11
9133,Evan,Byrd,ID,Consumer,2022-05-06
9134,Mathew,Morse,NE,Business,2022-02-26
9135,Andres,Manning,CT,Consumer,2021-10-25
9136,Cynthia,Johnston,TX,Consumer,2023-02-04
9137,Jeffery,Taylor,PA,Consumer,2026-01-19
9138,Kenneth,Carey,AZ,Consumer,2022-04-16
9139,Gregory,Kemp,AL,Consumer,2025-04-07
9140,Priscilla,Taylor,CA,VIP,2023-01-31
9141,Kimberly,Miller,KS,Business,2023-08-25
9142,Edward,Blair,OH,Consumer,2022-10-30
9143,Jesus,Miller,DC,Business,2024-01-24
9144,Shelia,Santana,AZ,Consumer,2023-09-08
9145,Jeremiah,May,WI,Business,2024-04-04
9146,Lori,Hill,MP,Consumer,2024-12-22
9147,Duane,Powell,WI,Consumer,2025-03-27
9148,Marcus,Gomez,FL,Consumer,2024-08-10
9149,Andrew,Brown,VA,Business,2022-02-17
9150,Christopher,Wright,VA,Consumer,2025-12-11
9151,Adam,Jones,FL,Consumer,2023-06-03
9152,Justin,Gibson,CT,Consumer,2021-09-22
9153,Martha,Jackson,KY,VIP,2023-01-14
9154,Nicholas,Rodriguez,VA,Business,2022-10-30
9155,Eddie,Harrison,GA,Consumer,2026-04-04
9156,Brian,Alvarez,MS,Consumer,2025-02-04
9157,Amber,Good,OK,Consumer,2023-02-03
9158,Ashley,Gonzalez,VI,Consumer,2022-06-22
9159,Matthew,Long,NV,VIP,2023-12-22
9160,Katie,Frederick,LA,Business,2026-02-25
9161,April,Reed,MI,Consumer,2026-01-13
9162,Seth,Graham,AL,Consumer,2025-10-08
9163,Rhonda,Lee,AZ,Consumer,2024-01-15
9164,Ashley,Harris,OK,Business,2025-03-24
9165,Cathy,Ortega,MD,Consumer,2023-06-07
9166,Terry,Perez,NH,Consumer,2021-12-25
9167,Melissa,Chaney,ME,Consumer,2025-12-31
9168,Micheal,Coleman,AK,Consumer,2023-09-10
9169,Maria,Nelson,NM,Consumer,2025-05-10
9170,Meredith,Smith,CA,Consumer,2024-12-16
9171,Amber,Larson,AS,Business,2024-07-20
9172,John,Strong,IA,Consumer,2025-09-06
9173,James,Jenkins,WV,Consumer,2025-09-13
9174,Kimberly,Peterson,ME,Consumer,2023-11-21
9175,Adrian,Alvarez,WY,Consumer,2023-02-24
9176,Monica,Knox,KS,Consumer,2025-02-28
9177,Kyle,Weber,NY,Consumer,2022-01-18
9178,Gina,Snyder,OH,Consumer,2024-09-09
9179,Christopher,Garcia,NY,Consumer,2025-02-12
9180,Eric,Murphy,NH,Business,2023-08-19
9181,Thomas,Ross,NV,Consumer,2025-06-03
9182,Hannah,Bowman,DC,Consumer,2022-05-01
9183,Raymond,Bullock,OK,Consumer,2024-05-22
9184,Wanda,James,DE,Consumer,2022-09-27
9185,Erik,Chavez,MD,Consumer,2024-10-23
9186,William,Lee,LA,Consumer,2023-04-06
9187,Michael,Stark,NC,Consumer,2024-01-15
9188,Alyssa,Beck,ME,Consumer,2024-08-13
9189,Eric,Vega,ME,Consumer,2023-04-30
9190,Lori,Jackson,NE,Consumer,2025-08-09
9191,Samuel,Frazier,HI,Consumer,2026-01-05
9192,Darlene,Coleman,MD,Business,2023-12-29
9193,Lori,Marquez,MD,VIP,2026-03-12
9194,Robert,Johnson,SC,Business,2023-09-19
9195,James,Foley,SD,Consumer,2022-02-15
9196,Maria,Salazar,MS,Consumer,2022-02-11
9197,Rebekah,Taylor,AL,Consumer,2024-02-02
9198,Lisa,Carroll,NC,Consumer,2023-10-27
9199,Maria,Wallace,NC,Consumer,2024-05-12
9200,Tricia,Cohen,IA,Consumer,2025-08-20
9201,Suzanne,Nichols,NY,VIP,2026-01-24
9202,Caroline,Butler,KS,Consumer,2022-10-17
9203,Eric,Hunt,NH,Consumer,2023-07-04
9204,Jean,Lowery,RI,Consumer,2025-05-08
9205,Jose,Little,GU,Consumer,2024-07-21
9206,Lindsay,Greene,NH,Consumer,2024-08-17
9207,Kayla,Kim,NM,Consumer,2026-02-11
9208,Stephen,Brooks,WY,Business,2022-04-12
9209,Megan,Bailey,KS,VIP,2022-03-28
9210,Michael,Carr,MI,Consumer,2024-09-23
9211,Lori,Faulkner,GU,Consumer,2026-05-26
9212,Megan,Jones,TX,Business,2022-05-22
9213,Marie,Mills,NM,Business,2026-07-15
9214,John,Bailey,TX,Business,2026-03-13
9215,Carolyn,Pearson,DC,Consumer,2024-06-19
9216,Melissa,Alexander,MH,Business,2022-09-09
9217,Brian,Benson,KY,Consumer,2026-05-29
9218,Mary,Lowery,IL,Consumer,2023-03-03
9219,Robin,Barnes,IA,Business,2025-01-25
9220,Lisa,Tucker,OH,VIP,2022-01-13
9221,Eric,Mcdonald,PR,Consumer,2025-08-18
9222,Jonathon,Ward,MN,Consumer,2025-05-17
9223,Edwin,Chen,FM,Consumer,2025-06-15
9224,David,Norman,NE,Consumer,2023-08-13
9225,Eric,Moore,AS,Business,2023-11-11
9226,Charles,Gonzalez,MD,Business,2026-03-28
9227,Roy,Williams,TN,Consumer,2024-12-22
9228,Carla,Miller,HI,Consumer,2023-08-26
9229,Amber,Ellis,ND,Consumer,2025-11-14
9230,Jennifer,Olsen,MD,Consumer,2025-10-20
9231,Rebekah,Deleon,MP,Consumer,2022-09-19
9232,Rebecca,Wyatt,VA,Consumer,2022-12-21
9233,Kelly,Haas,FM,Consumer,2022-09-06
9234,John,Conway,AR,Consumer,2026-01-14
9235,Danielle,Hansen,IL,Consumer,2025-02-25
9236,Nathan,Jones,NH,Consumer,2025-07-23
9237,Mary,Flores,NE,Business,2024-12-01
9238,Thomas,Diaz,IA,Consumer,2025-07-15
9239,Nicole,Barry,AL,Consumer,2024-09-14
9240,Anthony,Stone,WV,Consumer,2024-11-22
9241,Susan,Martin,PA,Consumer,2024-09-05
9242,Leslie,Chaney,FM,Consumer,2023-02-02
9243,Riley,Castillo,AS,Consumer,2023-05-09
9244,Gregory,Jordan,IA,Consumer,2023-09-12
9245,Jacob,Wright,NH,Consumer,2025-01-10
9246,Kristin,Reed,DE,Consumer,2022-06-14
9247,Autumn,Kelly,NY,Consumer,2022-12-08
9248,Bryan,Guzman,MN,Consumer,2022-01-24
9249,Sandy,Hoffman,AZ,Consumer,2025-07-26
9250,Mario,Howard,KS,Business,2024-01-10
9251,Heidi,Ford,CA,Consumer,2022-04-09
9252,Jade,Wyatt,WA,Consumer,2024-06-03
9253,Ralph,Mitchell,CA,Consumer,2024-05-06
9254,Kathryn,Gilmore,NE,Business,2024-09-16
9255,Michael,Thomas,CT,VIP,2023-03-08
9256,Richard,Mullen,WA,Consumer,2025-02-15
9257,Heidi,Tanner,DC,Consumer,2021-11-01
9258,Larry,Miller,ID,Consumer,2025-08-21
9259,Charles,Collins,HI,Consumer,2023-09-05
9260,Alyssa,Perry,KY,Consumer,2025-10-12
9261,Amber,Walker,OH,Business,2023-09-25
9262,Samantha,Holland,WA,Consumer,2025-12-23
9263,Diana,Castro,SD,Consumer,2022-12-16
9264,Jason,Stephens,IN,Business,2025-07-02
9265,Tammy,Saunders,CT,Business,2023-04-18
9266,Chad,Melton,ID,Consumer,2023-04-10
9267,Olivia,Mitchell,MO,Consumer,2023-02-14
9268,Becky,Davis,GU,Business,2022-03-06
9269,Marvin,Castaneda,MA,Business,2021-12-01
9270,Michael,Lopez,NM,Business,2022-02-26
9271,Marcus,Thomas,MA,Consumer,2025-01-09
9272,Jesse,Johnson,MS,Consumer,2024-04-13
9273,George,Moyer,PR,Consumer,2023-11-07
9274,Adam,Johnson,WY,Consumer,2023-07-08
9275,Lisa,Tanner,WV,Business,2023-03-03
9276,Selena,Merritt,MD,Consumer,2025-03-30
9277,Jeffrey,Cooper,MI,Consumer,2022-01-09
9278,Matthew,Hernandez,NE,Consumer,2026-08-08
9279,John,Berg,KY,Business,2025-02-25
9280,Julie,Hernandez,OH,Consumer,2023-04-20
9281,Tyler,Harris,OR,Consumer,2025-11-19
9282,Christopher,Steele,GA,Consumer,2022-01-23
9283,Mark,Hill,MA,Consumer,2026-02-07
9284,Gwendolyn,Wood,PW,Consumer,2024-09-03
9285,Andre,Cunningham,NE,Business,2022-04-07
9286,Stacie,Black,GU,Consumer,2021-12-16
9287,Christy,Mcdonald,AL,Consumer,2024-03-22
9288,Dorothy,Meyers,MD,Consumer,2024-07-19
9289,Kyle,Watson,AS,Consumer,2026-01-26
9290,Gregory,Beck,HI,Consumer,2022-03-30
9291,Rebecca,Anderson,GA,Consumer,2026-08-05
9292,Zachary,Walsh,TX,Consumer,2025-08-22
9293,David,Washington,MH,Consumer,2022-10-24
9294,David,Jarvis,ID,Consumer,2023-08-27
9295,Tammy,Miles,DE,Business,2022-05-10
9296,Kelly,Brown,FM,Consumer,2022-12-21
9297,Daniel,Lopez,LA,VIP,2023-05-31
9298,Ashley,Carter,AR,Consumer,2023-01-13
9299,Tristan,Hill,NE,Consumer,2022-05-11
9300,Anthony,Fox,MP,Consumer,2024-09-21
9301,Wendy,Thompson,PA,Consumer,2025-08-08
9302,Lisa,Fisher,NH,Consumer,2025-08-22
9303,Angela,Schwartz,VI,Consumer,2021-10-26
9304,Samantha,Allen,DE,Consumer,2025-09-15
9305,Jerry,Lara,MS,Consumer,2025-06-24
9306,Carla,Butler,MO,Consumer,2022-10-23
9307,Norman,Black,NY,Consumer,2022-06-27
9308,Charles,White,NJ,Consumer,2026-03-25
9309,Christina,Thomas,ND,Consumer,2026-04-16
9310,Nicole,Gordon,WI,Business,2024-06-15
9311,Steven,Reyes,NM,Consumer,2023-04-16
9312,Laura,Henry,AK,Consumer,2024-11-14
9313,Jill,Bennett,VI,Consumer,2025-10-04
9314,Summer,Cook,WY,Business,2026-08-15
9315,Cynthia,Perez,GA,Consumer,2022-02-09
9316,Brianna,Sanchez,WA,Consumer,2024-09-18
9317,Donald,Cox,MN,Consumer,2025-12-30
9318,Clayton,Green,DC,Consumer,2026-04-17
9319,Benjamin,Marshall,MN,Business,2024-09-17
9320,Brianna,Banks,NY,Business,2022-12-07
9321,Donald,Armstrong,KS,Consumer,2025-08-30
9322,Glenn,Jones,DC,Consumer,2023-11-21
9323,Elizabeth,Maynard,AK,Business,2025-12-28
9324,David,Francis,NE,Consumer,2025-02-26
9325,William,Nicholson,OH,VIP,2025-10-23
9326,Jacob,Ramirez,MP,Consumer,2024-12-24
9327,Cynthia,Smith,VI,Consumer,2023-05-03
9328,Harold,Pugh,NV,Consumer,2025-12-28
9329,John,Walker,ID,Business,2024-07-27
9330,Kristin,Leach,VI,Consumer,2024-06-17
9331,Larry,Snyder,GU,Consumer,2024-06-28
9332,Ashley,Wilson,NH,Business,2022-11-02
9333,Austin,Miranda,KY,Consumer,2025-02-04
9334,Danielle,Mitchell,IL,Business,2023-08-09
9335,Anthony,Parks,DE,Consumer,2024-12-25
9336,Lisa,Merritt,NH,Consumer,2025-11-12
9337,Kylie,Keith,OH,Consumer,2025-06-16
9338,Elijah,Griffith,KY,Consumer,2025-02-18
9339,Daniel,Jones,GA,Business,2025-07-30
9340,Steven,Ward,MT,Consumer,2023-04-22
9341,Barbara,Lee,KS,Business,2025-11-24
9342,Erin,Merritt,IA,Consumer,2023-10-09
9343,Jill,Sosa,GA,Consumer,2022-09-14
9344,Karen,Shepard,WV,Consumer,2024-07-21
9345,James,Watkins,MN,Consumer,2023-11-12
9346,Alan,Mayer,DE,Business,2025-09-19
9347,Joshua,Smith,ND,Consumer,2026-01-21
9348,Jennifer,Pham,TN,Consumer,2024-08-21
9349,Kelly,Mcgee,MD,Consumer,2025-11-08
9350,Lisa,White,KS,Business,2025-07-09
9351,Adam,Ward,MS,Consumer,2022-03-26
9352,Kristopher,Berger,NM,VIP,2022-02-09
9353,Joshua,Sheppard,VI,Consumer,2025-01-25
9354,Deborah,Jones,WV,Consumer,2022-02-01
9355,Raymond,Guerrero,NC,Business,2024-03-24
9356,Jesse,Adkins,ID,Business,2023-08-20
9357,Jocelyn,Perez,CT,VIP,2022-01-05
9358,Helen,Johnson,AS,Business,2021-10-31
9359,Derrick,Ramirez,AR,Consumer,2025-05-13
9360,Martha,Smith,GU,VIP,2025-12-05
9361,Micheal,Rios,FM,Consumer,2022-01-06
9362,Thomas,Oneal,DC,Consumer,2022-01-22
9363,Victor,Clark,MI,Consumer,2024-05-24
9364,Ethan,Reid,CO,Consumer,2024-05-20
9365,Jonathan,Bailey,SD,Business,2025-11-14
9366,Sonia,Murray,AR,Business,2022-02-02
9367,Kelly,Holder,MH,Consumer,2026-04-15
9368,David,Wolfe,IN,Consumer,2022-12-11
9369,Ryan,Sutton,WV,Business,2023-06-11
9370,Fred,Powell,IL,Consumer,2024-12-16
9371,Maria,Sharp,NM,Business,2024-08-19
9372,Timothy,Hart,KY,Consumer,2026-07-23
9373,Rachel,Coleman,WI,Consumer,2025-11-08
9374,Brandon,Briggs,WI,Business,2025-11-19
9375,Brandon,Walker,AS,Business,2026-08-18
9376,Martin,Blair,MS,Consumer,2026-05-06
9377,William,Hamilton,GA,Consumer,2023-11-08
9378,Amy,Taylor,DC,Business,2025-06-11
9379,Alexandra,Torres,NY,Consumer,2023-09-29
9380,Cheryl,Suarez,VI,Consumer,2024-12-12
9381,Donna,Warner,IN,Business,2023-09-14
9382,Edgar,Torres,NM,Consumer,2021-12-09
9383,Lauren,Whitaker,MN,VIP,2024-12-09
9384,Michael,Friedman,FL,Consumer,2025-01-23
9385,Thomas,Steele,GU,Consumer,2026-07-13
9386,Ralph,Rowe,NH,Consumer,2025-02-11
9387,Barbara,Mercado,WV,Consumer,2022-10-10
9388,Christopher,Smith,MN,Consumer,2023-04-18
9389,Dana,Hodges,HI,Consumer,2025-04-12
9390,Mary,Walker,NJ,Consumer,2021-10-09
9391,James,Simmons,ID,Business,2026-04-26
9392,Shaun,Dixon,NH,Consumer,2024-04-24
9393,Chase,Mclaughlin,WI,Consumer,2022-05-17
9394,Ashley,Foley,MP,Consumer,2021-12-28
9395,Alyssa,Nelson,ND,Consumer,2023-08-15
9396,Mathew,Larson,MI,Consumer,2022-05-27
9397,Howard,Lewis,KS,Business,2023-01-26
9398,Sherri,Collins,RI,Consumer,2026-02-28
9399,Shawn,Green,RI,Consumer,2025-11-06
9400,Ruth,Crosby,OR,Business,2025-12-07
9401,Lori,Larson,TX,Consumer,2026-02-18
9402,William,Stokes,GU,Consumer,2024-03-11
9403,Mackenzie,May,MN,Consumer,2022-01-01
9404,Russell,Vaughan,PA,Consumer,2024-05-26
9405,Mary,Beasley,MT,Consumer,2025-06-13
9406,William,Cox,FL,Consumer,2024-11-27
9407,Edward,Webb,MI,Consumer,2023-03-29
9408,Melinda,Baker,HI,Consumer,2022-12-30
9409,Kelly,Ortiz,SD,Consumer,2025-08-04
9410,Gwendolyn,Miller,SC,Consumer,2026-03-10
9411,Linda,Flowers,NV,VIP,2022-09-09
9412,Kevin,Scott,WI,Consumer,2024-07-30
9413,Rachel,White,HI,Business,2023-10-12
9414,Michele,Johnson,NE,Consumer,2024-04-23
9415,Stacey,Jackson,CO,Business,2023-04-25
9416,Michael,Brandt,RI,Consumer,2022-07-03
9417,Stacy,Mcintyre,VA,Consumer,2024-10-14
9418,Destiny,Wright,UT,Consumer,2025-06-10
9419,Brian,Garner,NM,Consumer,2025-02-15
9420,Zachary,Perry,OH,Consumer,2026-01-23
9421,Cheryl,Floyd,MA,Consumer,2023-07-14
9422,Bradley,Collins,VT,Business,2026-01-06
9423,Kimberly,Wilson,NC,Consumer,2023-03-19
9424,Jennifer,Cantrell,OR,Consumer,2026-02-16
9425,Justin,Davis,AL,Consumer,2024-07-26
9426,Eric,Allen,AK,VIP,2026-01-15
9427,Lawrence,Acosta,IN,Consumer,2023-05-15
9428,Kevin,Poole,VI,Consumer,2022-04-23
9429,Karen,Cameron,MP,Consumer,2026-04-21
9430,Kyle,Nixon,GA,Consumer,2026-04-21
9431,Nathan,Owen,MT,VIP,2025-03-15
9432,Roberta,Ryan,PA,Consumer,2023-05-12
9433,Becky,Hicks,DC,Consumer,2022-09-26
9434,Joshua,Williams,AK,Consumer,2026-05-16
9435,James,Walter,OH,Business,2024-07-02
9436,Eric,Sanders,FL,Consumer,2025-11-08
9437,Amanda,Higgins,OK,Consumer,2025-12-30
9438,Nancy,Gardner,NV,Consumer,2023-04-30
9439,Bruce,Johnson,MI,Consumer,2023-12-21
9440,Ronald,Miller,ND,Consumer,2023-05-02
9441,Gary,Snyder,UT,Consumer,2023-02-08
9442,Kimberly,Shields,MI,Consumer,2022-11-17
9443,Samuel,Grimes,OR,Consumer,2026-03-05
9444,Wayne,Goodwin,NC,Consumer,2023-10-20
9445,Ian,Robertson,AR,Consumer,2024-01-13
9446,Michael,Walker,WV,Business,2022-09-14
9447,Matthew,Gray,ND,Consumer,2022-04-08
9448,Bradley,Gutierrez,OR,VIP,2022-06-14
9449,James,Wells,KY,Consumer,2025-08-02
9450,Kathryn,Valencia,AZ,Consumer,2025-02-06
9451,Robert,Brennan,MD,Consumer,2023-04-05
9452,Diane,Nelson,ID,Consumer,2022-07-06
9453,Robert,Smith,SC,Consumer,2026-03-06
9454,Virginia,Green,KS,Consumer,2023-06-17
9455,Derrick,Ward,MH,Consumer,2023-09-17
9456,Wanda,Wright,MA,Consumer,2023-01-06
9457,Eric,Roberts,MH,Consumer,2023-12-20
9458,Vanessa,Ray,ID,Consumer,2024-04-07
9459,Pamela,Anderson,SD,Consumer,2023-04-07
9460,Jennifer,Huerta,WV,Consumer,2022-05-04
9461,Kristine,Smith,IA,Consumer,2022-05-24
9462,Holly,Gentry,NY,Business,2021-09-18
9463,Stephanie,Franklin,MN,Consumer,2022-09-03
9464,Kelly,Baker,SD,Business,2024-06-14
9465,Christine,Harvey,UT,Consumer,2022-08-25
9466,Alex,Sanders,SD,Consumer,2023-02-24
9467,Catherine,Frazier,WY,Consumer,2026-07-27
9468,Brian,Solis,PR,Consumer,2026-01-24
9469,Adam,Jones,VT,Consumer,2022-01-17
9470,Colleen,Robinson,FM,Business,2023-12-26
9471,Kimberly,Campbell,AL,Consumer,2023-11-07
9472,Julie,Stafford,AS,Business,2022-02-01
9473,Matthew,Haney,WI,Consumer,2022-12-09
9474,Brittany,Clark,ID,Consumer,2023-04-29
9475,Kristen,Obrien,WY,Consumer,2021-12-24
9476,Eileen,Rosario,KY,Consumer,2022-01-02
9477,Sandra,Mitchell,PW,Consumer,2021-12-04
9478,Heather,Fernandez,GU,Business,2026-07-08
9479,Bryan,Jackson,NM,Business,2024-03-09
9480,Tammie,Fischer,PR,Consumer,2023-09-14
9481,Dawn,Rivera,OR,Consumer,2024-12-08
9482,Daniel,Watson,NV,Consumer,2022-03-11
9483,Christian,Clarke,IN,VIP,2023-01-10
9484,Andrew,Peters,NM,Consumer,2026-07-05
9485,Kevin,Brown,MN,Business,2023-01-25
9486,John,Thompson,NY,Consumer,2021-12-02
9487,Patricia,Bryan,FM,Consumer,2022-07-20
9488,Michelle,Sherman,MO,Business,2022-05-26
9489,Angela,Murphy,CT,Business,2021-12-17
9490,Morgan,Garcia,FL,Consumer,2026-07-22
9491,Brittany,Stephens,KY,Business,2025-04-20
9492,Brian,Medina,PA,Consumer,2023-12-28
9493,Christine,Duncan,DE,Consumer,2022-03-19
9494,Kimberly,Mitchell,NV,Consumer,2022-01-19
9495,Teresa,Moody,PW,Consumer,2026-02-10
9496,Austin,Rogers,PW,Consumer,2026-08-08
9497,Dwayne,Martinez,MD,Business,2021-12-03
9498,Franklin,Lee,IA,Consumer,2026-08-25
9499,Laura,Owens,PA,Business,2026-08-25
9500,Michael,Nunez,PR,Consumer,2024-11-27
9501,Jennifer,Meyer,OK,Consumer,2024-11-07
9502,Kevin,Gomez,OR,Consumer,2025-01-06
9503,Melissa,Martin,WA,Consumer,2024-02-04
9504,Kimberly,Walker,SC,Consumer,2026-01-11
9505,Debra,Nunez,HI,Business,2022-01-02
9506,Greg,Holmes,OK,Business,2023-08-31
9507,Elizabeth,Ross,MT,Consumer,2024-09-18
9508,Robert,Martin,OH,Consumer,2021-10-18
9509,Samantha,Martin,AK,Consumer,2023-09-01
9510,Brandon,White,VT,Consumer,2025-03-20
9511,Norma,Gray,MS,Consumer,2024-09-03
9512,Sarah,Hammond,PR,Consumer,2024-06-12
9513,Mark,Miller,VA,Consumer,2022-08-05
9514,Joshua,Fernandez,DE,Consumer,2024-06-18
9515,Jeremy,Thompson,OR,Consumer,2024-03-26
9516,Lisa,Shah,UT,Consumer,2026-03-02
9517,Nicole,Johnson,WV,Consumer,2024-04-02
9518,Benjamin,Baker,TN,Consumer,2023-07-03
9519,Madison,Christensen,CA,Business,2025-09-15
9520,Raymond,Nunez,VA,Consumer,2022-03-19
9521,Deborah,Collins,MT,Consumer,2023-12-24
9522,Laura,Franco,SD,Business,2023-06-21
9523,Cristina,Miller,WY,Consumer,2024-05-04
9524,Stephanie,Edwards,KY,Consumer,2024-11-13
9525,Teresa,Whitaker,KY,Consumer,2026-09-08
9526,Keith,Snyder,VI,Consumer,2022-03-24
9527,Isaac,Thomas,OK,Consumer,2026-02-18
9528,Jeffrey,Smith,DE,Consumer,2023-12-16
9529,Gabriella,Walker,MA,Consumer,2022-08-06
9530,Justin,White,NC,Business,2025-05-30
9531,Brian,Jones,DC,Consumer,2023-04-14
9532,Heather,Williamson,AL,Consumer,2023-04-26
9533,Elizabeth,Parker,NE,Consumer,2026-07-24
9534,Kathleen,Stephenson,MS,Consumer,2022-09-05
9535,Chase,Miller,NV,Consumer,2026-05-14
9536,Brittany,Bush,MO,Business,2025-05-14
9537,Alexander,Best,KS,Business,2026-06-29
9538,Denise,Rose,AZ,VIP,2024-05-31
9539,Lori,Robbins,MO,Business,2024-02-11
9540,William,Ramsey,NE,Consumer,2023-09-16
9541,Craig,Buck,AK,Consumer,2023-01-16
9542,Cory,Hodges,NJ,Consumer,2026-08-01
9543,Mark,Martin,MD,Consumer,2025-12-21
9544,Joyce,Wallace,NH,Consumer,2026-07-03
9545,Tasha,Wright,RI,Consumer,2024-10-26
9546,Nicole,Blair,VI,Business,2023-09-26
9547,Scott,Hill,TX,Consumer,2026-05-07
9548,Bruce,Madden,RI,Consumer,2025-09-16
9549,Craig,Lewis,KS,Consumer,2024-05-05
9550,Angie,Anderson,DC,VIP,2022-10-29
9551,Michael,Greene,MS,Business,2025-07-08
9552,Hannah,Lee,AR,Consumer,2023-07-30
9553,Lori,Thompson,GA,Consumer,2024-03-28
9554,Patricia,Morris,MN,Business,2022-04-07
9555,John,Price,MO,Consumer,2025-09-23
9556,Katherine,Ortega,IL,Consumer,2024-01-24
9557,Amanda,Russell,NH,Business,2023-11-25
9558,Michele,Odom,PW,Consumer,2025-01-13
9559,Steven,Gonzales,AL,Consumer,2022-02-13
9560,Jonathan,Stanley,WV,Consumer,2022-10-21
9561,Jessica,Smith,OR,Business,2022-12-22
9562,Lori,Hooper,VT,Consumer,2023-12-17
9563,Vincent,Hancock,PW,Consumer,2022-08-01
9564,Troy,Walsh,MT,Consumer,2021-11-26
9565,Dustin,Sparks,CA,Business,2022-01-31
9566,Joshua,Morales,KY,Consumer,2023-03-26
9567,Aaron,Thompson,CO,VIP,2025-08-20
9568,Joseph,Lewis,MT,Business,2025-03-18
9569,Jennifer,Solomon,HI,Business,2025-12-20
9570,James,Myers,WV,Consumer,2022-05-08
9571,Dylan,Beck,PW,Consumer,2024-12-18
9572,Lydia,Reyes,MI,Consumer,2024-07-02
9573,Deanna,Wood,OR,VIP,2023-10-04
9574,Claire,Taylor,NH,Consumer,2022-02-17
9575,Dorothy,Vasquez,NC,Consumer,2026-06-05
9576,Dana,Martin,LA,Consumer,2024-11-04
9577,Michael,Fernandez,VA,Consumer,2026-08-26
9578,Steven,Bowman,SD,Consumer,2026-08-29
9579,Lucas,Davies,AR,Business,2023-07-27
9580,Natalie,May,SC,Consumer,2024-03-18
9581,Raymond,Thomas,ND,Consumer,2026-04-09
9582,Sherri,Stanley,NH,Consumer,2022-08-25
9583,Jordan,Campos,WA,Consumer,2022-12-31
9584,Matthew,Huff,VA,Consumer,2022-09-25
9585,Paul,Romero,HI,Consumer,2024-01-12
9586,Sara,Martin,CT,Consumer,2026-01-12
9587,Mary,Myers,MO,Consumer,2023-02-02
9588,Karen,Williams,TX,Consumer,2023-08-29
9589,Linda,Greer,TX,Consumer,2021-12-02
9590,Kevin,Acosta,MD,Consumer,2023-09-18
9591,Steven,Garza,ND,VIP,2023-09-13
9592,Nichole,Sanchez,TX,Business,2025-01-24
9593,Alexander,Nelson,CO,VIP,2022-11-17
9594,Elizabeth,Keith,MT,Consumer,2024-07-14
9595,Misty,Walls,IA,Consumer,2021-11-03
9596,Amy,Smith,FL,Consumer,2022-04-06
9597,Michele,Guerra,AL,Consumer,2025-03-20
9598,Erika,Johnson,VI,Consumer,2021-10-22
9599,Patrick,Robinson,NV,Consumer,2021-11-24
9600,Cynthia,Blankenship,VT,Consumer,2025-06-25
9601,Christina,Mclean,GA,Consumer,2022-10-06
9602,Darryl,Foley,MO,Consumer,2024-07-05
9603,Raymond,Benton,TX,Business,2025-02-08
9604,Kathryn,Smith,ND,Business,2023-01-10
9605,Angela,Brady,LA,Business,2023-07-01
9606,Aaron,Horne,MD,Consumer,2025-03-28
9607,Mark,Camacho,FL,VIP,2025-07-04
9608,Anna,Mitchell,RI,Consumer,2022-09-26
9609,Brad,Hill,CT,Consumer,2022-04-22
9610,Julie,Harrison,HI,Business,2022-03-23
9611,Kelly,Velez,NY,Business,2025-09-14
9612,Stacy,Shannon,OH,Consumer,2022-03-06
9613,Nancy,Smith,ME,Consumer,2023-08-07
9614,Ryan,Smith,NM,Consumer,2025-12-20
9615,Amy,Porter,PA,Consumer,2023-09-20
9616,Tina,Richardson,MD,Consumer,2026-09-02
9617,Elizabeth,Cochran,NJ,Consumer,2025-06-27
9618,Kathryn,Smith,WV,Consumer,2023-09-05
9619,Tara,Sims,IN,Business,2023-05-29
9620,Jennifer,Solis,FM,Business,2022-02-18
9621,Jacob,Martinez,PW,Consumer,2023-09-09
9622,Michael,Oneill,NH,Consumer,2022-03-10
9623,Antonio,Jones,CO,Consumer,2026-05-21
9624,Justin,Johnson,WA,Consumer,2024-08-12
9625,Christopher,Haynes,MP,Consumer,2026-04-25
9626,Jordan,Young,HI,VIP,2021-12-30
9627,Amy,Anderson,KS,Consumer,2026-09-12
9628,Jason,Williams,MI,Consumer,2023-12-29
9629,Joshua,Hughes,NJ,Consumer,2026-06-27
9630,Catherine,Edwards,WV,Consumer,2021-12-04
9631,Amanda,Ochoa,OK,Consumer,2022-03-12
9632,Robert,Larson,PA,Consumer,2024-11-26
9633,Randall,Richardson,SC,Consumer,2023-12-18
9634,Ricardo,Walsh,AR,Consumer,2022-03-26
9635,Carly,Cox,HI,Consumer,2023-04-20
9636,Megan,Horton,MS,Consumer,2021-12-01
9637,Anthony,Powers,MH,Consumer,2023-08-06
9638,Christopher,Hodges,NH,Consumer,2025-12-26
9639,Daniel,Mejia,MP,Business,2023-11-15
9640,Jason,Cohen,AS,Consumer,2022-02-19
9641,Diana,Leonard,SC,Consumer,2025-04-24
9642,Erika,Floyd,FL,VIP,2024-01-13
9643,Joshua,Young,NY,Consumer,2022-01-24
9644,Jonathan,Castro,MT,Consumer,2024-12-28
9645,James,Santos,CT,Consumer,2023-09-21
9646,Andrew,Dominguez,VA,Consumer,2022-01-18
9647,Jason,Thompson,HI,Consumer,2022-02-19
9648,Rachel,Warner,IN,Consumer,2026-07-31
9649,Joseph,Maldonado,NH,Consumer,2025-08-03
9650,Susan,Thomas,DC,Consumer,2024-07-12
9651,Susan,Daniels,ID,Business,2022-06-05
9652,Nicole,Johnson,TN,Business,2023-12-02
9653,Stephanie,Stevenson,NJ,Consumer,2026-02-15
9654,Adam,Brown,WV,Consumer,2024-04-10
9655,Isaac,Obrien,WA,Consumer,2025-11-21
9656,Dawn,Galloway,HI,Business,2025-06-08
9657,Jessica,Mckenzie,GU,Business,2023-03-24
9658,Denise,Rhodes,IA,Consumer,2023-12-13
9659,Claudia,Willis,UT,Consumer,2024-04-07
9660,James,Young,IN,Consumer,2024-11-18
9661,Brandon,Perez,TX,Consumer,2022-12-08
9662,Mandy,Bishop,IL,Consumer,2023-05-24
9663,Maria,Martinez,MA,Consumer,2025-04-29
9664,Thomas,Nelson,NC,Business,2024-05-30
9665,Emily,Mitchell,NJ,Consumer,2026-07-02
9666,Julia,Mccormick,MI,Consumer,2025-08-13
9667,Laura,Skinner,VA,Consumer,2025-07-26
9668,Blake,Crosby,WY,Business,2025-07-27
9669,Nancy,Collins,MN,Consumer,2022-12-29
9670,Peter,Ray,SD,Consumer,2022-05-10
9671,Jason,Carroll,DC,Consumer,2022-01-11
9672,Thomas,Martin,WA,Consumer,2022-08-09
9673,Lisa,Padilla,TX,Consumer,2023-05-21
9674,Ryan,Spears,IN,Consumer,2026-05-25
9675,Franklin,Meadows,MS,Business,2022-06-22
9676,Maria,Rodriguez,OH,Consumer,2023-07-09
9677,Nathan,Harper,SC,Consumer,2022-02-24
9678,Aaron,Johnson,CA,Business,2022-05-29
9679,Ricky,Cox,WY,Consumer,2024-04-29
9680,Robert,Savage,LA,Consumer,2022-12-25
9681,Michael,Farrell,AK,Consumer,2024-09-23
9682,Keith,Bean,AR,Consumer,2026-07-11
9683,Ryan,Hobbs,WV,Consumer,2025-10-15
9684,Timothy,Allison,VT,Consumer,2022-11-19
9685,Kyle,Murphy,RI,Consumer,2024-12-13
9686,Alexander,Mitchell,VI,Business,2022-01-16
9687,Matthew,Flynn,KY,Consumer,2025-11-01
9688,Crystal,Barnett,AK,Consumer,2021-12-09
9689,Monica,Calderon,MP,Consumer,2026-04-08
9690,Jacob,Ibarra,OK,Consumer,2024-03-21
9691,Dana,Garcia,FM,Consumer,2026-07-11
9692,James,Herrera,CO,Consumer,2022-06-21
9693,Marie,Robinson,FM,Consumer,2024-12-26
9694,Kevin,Smith,FM,Consumer,2025-05-14
9695,Devin,Harris,FL,Consumer,2025-08-17
9696,Gregg,Maldonado,WV,Consumer,2022-10-07
9697,Joshua,Colon,AL,VIP,2021-11-17
9698,David,King,UT,Consumer,2022-07-31
9699,Thomas,Raymond,NV,Consumer,2022-06-13
9700,Charles,Diaz,SD,Consumer,2023-12-12
9701,Alexandra,Kemp,OK,Consumer,2024-09-29
9702,John,Salinas,TX,Consumer,2022-09-30
9703,Traci,Fields,TX,Business,2025-08-07
9704,Stephen,Mcbride,NE,Business,2022-12-24
9705,Billy,Melton,IA,Consumer,2026-02-14
9706,Melanie,Howard,IA,Consumer,2023-02-09
9707,Nicole,White,NY,Consumer,2023-09-26
9708,Julie,Adkins,OR,Consumer,2024-03-25
9709,Kaitlin,Patterson,ME,Consumer,2025-05-10
9710,Tammy,Ferguson,AS,Consumer,2026-05-15
9711,Pamela,Moreno,WY,Consumer,2024-12-26
9712,Jesse,Smith,OR,Consumer,2026-07-17
9713,Benjamin,Diaz,MN,VIP,2024-09-21
9714,Brittany,Henderson,NC,Consumer,2024-12-21
9715,Madison,Davidson,GA,Business,2025-01-26
9716,Angela,Ward,CO,Consumer,2022-12-08
9717,Sylvia,Buckley,MO,Consumer,2022-11-05
9718,Christine,Graham,TX,Consumer,2022-01-13
9719,Brandon,Gross,CO,Consumer,2026-06-16
9720,John,Campbell,WA,Consumer,2024-12-11
9721,Jessica,Payne,PA,Consumer,2022-04-01
9722,Robin,Esparza,MD,Consumer,2023-07-22
9723,Kyle,Owens,AR,Consumer,2023-04-30
9724,Lisa,Fisher,CT,Consumer,2024-06-15
9725,Ashley,Newman,IN,Consumer,2023-01-17
9726,Michael,Beard,MI,VIP,2025-06-14
9727,Jessica,Myers,DC,Consumer,2022-01-21
9728,Diane,White,AS,Consumer,2021-12-01
9729,Jeff,Stewart,NH,Consumer,2023-11-10
9730,Amanda,Lane,AZ,Consumer,2026-02-04
9731,Ashley,Cruz,MH,Consumer,2023-07-09
9732,Stephen,Wagner,ND,Consumer,2026-06-09
9733,Joseph,Gonzalez,NE,Consumer,2026-02-08
9734,Jeffrey,Hill,NV,Consumer,2022-02-15
9735,Amber,Campbell,CO,Consumer,2025-12-17
9736,David,Wiley,PW,Business,2022-09-29
9737,David,Davis,ID,Consumer,2026-05-07
9738,John,Gonzalez,PW,Consumer,2023-06-16
9739,Michael,Burton,OK,Consumer,2021-12-11
9740,Sharon,Welch,ND,Consumer,2023-07-11
9741,David,Larson,KY,Consumer,2023-05-12
9742,Kelly,Morales,OH,Consumer,2024-09-19
9743,Trevor,Washington,AR,Business,2022-06-25
9744,Carla,Bishop,NV,Consumer,2023-11-05
9745,Laurie,Sosa,DE,Consumer,2025-04-10
9746,Dawn,Hall,OH,Consumer,2026-07-05
9747,John,Franklin,OR,Consumer,2024-03-29
9748,Kevin,Jordan,AK,Consumer,2025-10-19
9749,Angel,Hernandez,LA,Business,2023-03-03
9750,Erin,Perkins,VT,Consumer,2022-11-08
9751,Vanessa,Hernandez,OH,Consumer,2024-01-12
9752,Susan,Lawson,AK,Consumer,2023-03-17
9753,Linda,Young,MT,Consumer,2025-06-19
9754,Elizabeth,Brock,CA,Consumer,2022-03-15
9755,Caitlyn,Dunn,FM,VIP,2022-03-03
9756,Joshua,Rollins,LA,Consumer,2022-08-09
9757,John,Buchanan,ME,Business,2022-01-08
9758,Brandon,Mendoza,RI,VIP,2025-03-12
9759,Leslie,Evans,TX,Consumer,2024-12-27
9760,Alexis,Wagner,VT,Consumer,2026-05-05
9761,Karen,Buchanan,OK,Business,2022-11-19
9762,Gregory,Hudson,MH,Business,2026-08-27
9763,Shane,Benson,IA,Consumer,2022-08-23
9764,Emily,Moss,MO,Consumer,2024-07-28
9765,Tristan,Pruitt,NM,Consumer,2025-03-30
9766,Margaret,Velazquez,MP,Business,2024-11-07
9767,Larry,Higgins,WY,Consumer,2025-10-27
9768,Jennifer,Knight,LA,Consumer,2023-02-21
9769,Matthew,Roberts,KS,Consumer,2022-09-12
9770,Ralph,Ortiz,MH,VIP,2023-10-05
9771,Mark,Perry,AR,Business,2025-09-06
9772,Nicole,Sosa,NJ,Business,2023-11-08
9773,Kevin,Ellis,CT,Business,2025-04-14
9774,Kevin,Gonzalez,NH,Business,2024-05-16
9775,Brandon,Sullivan,NY,Consumer,2024-03-03
9776,Jennifer,Burnett,VA,Consumer,2022-07-06
9777,Danielle,Bowen,WY,Consumer,2026-02-05
9778,Judy,Rodriguez,CO,Consumer,2023-12-09
9779,William,Cruz,MN,Consumer,2025-10-17
9780,Hunter,Johnson,NV,Consumer,2021-12-25
9781,John,West,TX,Business,2023-07-02
9782,Alyssa,Kelley,NY,Consumer,2025-10-31
9783,Jeremy,Morgan,LA,Consumer,2023-05-04
9784,Robert,Massey,MH,Business,2022-12-08
9785,Sarah,Miller,GA,Consumer,2024-12-05
9786,Shelby,Nash,IL,Consumer,2023-08-16
9787,Steven,Martin,MT,Business,2022-10-13
9788,Marie,Lopez,AZ,Consumer,2025-03-25
9789,Brian,Warren,CT,Consumer,2025-09-23
9790,Jacob,Burke,TX,Business,2026-02-11
9791,John,Shelton,CA,Business,2021-12-19
9792,Michael,Gibson,VT,Consumer,2022-08-17
9793,Christina,Ray,MI,Consumer,2025-03-26
9794,Stephanie,Johnson,NH,Business,2022-05-24
9795,Robert,Haley,AK,Business,2024-04-05
9796,Jeffrey,Coleman,MN,Business,2026-07-11
9797,Robert,Craig,CO,Business,2023-11-30
9798,Harold,Holt,NM,Consumer,2025-05-19
9799,Victoria,Miller,DC,Consumer,2025-11-03
9800,Melinda,Webb,AR,Consumer,2025-08-03
9801,Gregory,Shea,VT,Consumer,2024-08-05
9802,Ray,Mann,MP,Consumer,2023-01-12
9803,Terri,Nelson,LA,Consumer,2023-07-24
9804,Alyssa,Reyes,WA,VIP,2023-09-05
9805,Kelly,Morton,TX,Consumer,2024-08-22
9806,Scott,May,NV,Consumer,2026-06-11
9807,Sharon,Garcia,TN,Consumer,2023-06-04
9808,Timothy,Horn,WY,Consumer,2024-06-16
9809,William,Delacruz,SD,Consumer,2025-08-19
9810,Brandon,Contreras,TN,Consumer,2024-09-23
9811,Adam,Christensen,PA,Consumer,2023-07-13
9812,Cassandra,Rodriguez,TX,Consumer,2023-06-28
9813,Katie,Navarro,MP,Business,2026-01-25
9814,Michael,Edwards,WI,Consumer,2023-09-16
9815,Susan,Gonzales,WI,Business,2025-11-05
9816,Matthew,Mcfarland,CT,VIP,2024-10-27
9817,Krista,Love,IL,Consumer,2023-01-30
9818,Jeremy,Lee,MS,Consumer,2025-12-27
9819,Nicholas,Nichols,OH,Consumer,2023-12-15
9820,Noah,Leach,FM,Business,2021-10-03
9821,Mark,Davis,UT,Consumer,2022-08-27
9822,Timothy,Frye,NE,Consumer,2022-05-21
9823,Terri,Sims,CO,VIP,2024-11-09
9824,Devin,Cook,CT,Business,2025-12-24
9825,Daisy,Perry,WI,Consumer,2022-01-17
9826,Melissa,Mcdaniel,AK,Consumer,2023-05-16
9827,James,Baldwin,NH,Consumer,2023-09-11
9828,Benjamin,Le,MO,Consumer,2023-05-13
9829,Phillip,Phelps,HI,Consumer,2024-03-05
9830,Kyle,Adkins,CT,Consumer,2024-02-07
9831,Samantha,Jenkins,PA,Business,2022-12-16
9832,Heather,Fisher,MN,Consumer,2026-06-26
9833,Aaron,Brown,NJ,Consumer,2024-09-28
9834,Deanna,Buchanan,ME,Consumer,2021-09-26
9835,Rose,Lucas,RI,Consumer,2025-12-14
9836,Tracey,Garcia,NC,Business,2023-06-11
9837,David,Harper,OH,Consumer,2024-09-05
9838,Sarah,Spencer,VA,Consumer,2022-06-17
9839,Tyler,Davis,TN,Consumer,2025-10-10
9840,Jeffery,Buchanan,GA,Consumer,2026-05-07
9841,Steven,Atkinson,CA,Consumer,2026-07-31
9842,Tyler,Norris,NE,Consumer,2024-08-10
9843,Penny,Fields,AK,Consumer,2021-12-27
9844,James,Shepherd,NC,Consumer,2021-10-01
9845,Jessica,Castro,MP,Consumer,2024-09-29
9846,Zoe,Anderson,AL,Consumer,2026-06-10
9847,Benjamin,Liu,ME,Consumer,2025-12-18
9848,William,Massey,SC,Consumer,2022-08-27
9849,Brenda,Martin,VA,Consumer,2023-05-19
9850,Scott,Ramos,MP,Consumer,2024-01-10
9851,John,Kelly,HI,Business,2023-06-11
9852,Jason,Yates,TN,Business,2022-12-09
9853,Valerie,Solomon,IN,Consumer,2021-09-19
9854,Dennis,Maldonado,PR,Consumer,2022-11-03
9855,Jasmine,Blake,AK,Business,2023-03-04
9856,Don,Boyd,MS,Consumer,2024-06-30
9857,Teresa,Smith,PR,Consumer,2025-06-27
9858,Amy,Fisher,NJ,Consumer,2024-05-29
9859,Janet,Craig,AZ,Consumer,2023-11-19
9860,Rachel,Chandler,TX,Business,2022-01-09
9861,Christina,Moore,TN,Consumer,2025-05-16
9862,Laura,Moore,WV,Consumer,2025-06-03
9863,Nicholas,Nicholson,SC,Consumer,2024-08-04
9864,Gary,Turner,CO,Consumer,2023-09-15
9865,Troy,Odonnell,AL,Consumer,2024-04-25
9866,Cheryl,Taylor,NC,Business,2026-01-15
9867,April,Roberts,IA,Consumer,2025-03-16
9868,Victoria,Patterson,SC,Consumer,2022-11-07
9869,Brian,West,TX,Business,2022-11-19
9870,Max,Parker,HI,Consumer,2023-08-05
9871,Brooke,Thornton,OR,Consumer,2023-04-09
9872,Timothy,Pugh,HI,Business,2026-07-07
9873,Joseph,Murillo,TN,Consumer,2024-06-02
9874,Stephen,King,CO,Consumer,2026-02-15
9875,Bonnie,Harris,PR,Consumer,2022-08-18
9876,Christine,Gibson,IN,Consumer,2026-06-28
9877,Paul,Peterson,MH,Consumer,2024-12-15
9878,Eugene,Blankenship,TN,Business,2024-02-20
9879,Jenny,Collins,AK,Consumer,2022-08-20
9880,Rebecca,Gibbs,NV,Consumer,2024-06-21
9881,Mckenzie,Smith,PW,Consumer,2023-08-25
9882,Kristi,Porter,KY,Consumer,2025-04-04
9883,Amy,Porter,OK,Consumer,2025-08-17
9884,Matthew,Berg,CT,Consumer,2021-10-07
9885,Sherri,Gray,PW,Consumer,2023-08-08
9886,Roberta,Martinez,TN,VIP,2026-05-19
9887,Travis,Ferguson,HI,VIP,2022-01-01
9888,David,Garcia,FL,Consumer,2024-10-07
9889,Kimberly,Castro,MD,Consumer,2021-09-28
9890,Mathew,Brady,NH,Consumer,2022-04-16
9891,Glenn,Clark,OH,VIP,2022-10-11
9892,David,Rose,NM,Consumer,2023-12-02
9893,Todd,Williams,CA,Consumer,2023-08-16
9894,Jennifer,Garcia,MO,Consumer,2025-12-26
9895,Tim,Atkins,NV,Consumer,2023-10-03
9896,Anthony,Reilly,NE,Business,2026-02-01
9897,Ashley,Moss,TN,Consumer,2021-11-16
9898,Chelsea,King,MA,Consumer,2023-05-27
9899,Vanessa,Mckinney,OR,VIP,2025-03-29
9900,Richard,Taylor,OR,Consumer,2022-07-12
9901,Christopher,Smith,FM,Consumer,2022-10-19
9902,James,Stevens,MN,Business,2026-01-03
9903,Sarah,Thomas,CA,Consumer,2022-10-15
9904,Ann,Thompson,SC,Consumer,2024-12-11
9905,Michael,Benjamin,ID,Business,2024-02-09
9906,Jennifer,Tapia,UT,Consumer,2023-07-28
9907,Kristy,Ochoa,AR,VIP,2026-04-03
9908,Theresa,Torres,WA,Consumer,2023-10-09
9909,Ashley,Rojas,PA,Consumer,2024-01-27
9910,James,Duke,PW,Business,2026-02-06
9911,Matthew,Holden,IA,VIP,2022-03-15
9912,John,Carroll,OR,Consumer,2024-06-11
9913,David,Perry,VI,Consumer,2022-07-20
9914,Alex,Gray,RI,Consumer,2023-08-17
9915,Ethan,Clay,NE,Consumer,2024-09-02
9916,Mary,Lopez,ME,Consumer,2024-02-13
9917,Zachary,Flowers,MA,Consumer,2023-06-19
9918,Leslie,Frank,ND,Business,2024-10-03
9919,Barbara,Mueller,SD,Business,2026-03-07
9920,Tracy,Fox,ID,Business,2023-04-14
9921,Joseph,Boyd,SC,Business,2023-02-03
9922,Steven,Davis,MP,VIP,2023-04-27
9923,Bianca,Lin,TN,Consumer,2022-07-31
9924,Michael,Simmons,WI,Consumer,2024-01-10
9925,Jared,Camacho,VA,Consumer,2022-04-15
9926,Christine,Mcbride,MO,Business,2025-09-15
9927,Steven,Bryant,GA,Consumer,2024-04-24
9928,Stacy,Porter,WY,Consumer,2026-06-03
9929,Laura,Cortez,MH,Consumer,2024-06-04
9930,Amanda,Bennett,CT,Consumer,2024-03-31
9931,Lisa,Bryant,SC,Consumer,2025-12-22
9932,Autumn,Nichols,CT,Consumer,2022-01-29
9933,Carol,Clark,MT,Consumer,2022-11-05
9934,Christopher,Bond,NJ,Consumer,2022-11-10
9935,Brittany,Rivera,WV,Business,2022-03-07
9936,Justin,Richardson,CT,Consumer,2023-01-19
9937,Tina,Rodriguez,WY,Consumer,2023-06-06
9938,Ellen,Jackson,MH,Consumer,2026-09-08
9939,James,Hurley,WV,Consumer,2025-01-09
9940,Mary,White,ID,Consumer,2022-09-04
9941,Thomas,Bentley,MN,Consumer,2024-09-30
9942,Melanie,Nash,MD,Consumer,2024-04-09
9943,Reginald,Wright,AL,Consumer,2022-02-17
9944,Nicholas,Willis,WI,Consumer,2026-03-20
9945,Aaron,Lewis,KS,VIP,2022-05-16
9946,Jennifer,Hurley,NM,Consumer,2023-02-02
9947,Dylan,Campos,VI,Business,2023-10-20
9948,Jonathan,Jackson,CO,Consumer,2025-01-14
9949,Samantha,Newton,PW,Consumer,2021-09-17
9950,Kevin,Garcia,NY,Consumer,2024-03-20
9951,David,Johnson,PW,Consumer,2025-01-10
9952,Caroline,Johnson,ND,Consumer,2023-05-26
9953,Joy,Wright,WA,Consumer,2026-08-09
9954,Timothy,Murray,AL,Consumer,2022-03-17
9955,Steven,Morris,WV,Consumer,2022-03-16
9956,Mitchell,Travis,PA,Business,2021-10-01
9957,Elizabeth,Gallegos,MI,Consumer,2024-03-15
9958,Troy,Finley,GU,Consumer,2022-04-29
9959,Melinda,Mcfarland,IN,Business,2021-11-15
9960,Michele,Brown,TN,Consumer,2022-01-07
9961,Whitney,Johnson,AR,Consumer,2025-03-25
9962,Shane,Smith,HI,Consumer,2022-07-28
9963,Misty,Mccann,CA,Consumer,2025-05-04
9964,Cynthia,Diaz,VA,Business,2024-02-26
9965,Natasha,White,TN,Consumer,2024-07-04
9966,Matthew,Hull,HI,Business,2023-12-30
9967,Rachel,Martinez,AK,Consumer,2022-10-31
9968,Ryan,Davis,MT,Consumer,2022-08-01
9969,Chelsea,Carter,DC,Consumer,2026-06-18
9970,Judith,Bennett,NY,Consumer,2023-06-09
9971,Gabriella,Moody,MT,Consumer,2023-02-12
9972,William,Forbes,DC,Consumer,2023-06-04
9973,Kimberly,Hamilton,MH,Consumer,2022-11-01
9974,Brandon,Patterson,PW,Consumer,2022-05-30
9975,Zachary,Garcia,PA,Consumer,2025-06-18
9976,Edward,Hays,NH,Consumer,2026-01-28
9977,Katelyn,Shaw,SC,Consumer,2023-04-28
9978,Christopher,Ferguson,MT,Consumer,2023-08-08
9979,Madeline,Jennings,DC,Business,2026-06-02
9980,Daniel,Ballard,TN,Consumer,2025-08-15
9981,James,Mitchell,DC,Consumer,2026-03-05
9982,Sarah,Villegas,GU,Business,2023-01-18
9983,Jessica,Walter,DC,Consumer,2023-07-23
9984,Dustin,Madden,CA,Consumer,2023-09-10
9985,Joshua,Harris,NE,Consumer,2024-12-20
9986,Megan,Matthews,NH,VIP,2022-06-15
9987,Courtney,Hill,VI,VIP,2024-07-07
9988,Michelle,Jones,RI,Consumer,2024-12-24
9989,Bradley,Oliver,VA,Business,2023-05-27
9990,Michael,Archer,OR,Business,2026-07-07
9991,Andrea,Myers,DE,Consumer,2023-08-01
9992,Matthew,Nelson,NV,Consumer,2023-06-11
9993,Daniel,Myers,VA,Business,2026-05-31
9994,Rachel,Torres,SC,Business,2026-03-13
9995,Jimmy,Bryant,HI,Consumer,2022-04-13
9996,Donna,Page,DC,Business,2025-01-16
9997,Henry,Miller,IA,Consumer,2026-08-16
9998,Michael,Ward,MT,Consumer,2024-06-13
9999,William,Mcguire,NC,Consumer,2023-12-09
10000,Steven,Snyder,MP,Consumer,2022-06-06
