ProductID,ProductName,Category,Subcategory,SupplierID,Cost,Price,ProductStatus
1,River Kayaks,Kayaking,Kayaks,9,187.97,327.6,Active
2,Explorer Kayaks,Kayaking,Kayaks,14,111.26,160.41,Active
3,Professional Rods,Fishing,Rods,35,57.72,133.32,Discontinued
4,Ultralight Trekking Poles,Hiking,Trekking Poles,49,76.77,200.91,Active
5,Aluminum Paddles,Kayaking,Paddles,49,76.69,130.48,Active
6,Explorer Tents,Camping,Tents,39,33.21,85.9,Active
7,Rechargeable Lighting,Camping,Lighting,25,138.69,383.11,Active
8,Tournament Reels,Fishing,Reels,37,158.44,412.96,Active
9,River Kayaks,Kayaking,Kayaks,6,168.7,418.76,Active
10,Trail Comfort Sleeping Bags,Camping,Sleeping Bags,11,118.82,305.1,Active
11,StormGuard Jackets,Apparel,Jackets,42,74.07,200.83,Active
12,Professional Rods,Fishing,Rods,25,184.99,301.3,Active
13,Explorer Kayaks,Kayaking,Kayaks,4,87.83,217.44,Active
14,Trail Comfort Sleeping Bags,Camping,Sleeping Bags,37,74.26,125.9,Active
15,Aluminum Trekking Poles,Hiking,Trekking Poles,10,222.32,511.33,Active
16,Adventure Backpacks,Hiking,Backpacks,38,144.73,255.86,Discontinued
17,Pro Reels,Fishing,Reels,33,62.64,175.18,Discontinued
18,Alpine Tents,Camping,Tents,44,46.68,75.81,Discontinued
19,Lake Rods,Fishing,Rods,34,101.59,283.9,Active
20,Professional Rods,Fishing,Rods,35,182.97,430.78,Active
21,Carbon Paddles,Kayaking,Paddles,1,80.44,130.43,Active
22,Professional Rods,Fishing,Rods,20,229.03,599.77,Active
23,Carbon Trekking Poles,Hiking,Trekking Poles,34,139.45,347.24,Active
24,Pro Reels,Fishing,Reels,57,14.67,39.62,Active
25,Trail Backpacks,Hiking,Backpacks,6,220.72,601.62,Discontinued
26,LED Camp Lighting,Camping,Lighting,36,40.81,84.29,Active
27,Performance Shirts,Apparel,Shirts,45,232.94,572.42,Active
28,Aluminum Paddles,Kayaking,Paddles,29,248.84,574.78,Discontinued
29,Summit Tents,Camping,Tents,36,25.37,36.27,Active
30,River Rods,Fishing,Rods,15,27.04,61.75,Active
31,Cold Weather Sleeping Bags,Camping,Sleeping Bags,32,133.4,238.77,Active
32,Professional Rods,Fishing,Rods,31,234.52,515.82,Active
33,Runner Trail Shoes,Footwear,Trail Shoes,23,32.64,75.81,Discontinued
34,Explorer Trail Shoes,Footwear,Trail Shoes,42,23.0,53.24,Active
35,Mountain Sleeping Bags,Camping,Sleeping Bags,16,91.43,238.3,Active
36,Carbon Trekking Poles,Hiking,Trekking Poles,16,111.25,199.13,Active
37,Summit Hiking Boots,Footwear,Hiking Boots,1,166.51,359.13,Active
38,Explorer Backpacks,Hiking,Backpacks,26,126.55,215.04,Active
39,Carbon Trekking Poles,Hiking,Trekking Poles,51,246.47,436.57,Discontinued
40,Moisture Shirts,Apparel,Shirts,36,239.76,669.79,Discontinued
41,Explorer Backpacks,Hiking,Backpacks,48,62.25,92.25,Active
42,Carbon Paddles,Kayaking,Paddles,59,22.03,45.55,Active
43,LED Camp Lighting,Camping,Lighting,5,214.32,320.61,Active
44,Mountain Hiking Boots,Footwear,Hiking Boots,40,69.09,154.23,Active
45,Adventure Trail Shoes,Footwear,Trail Shoes,16,59.02,141.81,Active
46,Mountain Hiking Boots,Footwear,Hiking Boots,60,164.92,336.46,Active
47,Mountain Sleeping Bags,Camping,Sleeping Bags,5,249.63,697.6,Active
48,Spin Reels,Fishing,Reels,57,233.98,616.12,Active
49,Performance Shirts,Apparel,Shirts,20,115.16,248.8,Active
50,Carbon Paddles,Kayaking,Paddles,8,235.34,373.72,Active
51,Ocean Kayaks,Kayaking,Kayaks,22,77.62,131.56,Active
52,Aluminum Paddles,Kayaking,Paddles,4,70.27,187.72,Active
53,Aluminum Paddles,Kayaking,Paddles,9,20.58,38.42,Active
54,Ultralight Trekking Poles,Hiking,Trekking Poles,8,179.36,391.95,Active
55,Explorer Kayaks,Kayaking,Kayaks,36,18.65,35.75,Active
56,Summit Hiking Boots,Footwear,Hiking Boots,51,83.98,223.27,Active
57,StormGuard Jackets,Apparel,Jackets,50,69.89,107.9,Discontinued
58,River Rods,Fishing,Rods,52,217.51,601.78,Active
59,Summit Hiking Boots,Footwear,Hiking Boots,60,186.78,348.36,Discontinued
60,Ocean Kayaks,Kayaking,Kayaks,25,48.21,114.83,Active
61,Summit Hiking Boots,Footwear,Hiking Boots,20,205.98,421.11,Active
62,Adventure Backpacks,Hiking,Backpacks,56,56.35,104.79,Active
63,Moisture Shirts,Apparel,Shirts,54,132.26,310.99,Active
64,TrailMaster Tents,Camping,Tents,17,52.86,145.24,Active
65,Rechargeable Lighting,Camping,Lighting,28,92.96,232.49,Active
66,TrailPro Hiking Boots,Footwear,Hiking Boots,34,20.65,41.52,Active
67,Performance Shirts,Apparel,Shirts,40,237.73,639.27,Active
68,Explorer Kayaks,Kayaking,Kayaks,43,226.01,476.87,Discontinued
69,Moisture Shirts,Apparel,Shirts,27,80.96,127.77,Discontinued
70,Explorer Kayaks,Kayaking,Kayaks,54,146.59,288.56,Active
71,Performance Shirts,Apparel,Shirts,42,113.17,250.33,Active
72,Adventure Trail Shoes,Footwear,Trail Shoes,51,172.15,364.21,Active
73,Ocean Kayaks,Kayaking,Kayaks,22,133.71,305.68,Active
74,Carbon Trekking Poles,Hiking,Trekking Poles,3,203.58,327.01,Active
75,TrailPro Hiking Boots,Footwear,Hiking Boots,13,109.47,249.77,Discontinued
76,Runner Trail Shoes,Footwear,Trail Shoes,58,45.42,107.31,Active
77,Summit Hiking Boots,Footwear,Hiking Boots,30,202.99,481.95,Active
78,River Rods,Fishing,Rods,43,119.55,301.5,Active
79,Explorer Trail Shoes,Footwear,Trail Shoes,56,117.02,189.9,Discontinued
80,Runner Trail Shoes,Footwear,Trail Shoes,50,211.57,378.34,Discontinued
81,Ocean Kayaks,Kayaking,Kayaks,16,115.57,277.25,Active
82,Moisture Shirts,Apparel,Shirts,25,29.34,47.27,Active
83,River Kayaks,Kayaking,Kayaks,30,109.57,204.15,Discontinued
84,Explorer Tents,Camping,Tents,45,103.47,256.37,Active
85,Pro Reels,Fishing,Reels,49,11.42,21.61,Discontinued
86,TrailPro Hiking Boots,Footwear,Hiking Boots,2,62.66,125.96,Discontinued
87,Moisture Shirts,Apparel,Shirts,9,49.61,101.92,Active
88,Summit Hiking Boots,Footwear,Hiking Boots,30,164.26,261.17,Active
89,Trail Comfort Sleeping Bags,Camping,Sleeping Bags,22,88.56,180.36,Discontinued
90,Outdoor Shirts,Apparel,Shirts,48,210.38,433.05,Active
91,StormGuard Jackets,Apparel,Jackets,3,26.47,72.53,Active
92,Trail Backpacks,Hiking,Backpacks,31,159.12,275.91,Active
93,Lake Rods,Fishing,Rods,11,177.87,439.99,Active
94,Carbon Trekking Poles,Hiking,Trekking Poles,37,148.88,402.04,Discontinued
95,Summit Hiking Boots,Footwear,Hiking Boots,16,152.1,389.8,Active
96,Carbon Paddles,Kayaking,Paddles,3,201.09,440.85,Active
97,Tournament Reels,Fishing,Reels,22,98.94,208.6,Active
98,Runner Trail Shoes,Footwear,Trail Shoes,58,114.05,217.5,Discontinued
99,Ocean Kayaks,Kayaking,Kayaks,42,52.27,111.36,Active
100,Pro Reels,Fishing,Reels,18,114.54,277.58,Active
101,Explorer Backpacks,Hiking,Backpacks,30,221.59,385.88,Discontinued
102,Thermal Jackets,Apparel,Jackets,14,214.23,354.46,Active
103,Outdoor Shirts,Apparel,Shirts,18,221.28,527.01,Active
104,River Rods,Fishing,Rods,36,67.93,133.75,Active
105,Aluminum Paddles,Kayaking,Paddles,19,117.56,167.42,Active
106,TrailPro Hiking Boots,Footwear,Hiking Boots,36,169.35,324.58,Active
107,Adventure Trail Shoes,Footwear,Trail Shoes,17,178.69,317.94,Active
108,LED Camp Lighting,Camping,Lighting,49,85.73,209.18,Active
109,Adventure Backpacks,Hiking,Backpacks,49,126.21,304.72,Active
110,TrailMaster Tents,Camping,Tents,1,64.6,106.67,Active
111,RainShell Jackets,Apparel,Jackets,9,142.81,339.37,Discontinued
112,TrailMaster Tents,Camping,Tents,12,122.66,247.36,Active
113,Performance Shirts,Apparel,Shirts,5,207.31,406.53,Active
114,Adventure Backpacks,Hiking,Backpacks,16,237.79,361.26,Active
115,Tournament Reels,Fishing,Reels,50,153.07,346.82,Discontinued
116,Adventure Trail Shoes,Footwear,Trail Shoes,20,216.44,603.01,Active
117,River Rods,Fishing,Rods,6,160.12,283.49,Active
118,Adventure Backpacks,Hiking,Backpacks,29,28.02,39.33,Discontinued
119,RainShell Jackets,Apparel,Jackets,56,79.15,142.14,Discontinued
120,LED Camp Lighting,Camping,Lighting,41,231.74,580.04,Active
121,Mountain Hiking Boots,Footwear,Hiking Boots,18,63.95,102.87,Active
122,Summit Tents,Camping,Tents,53,200.23,447.13,Active
123,TrailPro Hiking Boots,Footwear,Hiking Boots,18,175.28,417.1,Discontinued
124,Mountain Hiking Boots,Footwear,Hiking Boots,21,19.57,39.23,Active
125,Summit Tents,Camping,Tents,37,240.86,619.09,Active
126,Carbon Paddles,Kayaking,Paddles,34,193.15,317.78,Discontinued
127,StormGuard Jackets,Apparel,Jackets,6,114.61,291.1,Discontinued
128,Outdoor Shirts,Apparel,Shirts,11,87.05,134.62,Active
129,Adventure Trail Shoes,Footwear,Trail Shoes,49,169.02,331.39,Active
130,TrailPro Hiking Boots,Footwear,Hiking Boots,50,70.58,110.27,Discontinued
131,Professional Rods,Fishing,Rods,4,218.65,447.53,Active
132,Tournament Reels,Fishing,Reels,49,191.55,435.89,Active
133,Ultralight Trekking Poles,Hiking,Trekking Poles,57,41.44,74.73,Discontinued
134,Summit Tents,Camping,Tents,1,180.35,330.95,Discontinued
135,Alpine Tents,Camping,Tents,54,120.75,188.91,Active
136,Explorer Trail Shoes,Footwear,Trail Shoes,31,179.3,355.32,Discontinued
137,Ultralight Trekking Poles,Hiking,Trekking Poles,39,44.71,74.53,Active
138,Trail Comfort Sleeping Bags,Camping,Sleeping Bags,18,91.57,229.18,Active
139,Moisture Shirts,Apparel,Shirts,56,149.18,346.68,Active
140,Adventure Trail Shoes,Footwear,Trail Shoes,25,89.79,221.6,Discontinued
141,StormGuard Jackets,Apparel,Jackets,55,67.31,130.32,Discontinued
142,Mountain Sleeping Bags,Camping,Sleeping Bags,25,123.51,330.86,Discontinued
143,Ocean Kayaks,Kayaking,Kayaks,38,241.56,380.88,Active
144,Cold Weather Sleeping Bags,Camping,Sleeping Bags,47,136.23,277.87,Active
145,Summit Hiking Boots,Footwear,Hiking Boots,22,122.68,338.21,Discontinued
146,Ocean Kayaks,Kayaking,Kayaks,25,214.56,558.52,Active
147,Carbon Paddles,Kayaking,Paddles,44,158.19,273.46,Active
148,Explorer Backpacks,Hiking,Backpacks,46,244.8,603.31,Active
149,Mountain Hiking Boots,Footwear,Hiking Boots,21,81.87,117.94,Active
150,Outdoor Shirts,Apparel,Shirts,27,113.36,197.46,Active
151,Trail Backpacks,Hiking,Backpacks,44,156.28,302.49,Active
152,Summit Hiking Boots,Footwear,Hiking Boots,17,120.68,211.86,Active
153,Explorer Trail Shoes,Footwear,Trail Shoes,23,141.18,212.25,Active
154,Aluminum Paddles,Kayaking,Paddles,25,119.64,218.1,Discontinued
155,Explorer Tents,Camping,Tents,45,147.26,324.67,Active
156,Rechargeable Lighting,Camping,Lighting,44,75.88,166.35,Active
157,Pro Reels,Fishing,Reels,52,196.18,337.85,Active
158,Adventure Backpacks,Hiking,Backpacks,50,70.15,172.42,Active
159,Explorer Kayaks,Kayaking,Kayaks,29,165.12,302.58,Active
160,Tournament Reels,Fishing,Reels,21,41.54,111.06,Discontinued
161,Trail Backpacks,Hiking,Backpacks,24,198.76,522.15,Active
162,Aluminum Trekking Poles,Hiking,Trekking Poles,56,242.17,439.1,Active
163,Cold Weather Sleeping Bags,Camping,Sleeping Bags,56,43.78,120.53,Discontinued
164,Spin Reels,Fishing,Reels,35,199.76,283.56,Active
165,Explorer Trail Shoes,Footwear,Trail Shoes,25,189.76,335.31,Active
166,LED Camp Lighting,Camping,Lighting,36,123.15,279.23,Active
167,Professional Rods,Fishing,Rods,59,25.17,64.27,Active
168,Carbon Paddles,Kayaking,Paddles,20,43.55,118.66,Discontinued
169,Summit Tents,Camping,Tents,30,222.94,354.46,Active
170,Carbon Paddles,Kayaking,Paddles,54,222.5,515.51,Discontinued
171,Pro Reels,Fishing,Reels,29,17.85,34.25,Discontinued
172,Carbon Trekking Poles,Hiking,Trekking Poles,58,245.42,469.8,Active
173,Trail Comfort Sleeping Bags,Camping,Sleeping Bags,55,55.55,87.27,Discontinued
174,LED Camp Lighting,Camping,Lighting,2,164.01,366.73,Active
175,RainShell Jackets,Apparel,Jackets,54,198.87,335.55,Active
176,River Rods,Fishing,Rods,58,88.85,142.74,Active
177,RainShell Jackets,Apparel,Jackets,8,139.65,351.63,Active
178,Explorer Backpacks,Hiking,Backpacks,21,199.6,345.93,Active
179,Carbon Trekking Poles,Hiking,Trekking Poles,8,40.42,80.41,Active
180,Adventure Trail Shoes,Footwear,Trail Shoes,33,133.18,206.79,Active
181,Professional Rods,Fishing,Rods,34,197.97,517.45,Active
182,Summit Hiking Boots,Footwear,Hiking Boots,28,249.66,645.68,Active
183,Runner Trail Shoes,Footwear,Trail Shoes,10,225.82,417.98,Active
184,Ultralight Trekking Poles,Hiking,Trekking Poles,21,161.94,351.04,Discontinued
185,Pro Reels,Fishing,Reels,51,131.33,262.96,Active
186,Ocean Kayaks,Kayaking,Kayaks,22,118.37,203.58,Discontinued
187,Explorer Trail Shoes,Footwear,Trail Shoes,43,32.82,65.56,Active
188,StormGuard Jackets,Apparel,Jackets,54,231.52,345.89,Active
189,Cold Weather Sleeping Bags,Camping,Sleeping Bags,9,188.7,362.63,Active
190,Tournament Reels,Fishing,Reels,43,39.34,74.55,Discontinued
191,Ocean Kayaks,Kayaking,Kayaks,37,154.1,291.6,Active
192,Carbon Trekking Poles,Hiking,Trekking Poles,36,213.35,403.27,Active
193,Mountain Sleeping Bags,Camping,Sleeping Bags,36,64.28,128.61,Active
194,Spin Reels,Fishing,Reels,20,53.3,127.06,Active
195,RainShell Jackets,Apparel,Jackets,26,218.77,479.73,Active
196,Trail Backpacks,Hiking,Backpacks,27,189.07,321.64,Discontinued
197,Thermal Jackets,Apparel,Jackets,37,84.79,157.21,Active
198,Summit Tents,Camping,Tents,6,191.06,280.79,Active
199,Adventure Trail Shoes,Footwear,Trail Shoes,14,155.7,308.26,Active
200,Performance Shirts,Apparel,Shirts,32,77.98,183.24,Active
201,Explorer Tents,Camping,Tents,14,246.27,363.67,Active
202,Explorer Backpacks,Hiking,Backpacks,32,79.47,124.61,Discontinued
203,Explorer Backpacks,Hiking,Backpacks,36,137.82,237.35,Active
204,Mountain Sleeping Bags,Camping,Sleeping Bags,59,20.15,28.74,Active
205,Moisture Shirts,Apparel,Shirts,19,107.06,245.83,Active
206,TrailPro Hiking Boots,Footwear,Hiking Boots,30,51.25,139.74,Active
207,Cold Weather Sleeping Bags,Camping,Sleeping Bags,34,68.4,152.15,Active
208,Explorer Trail Shoes,Footwear,Trail Shoes,11,91.48,170.73,Active
209,Professional Rods,Fishing,Rods,23,132.39,353.26,Active
210,River Kayaks,Kayaking,Kayaks,12,34.67,60.96,Active
211,River Kayaks,Kayaking,Kayaks,30,238.31,543.14,Discontinued
212,Aluminum Paddles,Kayaking,Paddles,29,46.23,69.14,Active
213,Thermal Jackets,Apparel,Jackets,29,131.76,241.72,Active
214,Trail Comfort Sleeping Bags,Camping,Sleeping Bags,55,28.42,74.17,Active
215,Pro Reels,Fishing,Reels,48,149.28,408.42,Active
216,TrailPro Hiking Boots,Footwear,Hiking Boots,4,155.2,326.22,Discontinued
217,Mountain Sleeping Bags,Camping,Sleeping Bags,3,30.24,69.69,Active
218,Aluminum Paddles,Kayaking,Paddles,24,135.78,306.01,Active
219,Outdoor Shirts,Apparel,Shirts,4,195.87,460.38,Active
220,Cold Weather Sleeping Bags,Camping,Sleeping Bags,17,143.91,279.36,Active
221,StormGuard Jackets,Apparel,Jackets,20,169.27,454.23,Discontinued
222,Explorer Backpacks,Hiking,Backpacks,22,144.14,331.65,Active
223,Explorer Kayaks,Kayaking,Kayaks,2,170.91,360.94,Active
224,RainShell Jackets,Apparel,Jackets,13,92.02,227.53,Active
225,Trail Backpacks,Hiking,Backpacks,33,80.99,202.75,Active
226,Carbon Paddles,Kayaking,Paddles,12,153.34,247.79,Active
227,Carbon Paddles,Kayaking,Paddles,16,108.61,254.9,Discontinued
228,Tournament Reels,Fishing,Reels,16,198.11,342.26,Active
229,TrailPro Hiking Boots,Footwear,Hiking Boots,29,172.79,379.89,Discontinued
230,Moisture Shirts,Apparel,Shirts,53,136.59,376.0,Active
231,Lake Rods,Fishing,Rods,24,22.52,46.68,Active
232,Ocean Kayaks,Kayaking,Kayaks,29,30.13,48.94,Active
233,Summit Hiking Boots,Footwear,Hiking Boots,60,206.01,543.55,Active
234,TrailPro Hiking Boots,Footwear,Hiking Boots,6,130.48,225.74,Active
235,Explorer Backpacks,Hiking,Backpacks,42,233.4,600.97,Active
236,Trail Backpacks,Hiking,Backpacks,45,78.85,201.99,Active
237,Aluminum Paddles,Kayaking,Paddles,2,157.68,420.72,Active
238,Adventure Backpacks,Hiking,Backpacks,28,235.65,530.79,Active
239,Thermal Jackets,Apparel,Jackets,41,39.24,68.03,Discontinued
240,Explorer Tents,Camping,Tents,33,153.22,218.03,Active
241,Ocean Kayaks,Kayaking,Kayaks,16,113.02,255.51,Discontinued
242,Adventure Backpacks,Hiking,Backpacks,34,243.92,364.6,Active
243,Runner Trail Shoes,Footwear,Trail Shoes,17,162.56,450.85,Active
244,Thermal Jackets,Apparel,Jackets,7,67.87,157.45,Active
245,Explorer Backpacks,Hiking,Backpacks,12,141.04,358.09,Discontinued
246,Carbon Paddles,Kayaking,Paddles,50,204.76,304.75,Discontinued
247,Cold Weather Sleeping Bags,Camping,Sleeping Bags,3,20.51,34.44,Active
248,Moisture Shirts,Apparel,Shirts,42,123.62,179.41,Active
249,Performance Shirts,Apparel,Shirts,8,217.79,406.11,Active
250,Explorer Trail Shoes,Footwear,Trail Shoes,22,115.54,316.47,Active
251,Adventure Trail Shoes,Footwear,Trail Shoes,52,231.83,493.1,Active
252,Carbon Paddles,Kayaking,Paddles,12,113.35,316.6,Active
253,RainShell Jackets,Apparel,Jackets,29,88.7,160.89,Discontinued
254,Aluminum Trekking Poles,Hiking,Trekking Poles,59,117.31,283.6,Active
255,Pro Reels,Fishing,Reels,4,163.47,409.99,Active
256,Aluminum Paddles,Kayaking,Paddles,11,133.14,326.17,Active
257,Carbon Trekking Poles,Hiking,Trekking Poles,42,40.3,69.73,Active
258,Moisture Shirts,Apparel,Shirts,29,17.77,28.7,Active
259,Performance Shirts,Apparel,Shirts,26,147.74,316.35,Active
260,Carbon Paddles,Kayaking,Paddles,12,240.52,345.45,Discontinued
261,Tournament Reels,Fishing,Reels,46,38.26,95.07,Discontinued
262,Ultralight Trekking Poles,Hiking,Trekking Poles,8,229.95,480.06,Active
263,Cold Weather Sleeping Bags,Camping,Sleeping Bags,6,225.68,456.59,Active
264,Carbon Paddles,Kayaking,Paddles,20,142.0,256.52,Active
265,Ocean Kayaks,Kayaking,Kayaks,13,132.1,207.38,Active
266,Carbon Trekking Poles,Hiking,Trekking Poles,30,96.62,212.68,Active
267,River Rods,Fishing,Rods,47,84.23,235.8,Discontinued
268,Pro Reels,Fishing,Reels,21,207.6,312.07,Active
269,Explorer Trail Shoes,Footwear,Trail Shoes,54,134.17,211.94,Active
270,Ultralight Trekking Poles,Hiking,Trekking Poles,8,228.57,337.73,Active
271,RainShell Jackets,Apparel,Jackets,23,87.44,209.25,Active
272,Cold Weather Sleeping Bags,Camping,Sleeping Bags,9,162.41,352.62,Active
273,Professional Rods,Fishing,Rods,38,163.84,365.12,Active
274,Ultralight Trekking Poles,Hiking,Trekking Poles,6,19.89,51.9,Active
275,Carbon Paddles,Kayaking,Paddles,41,194.07,384.88,Active
276,Explorer Trail Shoes,Footwear,Trail Shoes,52,239.6,497.44,Discontinued
277,Performance Shirts,Apparel,Shirts,27,175.27,284.17,Discontinued
278,TrailPro Hiking Boots,Footwear,Hiking Boots,46,155.6,285.93,Active
279,Aluminum Paddles,Kayaking,Paddles,36,41.38,79.4,Active
280,Thermal Jackets,Apparel,Jackets,10,39.41,79.98,Active
281,Trail Comfort Sleeping Bags,Camping,Sleeping Bags,56,217.4,431.62,Active
282,Performance Shirts,Apparel,Shirts,33,193.15,405.15,Discontinued
283,Adventure Trail Shoes,Footwear,Trail Shoes,33,15.56,42.37,Discontinued
284,Adventure Backpacks,Hiking,Backpacks,32,94.69,139.27,Discontinued
285,RainShell Jackets,Apparel,Jackets,47,113.42,298.91,Active
286,Runner Trail Shoes,Footwear,Trail Shoes,13,106.14,233.34,Active
287,Spin Reels,Fishing,Reels,36,102.72,208.57,Active
288,River Rods,Fishing,Rods,51,244.02,476.2,Active
289,Spin Reels,Fishing,Reels,33,57.77,122.05,Active
290,Summit Tents,Camping,Tents,34,181.26,457.78,Discontinued
291,Explorer Backpacks,Hiking,Backpacks,26,233.53,431.08,Active
292,Tournament Reels,Fishing,Reels,46,208.79,447.91,Active
293,TrailPro Hiking Boots,Footwear,Hiking Boots,27,89.5,139.03,Active
294,Explorer Kayaks,Kayaking,Kayaks,51,123.9,341.21,Active
295,Explorer Kayaks,Kayaking,Kayaks,47,125.31,267.4,Discontinued
296,Trail Backpacks,Hiking,Backpacks,13,147.42,350.97,Active
297,Adventure Trail Shoes,Footwear,Trail Shoes,27,46.34,109.67,Discontinued
298,Explorer Kayaks,Kayaking,Kayaks,21,43.14,72.92,Discontinued
299,Pro Reels,Fishing,Reels,35,239.6,489.63,Active
300,Tournament Reels,Fishing,Reels,42,195.28,470.49,Active
301,Spin Reels,Fishing,Reels,20,239.76,429.32,Active
302,Moisture Shirts,Apparel,Shirts,21,59.75,142.62,Discontinued
303,Outdoor Shirts,Apparel,Shirts,25,39.25,92.13,Discontinued
304,Thermal Jackets,Apparel,Jackets,6,20.1,55.02,Active
305,Explorer Trail Shoes,Footwear,Trail Shoes,35,124.98,210.33,Active
306,Spin Reels,Fishing,Reels,16,36.21,88.25,Active
307,Outdoor Lantern Lighting,Camping,Lighting,7,64.16,110.74,Discontinued
308,Performance Shirts,Apparel,Shirts,36,173.49,276.27,Active
309,Adventure Trail Shoes,Footwear,Trail Shoes,19,166.13,408.39,Active
310,RainShell Jackets,Apparel,Jackets,48,166.55,287.32,Active
311,Carbon Trekking Poles,Hiking,Trekking Poles,54,234.14,339.71,Discontinued
312,Mountain Hiking Boots,Footwear,Hiking Boots,57,240.91,649.6,Active
313,Mountain Sleeping Bags,Camping,Sleeping Bags,22,154.67,417.58,Active
314,Runner Trail Shoes,Footwear,Trail Shoes,13,214.25,440.33,Active
315,StormGuard Jackets,Apparel,Jackets,12,120.14,211.47,Active
316,Aluminum Paddles,Kayaking,Paddles,12,146.27,359.85,Discontinued
317,Runner Trail Shoes,Footwear,Trail Shoes,9,106.2,162.86,Discontinued
318,RainShell Jackets,Apparel,Jackets,49,72.59,125.56,Active
319,Moisture Shirts,Apparel,Shirts,42,183.49,259.82,Active
320,River Kayaks,Kayaking,Kayaks,11,170.27,349.32,Discontinued
321,Carbon Paddles,Kayaking,Paddles,24,163.29,443.64,Active
322,Explorer Backpacks,Hiking,Backpacks,39,46.76,114.41,Active
323,Explorer Trail Shoes,Footwear,Trail Shoes,49,202.48,517.51,Active
324,Explorer Kayaks,Kayaking,Kayaks,5,117.22,279.6,Active
325,Outdoor Lantern Lighting,Camping,Lighting,11,58.52,125.9,Active
326,Spin Reels,Fishing,Reels,32,173.27,416.49,Active
327,Spin Reels,Fishing,Reels,30,118.82,251.73,Active
328,Tournament Reels,Fishing,Reels,26,203.66,491.35,Active
329,LED Camp Lighting,Camping,Lighting,23,148.79,217.74,Active
330,River Rods,Fishing,Rods,19,246.67,508.36,Discontinued
331,Adventure Backpacks,Hiking,Backpacks,27,244.8,564.08,Active
332,Adventure Trail Shoes,Footwear,Trail Shoes,43,100.15,235.94,Active
333,Carbon Paddles,Kayaking,Paddles,34,52.83,113.7,Active
334,River Kayaks,Kayaking,Kayaks,30,191.48,530.38,Discontinued
335,Spin Reels,Fishing,Reels,18,69.4,130.79,Active
336,River Kayaks,Kayaking,Kayaks,50,204.27,405.87,Active
337,Trail Backpacks,Hiking,Backpacks,39,34.22,49.52,Active
338,Explorer Backpacks,Hiking,Backpacks,49,115.35,248.66,Active
339,Carbon Trekking Poles,Hiking,Trekking Poles,21,205.79,498.86,Active
340,Carbon Trekking Poles,Hiking,Trekking Poles,27,246.57,525.13,Active
341,StormGuard Jackets,Apparel,Jackets,59,237.64,625.37,Active
342,Aluminum Paddles,Kayaking,Paddles,42,21.25,40.0,Discontinued
343,Tournament Reels,Fishing,Reels,25,109.92,176.85,Active
344,Spin Reels,Fishing,Reels,46,213.84,389.41,Active
345,Mountain Hiking Boots,Footwear,Hiking Boots,34,109.04,216.24,Active
346,TrailPro Hiking Boots,Footwear,Hiking Boots,60,58.8,135.56,Discontinued
347,StormGuard Jackets,Apparel,Jackets,18,183.9,306.5,Discontinued
348,River Kayaks,Kayaking,Kayaks,47,55.16,136.05,Active
349,TrailPro Hiking Boots,Footwear,Hiking Boots,14,82.77,221.21,Active
350,Explorer Kayaks,Kayaking,Kayaks,16,249.9,517.42,Active
351,Mountain Hiking Boots,Footwear,Hiking Boots,30,87.19,156.62,Active
352,Outdoor Shirts,Apparel,Shirts,7,133.08,278.96,Discontinued
353,Thermal Jackets,Apparel,Jackets,56,85.1,124.59,Active
354,River Kayaks,Kayaking,Kayaks,38,72.59,196.62,Discontinued
355,RainShell Jackets,Apparel,Jackets,54,89.17,172.26,Active
356,Adventure Trail Shoes,Footwear,Trail Shoes,47,193.21,402.66,Discontinued
357,Mountain Hiking Boots,Footwear,Hiking Boots,47,200.79,328.69,Discontinued
358,Adventure Backpacks,Hiking,Backpacks,53,18.12,46.85,Active
359,Cold Weather Sleeping Bags,Camping,Sleeping Bags,46,212.21,365.85,Active
360,Explorer Tents,Camping,Tents,43,99.57,225.52,Discontinued
361,Carbon Paddles,Kayaking,Paddles,1,11.59,25.18,Active
362,Tournament Reels,Fishing,Reels,53,244.6,348.31,Discontinued
363,Trail Backpacks,Hiking,Backpacks,40,135.85,236.02,Active
364,Outdoor Shirts,Apparel,Shirts,30,28.96,79.44,Active
365,Ocean Kayaks,Kayaking,Kayaks,42,174.17,450.58,Active
366,Trail Comfort Sleeping Bags,Camping,Sleeping Bags,41,100.52,207.72,Active
367,River Kayaks,Kayaking,Kayaks,51,129.97,260.91,Active
368,Professional Rods,Fishing,Rods,58,230.6,397.02,Discontinued
369,RainShell Jackets,Apparel,Jackets,35,174.26,312.36,Active
370,Carbon Trekking Poles,Hiking,Trekking Poles,49,240.75,534.91,Discontinued
371,Cold Weather Sleeping Bags,Camping,Sleeping Bags,55,145.35,318.81,Discontinued
372,Aluminum Paddles,Kayaking,Paddles,45,191.35,305.38,Active
373,Spin Reels,Fishing,Reels,5,33.44,57.68,Active
374,Pro Reels,Fishing,Reels,29,17.11,30.5,Discontinued
375,Ultralight Trekking Poles,Hiking,Trekking Poles,44,235.87,472.82,Discontinued
376,Rechargeable Lighting,Camping,Lighting,6,201.53,483.34,Active
377,Ultralight Trekking Poles,Hiking,Trekking Poles,25,198.13,320.18,Active
378,RainShell Jackets,Apparel,Jackets,24,11.25,20.61,Active
379,Alpine Tents,Camping,Tents,36,54.97,111.5,Discontinued
380,Alpine Tents,Camping,Tents,39,94.94,145.29,Active
381,TrailPro Hiking Boots,Footwear,Hiking Boots,47,109.31,272.27,Active
382,Professional Rods,Fishing,Rods,20,101.38,161.64,Active
383,Summit Hiking Boots,Footwear,Hiking Boots,20,50.13,89.55,Discontinued
384,Trail Comfort Sleeping Bags,Camping,Sleeping Bags,32,236.61,570.05,Active
385,Summit Hiking Boots,Footwear,Hiking Boots,22,83.12,226.78,Discontinued
386,Outdoor Shirts,Apparel,Shirts,42,113.35,289.38,Active
387,Moisture Shirts,Apparel,Shirts,21,237.35,399.03,Active
388,Adventure Trail Shoes,Footwear,Trail Shoes,37,186.37,426.05,Active
389,Outdoor Shirts,Apparel,Shirts,8,205.96,401.64,Active
390,Professional Rods,Fishing,Rods,47,194.23,279.24,Discontinued
391,Ocean Kayaks,Kayaking,Kayaks,5,201.44,516.45,Discontinued
392,Carbon Paddles,Kayaking,Paddles,43,162.0,281.69,Active
393,Aluminum Paddles,Kayaking,Paddles,31,27.75,77.34,Discontinued
394,Tournament Reels,Fishing,Reels,45,18.82,51.86,Active
395,TrailMaster Tents,Camping,Tents,37,49.92,112.71,Discontinued
396,Performance Shirts,Apparel,Shirts,33,12.53,22.08,Active
397,Adventure Trail Shoes,Footwear,Trail Shoes,45,121.14,284.85,Active
398,Thermal Jackets,Apparel,Jackets,6,35.09,69.56,Active
399,Ocean Kayaks,Kayaking,Kayaks,14,84.85,172.88,Discontinued
400,Performance Shirts,Apparel,Shirts,21,115.16,273.56,Active
401,StormGuard Jackets,Apparel,Jackets,42,37.62,97.39,Active
402,Explorer Kayaks,Kayaking,Kayaks,11,68.54,112.7,Active
403,Pro Reels,Fishing,Reels,12,65.65,129.14,Active
404,Aluminum Paddles,Kayaking,Paddles,13,17.01,38.44,Discontinued
405,Pro Reels,Fishing,Reels,18,11.07,18.83,Active
406,Professional Rods,Fishing,Rods,30,54.87,101.86,Active
407,Moisture Shirts,Apparel,Shirts,25,241.82,444.65,Discontinued
408,Lake Rods,Fishing,Rods,12,94.48,192.83,Active
409,Professional Rods,Fishing,Rods,20,42.15,65.97,Active
410,Ultralight Trekking Poles,Hiking,Trekking Poles,39,43.93,85.39,Active
411,Pro Reels,Fishing,Reels,45,54.58,124.97,Active
412,Lake Rods,Fishing,Rods,54,79.32,131.82,Discontinued
413,Lake Rods,Fishing,Rods,13,238.44,495.59,Discontinued
414,Pro Reels,Fishing,Reels,54,174.33,345.5,Discontinued
415,Summit Hiking Boots,Footwear,Hiking Boots,15,145.7,366.32,Active
416,Cold Weather Sleeping Bags,Camping,Sleeping Bags,30,139.03,227.38,Discontinued
417,Professional Rods,Fishing,Rods,53,37.41,92.97,Active
418,Professional Rods,Fishing,Rods,28,115.93,197.77,Active
419,Ocean Kayaks,Kayaking,Kayaks,17,219.95,317.85,Active
420,Cold Weather Sleeping Bags,Camping,Sleeping Bags,52,196.15,339.68,Active
421,Carbon Paddles,Kayaking,Paddles,53,157.88,394.51,Active
422,Rechargeable Lighting,Camping,Lighting,11,137.75,307.95,Active
423,Aluminum Paddles,Kayaking,Paddles,33,147.46,403.06,Active
424,Carbon Trekking Poles,Hiking,Trekking Poles,9,248.2,648.76,Active
425,Adventure Backpacks,Hiking,Backpacks,54,87.3,152.48,Discontinued
426,Mountain Hiking Boots,Footwear,Hiking Boots,25,161.78,368.69,Discontinued
427,LED Camp Lighting,Camping,Lighting,45,106.68,261.34,Active
428,Adventure Trail Shoes,Footwear,Trail Shoes,55,149.67,391.61,Active
429,Aluminum Paddles,Kayaking,Paddles,26,214.03,538.06,Active
430,TrailPro Hiking Boots,Footwear,Hiking Boots,22,74.45,190.57,Active
431,Pro Reels,Fishing,Reels,3,224.6,554.12,Active
432,Carbon Paddles,Kayaking,Paddles,29,39.82,103.56,Discontinued
433,Cold Weather Sleeping Bags,Camping,Sleeping Bags,57,248.97,665.54,Active
434,Carbon Trekking Poles,Hiking,Trekking Poles,24,167.1,292.52,Active
435,Mountain Sleeping Bags,Camping,Sleeping Bags,15,83.32,198.24,Discontinued
436,Explorer Kayaks,Kayaking,Kayaks,5,32.84,55.79,Active
437,Professional Rods,Fishing,Rods,45,173.2,244.73,Active
438,Mountain Sleeping Bags,Camping,Sleeping Bags,25,41.72,62.54,Active
439,River Kayaks,Kayaking,Kayaks,9,85.2,224.36,Discontinued
440,Trail Backpacks,Hiking,Backpacks,42,137.32,193.88,Active
441,Explorer Trail Shoes,Footwear,Trail Shoes,59,61.13,149.62,Discontinued
442,Spin Reels,Fishing,Reels,49,30.81,47.47,Active
443,Pro Reels,Fishing,Reels,9,241.18,443.84,Active
444,RainShell Jackets,Apparel,Jackets,39,142.82,319.92,Active
445,Explorer Kayaks,Kayaking,Kayaks,39,220.2,371.61,Active
446,Aluminum Paddles,Kayaking,Paddles,51,165.08,412.26,Active
447,Runner Trail Shoes,Footwear,Trail Shoes,5,67.86,155.62,Active
448,Performance Shirts,Apparel,Shirts,27,102.84,264.77,Active
449,Lake Rods,Fishing,Rods,2,239.07,592.54,Active
450,Cold Weather Sleeping Bags,Camping,Sleeping Bags,51,19.56,29.04,Discontinued
451,Tournament Reels,Fishing,Reels,28,181.03,447.86,Discontinued
452,Outdoor Lantern Lighting,Camping,Lighting,6,139.04,224.38,Active
453,LED Camp Lighting,Camping,Lighting,21,243.84,394.42,Discontinued
454,Lake Rods,Fishing,Rods,55,177.68,430.33,Active
455,Alpine Tents,Camping,Tents,40,231.91,362.33,Active
456,RainShell Jackets,Apparel,Jackets,1,13.04,20.76,Active
457,Explorer Trail Shoes,Footwear,Trail Shoes,17,134.13,342.23,Active
458,StormGuard Jackets,Apparel,Jackets,57,197.47,350.76,Active
459,Trail Comfort Sleeping Bags,Camping,Sleeping Bags,46,75.28,112.12,Active
460,Explorer Trail Shoes,Footwear,Trail Shoes,37,96.43,202.45,Active
461,Thermal Jackets,Apparel,Jackets,44,195.6,518.73,Active
462,Trail Backpacks,Hiking,Backpacks,3,216.09,306.24,Discontinued
463,Performance Shirts,Apparel,Shirts,3,52.95,145.32,Discontinued
464,Carbon Trekking Poles,Hiking,Trekking Poles,18,109.9,264.68,Active
465,Spin Reels,Fishing,Reels,12,130.49,347.46,Active
466,Lake Rods,Fishing,Rods,19,26.54,54.44,Active
467,StormGuard Jackets,Apparel,Jackets,19,119.62,229.25,Active
468,Ocean Kayaks,Kayaking,Kayaks,50,98.39,271.62,Active
469,River Kayaks,Kayaking,Kayaks,15,11.53,22.76,Active
470,Ocean Kayaks,Kayaking,Kayaks,55,10.35,24.01,Active
471,Summit Tents,Camping,Tents,10,110.76,304.11,Active
472,Summit Tents,Camping,Tents,45,225.35,479.47,Active
473,Mountain Hiking Boots,Footwear,Hiking Boots,53,32.94,52.27,Discontinued
474,Outdoor Lantern Lighting,Camping,Lighting,9,24.95,58.07,Active
475,Outdoor Shirts,Apparel,Shirts,54,232.25,452.92,Active
476,Outdoor Shirts,Apparel,Shirts,9,66.07,179.77,Active
477,Trail Backpacks,Hiking,Backpacks,8,117.9,216.89,Active
478,Aluminum Trekking Poles,Hiking,Trekking Poles,6,121.2,314.33,Active
479,Carbon Paddles,Kayaking,Paddles,10,61.6,160.11,Active
480,Ocean Kayaks,Kayaking,Kayaks,20,105.1,154.34,Active
481,Explorer Backpacks,Hiking,Backpacks,36,215.1,468.56,Active
482,Cold Weather Sleeping Bags,Camping,Sleeping Bags,1,202.94,323.83,Active
483,Trail Backpacks,Hiking,Backpacks,41,207.68,398.98,Active
484,Spin Reels,Fishing,Reels,58,15.23,22.7,Discontinued
485,Explorer Backpacks,Hiking,Backpacks,4,39.41,107.16,Active
486,Tournament Reels,Fishing,Reels,44,104.8,151.05,Discontinued
487,Carbon Trekking Poles,Hiking,Trekking Poles,29,227.99,406.96,Active
488,Outdoor Lantern Lighting,Camping,Lighting,32,158.07,364.54,Discontinued
489,Spin Reels,Fishing,Reels,27,31.05,60.12,Active
490,Explorer Kayaks,Kayaking,Kayaks,2,248.58,537.21,Discontinued
491,Aluminum Paddles,Kayaking,Paddles,59,140.68,292.41,Active
492,Runner Trail Shoes,Footwear,Trail Shoes,2,16.26,36.36,Active
493,Mountain Sleeping Bags,Camping,Sleeping Bags,15,95.78,212.4,Active
494,Summit Tents,Camping,Tents,59,73.97,188.09,Active
495,Aluminum Trekking Poles,Hiking,Trekking Poles,12,234.45,653.68,Active
496,Ultralight Trekking Poles,Hiking,Trekking Poles,2,177.43,475.44,Active
497,Professional Rods,Fishing,Rods,52,237.61,610.98,Discontinued
498,Spin Reels,Fishing,Reels,15,127.7,194.92,Active
499,Rechargeable Lighting,Camping,Lighting,13,10.16,27.28,Active
500,Thermal Jackets,Apparel,Jackets,46,24.29,39.03,Active
501,Rechargeable Lighting,Camping,Lighting,43,240.53,462.55,Discontinued
502,Lake Rods,Fishing,Rods,11,82.42,131.13,Discontinued
503,Aluminum Paddles,Kayaking,Paddles,45,51.81,142.8,Active
504,Explorer Backpacks,Hiking,Backpacks,9,83.64,197.72,Active
505,Explorer Kayaks,Kayaking,Kayaks,50,237.69,463.08,Active
506,Ultralight Trekking Poles,Hiking,Trekking Poles,60,63.01,138.1,Discontinued
507,Ultralight Trekking Poles,Hiking,Trekking Poles,21,28.67,54.06,Active
508,Explorer Kayaks,Kayaking,Kayaks,22,170.81,413.53,Discontinued
509,Cold Weather Sleeping Bags,Camping,Sleeping Bags,17,69.89,104.48,Active
510,River Kayaks,Kayaking,Kayaks,11,102.62,248.92,Discontinued
511,Adventure Trail Shoes,Footwear,Trail Shoes,31,141.05,217.5,Active
512,Carbon Trekking Poles,Hiking,Trekking Poles,2,201.81,291.97,Active
513,RainShell Jackets,Apparel,Jackets,11,92.03,243.24,Active
514,Lake Rods,Fishing,Rods,31,152.57,344.67,Active
515,Mountain Hiking Boots,Footwear,Hiking Boots,7,223.54,362.12,Active
516,Explorer Backpacks,Hiking,Backpacks,47,177.33,427.52,Active
517,Aluminum Paddles,Kayaking,Paddles,37,67.01,98.47,Discontinued
518,Explorer Backpacks,Hiking,Backpacks,53,10.92,16.63,Discontinued
519,Trail Backpacks,Hiking,Backpacks,6,59.67,136.85,Discontinued
520,Trail Comfort Sleeping Bags,Camping,Sleeping Bags,17,123.03,326.38,Active
521,Carbon Paddles,Kayaking,Paddles,12,99.04,191.55,Discontinued
522,Trail Comfort Sleeping Bags,Camping,Sleeping Bags,18,121.61,208.77,Active
523,Trail Backpacks,Hiking,Backpacks,27,170.35,431.23,Active
524,Lake Rods,Fishing,Rods,35,206.42,409.97,Discontinued
525,Lake Rods,Fishing,Rods,55,81.72,159.58,Active
526,River Rods,Fishing,Rods,11,237.82,482.45,Active
527,Trail Backpacks,Hiking,Backpacks,28,111.61,310.68,Active
528,Explorer Kayaks,Kayaking,Kayaks,59,71.89,192.31,Active
529,Mountain Sleeping Bags,Camping,Sleeping Bags,18,105.37,195.63,Discontinued
530,Outdoor Lantern Lighting,Camping,Lighting,8,151.02,376.7,Discontinued
531,Adventure Backpacks,Hiking,Backpacks,7,151.1,371.97,Active
532,Lake Rods,Fishing,Rods,57,218.19,574.32,Discontinued
533,Moisture Shirts,Apparel,Shirts,3,126.54,285.04,Active
534,Performance Shirts,Apparel,Shirts,26,158.38,372.69,Active
535,Explorer Trail Shoes,Footwear,Trail Shoes,59,67.02,163.8,Active
536,Thermal Jackets,Apparel,Jackets,18,206.17,376.11,Discontinued
537,River Kayaks,Kayaking,Kayaks,29,42.25,116.78,Active
538,Moisture Shirts,Apparel,Shirts,14,164.93,274.3,Discontinued
539,Aluminum Paddles,Kayaking,Paddles,11,207.04,439.21,Active
540,Performance Shirts,Apparel,Shirts,37,197.32,421.08,Active
541,Trail Backpacks,Hiking,Backpacks,30,210.87,368.87,Active
542,Thermal Jackets,Apparel,Jackets,26,98.4,201.71,Active
543,River Kayaks,Kayaking,Kayaks,12,99.39,221.8,Discontinued
544,Pro Reels,Fishing,Reels,48,49.24,130.6,Active
545,Thermal Jackets,Apparel,Jackets,50,21.92,56.89,Active
546,Adventure Backpacks,Hiking,Backpacks,33,59.62,137.85,Active
547,Ocean Kayaks,Kayaking,Kayaks,39,228.76,527.59,Active
548,Ultralight Trekking Poles,Hiking,Trekking Poles,46,203.22,371.41,Active
549,Adventure Trail Shoes,Footwear,Trail Shoes,20,120.16,204.93,Discontinued
550,River Rods,Fishing,Rods,54,132.76,308.97,Active
551,Pro Reels,Fishing,Reels,22,174.26,361.49,Active
552,Aluminum Paddles,Kayaking,Paddles,58,72.68,174.11,Active
553,Adventure Backpacks,Hiking,Backpacks,52,193.71,515.18,Discontinued
554,Carbon Paddles,Kayaking,Paddles,19,183.11,424.37,Active
555,Adventure Trail Shoes,Footwear,Trail Shoes,37,186.82,414.04,Active
556,StormGuard Jackets,Apparel,Jackets,59,138.31,345.62,Active
557,Spin Reels,Fishing,Reels,12,211.75,556.29,Active
558,Cold Weather Sleeping Bags,Camping,Sleeping Bags,36,187.82,453.63,Active
559,Carbon Paddles,Kayaking,Paddles,56,63.34,108.48,Active
560,Adventure Trail Shoes,Footwear,Trail Shoes,55,72.53,131.4,Active
561,Mountain Hiking Boots,Footwear,Hiking Boots,5,150.06,408.47,Discontinued
562,Adventure Backpacks,Hiking,Backpacks,4,101.6,184.68,Active
563,Explorer Backpacks,Hiking,Backpacks,59,108.21,237.76,Discontinued
564,Ultralight Trekking Poles,Hiking,Trekking Poles,22,53.29,80.64,Active
565,RainShell Jackets,Apparel,Jackets,50,118.49,200.62,Active
566,Lake Rods,Fishing,Rods,9,198.45,494.47,Discontinued
567,Aluminum Paddles,Kayaking,Paddles,1,112.97,233.66,Active
568,Professional Rods,Fishing,Rods,21,99.54,141.32,Active
569,LED Camp Lighting,Camping,Lighting,45,160.4,280.44,Active
570,RainShell Jackets,Apparel,Jackets,11,102.05,226.97,Active
571,Trail Comfort Sleeping Bags,Camping,Sleeping Bags,34,119.42,254.17,Active
572,TrailPro Hiking Boots,Footwear,Hiking Boots,49,249.07,519.62,Active
573,Carbon Trekking Poles,Hiking,Trekking Poles,9,64.82,156.74,Active
574,Explorer Kayaks,Kayaking,Kayaks,46,131.11,206.16,Active
575,Explorer Trail Shoes,Footwear,Trail Shoes,4,159.55,356.03,Active
576,River Kayaks,Kayaking,Kayaks,25,175.54,348.18,Active
577,Pro Reels,Fishing,Reels,44,178.45,301.17,Active
578,Moisture Shirts,Apparel,Shirts,40,34.24,72.88,Active
579,Mountain Hiking Boots,Footwear,Hiking Boots,8,182.5,285.58,Active
580,Mountain Hiking Boots,Footwear,Hiking Boots,34,57.94,102.45,Active
581,Outdoor Shirts,Apparel,Shirts,59,48.49,105.1,Active
582,Aluminum Paddles,Kayaking,Paddles,6,66.28,93.98,Active
583,Spin Reels,Fishing,Reels,5,237.87,592.61,Active
584,Thermal Jackets,Apparel,Jackets,30,247.28,448.67,Active
585,Alpine Tents,Camping,Tents,44,214.54,408.55,Active
586,Summit Hiking Boots,Footwear,Hiking Boots,1,214.3,567.13,Active
587,Ocean Kayaks,Kayaking,Kayaks,40,95.81,192.85,Active
588,Ocean Kayaks,Kayaking,Kayaks,26,205.59,340.46,Discontinued
589,Adventure Trail Shoes,Footwear,Trail Shoes,27,175.58,363.37,Active
590,Alpine Tents,Camping,Tents,7,245.58,634.11,Discontinued
591,Tournament Reels,Fishing,Reels,25,172.81,285.79,Active
592,Professional Rods,Fishing,Rods,58,221.19,534.88,Active
593,Runner Trail Shoes,Footwear,Trail Shoes,5,223.02,449.82,Active
594,Carbon Paddles,Kayaking,Paddles,50,179.1,420.72,Active
595,Carbon Paddles,Kayaking,Paddles,31,113.88,275.28,Active
596,Carbon Paddles,Kayaking,Paddles,40,211.37,461.14,Active
597,LED Camp Lighting,Camping,Lighting,32,131.34,270.17,Active
598,Trail Comfort Sleeping Bags,Camping,Sleeping Bags,4,67.81,187.03,Active
599,Pro Reels,Fishing,Reels,29,206.1,311.29,Discontinued
600,Trail Comfort Sleeping Bags,Camping,Sleeping Bags,48,85.85,238.06,Active
601,Trail Comfort Sleeping Bags,Camping,Sleeping Bags,53,18.6,40.34,Active
602,Tournament Reels,Fishing,Reels,30,144.96,335.79,Active
603,RainShell Jackets,Apparel,Jackets,50,212.64,396.52,Discontinued
604,Aluminum Paddles,Kayaking,Paddles,15,37.37,92.04,Active
605,Moisture Shirts,Apparel,Shirts,34,241.46,436.75,Active
606,River Kayaks,Kayaking,Kayaks,53,225.25,470.64,Discontinued
607,Mountain Sleeping Bags,Camping,Sleeping Bags,55,57.02,89.47,Discontinued
608,Carbon Trekking Poles,Hiking,Trekking Poles,27,182.03,282.31,Active
609,Ocean Kayaks,Kayaking,Kayaks,33,119.77,266.49,Active
610,Mountain Hiking Boots,Footwear,Hiking Boots,28,186.69,405.96,Discontinued
611,Professional Rods,Fishing,Rods,9,148.85,360.62,Active
612,Explorer Trail Shoes,Footwear,Trail Shoes,39,221.53,439.99,Active
613,Outdoor Shirts,Apparel,Shirts,9,242.92,494.1,Active
614,Explorer Trail Shoes,Footwear,Trail Shoes,48,141.47,260.23,Active
615,Adventure Backpacks,Hiking,Backpacks,59,181.45,428.45,Active
616,Explorer Kayaks,Kayaking,Kayaks,46,140.2,321.29,Active
617,Moisture Shirts,Apparel,Shirts,27,146.95,342.98,Active
618,Mountain Hiking Boots,Footwear,Hiking Boots,4,35.55,68.73,Active
619,Carbon Trekking Poles,Hiking,Trekking Poles,10,246.05,579.88,Active
620,Carbon Paddles,Kayaking,Paddles,53,190.86,275.84,Discontinued
621,Outdoor Lantern Lighting,Camping,Lighting,48,187.48,489.47,Discontinued
622,Ultralight Trekking Poles,Hiking,Trekking Poles,25,169.48,457.1,Discontinued
623,Carbon Paddles,Kayaking,Paddles,40,13.11,22.97,Discontinued
624,Ultralight Trekking Poles,Hiking,Trekking Poles,50,141.19,316.94,Active
625,Performance Shirts,Apparel,Shirts,12,246.03,370.09,Active
626,TrailPro Hiking Boots,Footwear,Hiking Boots,11,76.99,136.27,Active
627,Trail Comfort Sleeping Bags,Camping,Sleeping Bags,10,180.33,291.54,Active
628,Professional Rods,Fishing,Rods,32,157.75,367.03,Active
629,Rechargeable Lighting,Camping,Lighting,34,136.09,372.86,Active
630,Lake Rods,Fishing,Rods,23,140.34,275.74,Active
631,Aluminum Trekking Poles,Hiking,Trekking Poles,49,96.59,164.77,Discontinued
632,River Rods,Fishing,Rods,58,170.55,345.18,Active
633,Rechargeable Lighting,Camping,Lighting,8,101.53,255.32,Discontinued
634,Performance Shirts,Apparel,Shirts,24,228.72,583.45,Discontinued
635,TrailPro Hiking Boots,Footwear,Hiking Boots,33,225.59,376.63,Active
636,Alpine Tents,Camping,Tents,41,160.46,271.99,Active
637,Carbon Paddles,Kayaking,Paddles,57,59.34,151.93,Discontinued
638,Explorer Kayaks,Kayaking,Kayaks,46,174.65,250.32,Active
639,Alpine Tents,Camping,Tents,36,23.02,57.82,Active
640,Lake Rods,Fishing,Rods,26,107.83,219.06,Discontinued
641,Thermal Jackets,Apparel,Jackets,42,171.59,368.71,Active
642,Explorer Kayaks,Kayaking,Kayaks,33,213.58,405.97,Active
643,Moisture Shirts,Apparel,Shirts,29,30.76,76.02,Discontinued
644,TrailPro Hiking Boots,Footwear,Hiking Boots,48,47.52,81.16,Discontinued
645,Tournament Reels,Fishing,Reels,59,44.58,104.68,Active
646,Outdoor Lantern Lighting,Camping,Lighting,37,43.93,64.07,Discontinued
647,Lake Rods,Fishing,Rods,47,60.41,147.28,Active
648,Ultralight Trekking Poles,Hiking,Trekking Poles,12,214.35,342.84,Active
649,Spin Reels,Fishing,Reels,37,37.51,87.75,Active
650,Tournament Reels,Fishing,Reels,5,141.92,256.44,Active
651,Explorer Tents,Camping,Tents,43,238.37,452.9,Active
652,Mountain Sleeping Bags,Camping,Sleeping Bags,32,26.75,44.7,Discontinued
653,Moisture Shirts,Apparel,Shirts,24,150.2,329.2,Active
654,Summit Hiking Boots,Footwear,Hiking Boots,46,85.17,212.92,Discontinued
655,Performance Shirts,Apparel,Shirts,31,173.1,322.69,Discontinued
656,Adventure Trail Shoes,Footwear,Trail Shoes,42,126.87,196.95,Active
657,StormGuard Jackets,Apparel,Jackets,41,57.14,138.68,Active
658,River Kayaks,Kayaking,Kayaks,53,213.9,488.61,Discontinued
659,River Rods,Fishing,Rods,35,142.38,307.66,Discontinued
660,Ocean Kayaks,Kayaking,Kayaks,38,104.2,275.92,Active
661,Ultralight Trekking Poles,Hiking,Trekking Poles,33,132.5,259.1,Active
662,Explorer Kayaks,Kayaking,Kayaks,9,174.2,428.55,Discontinued
663,Adventure Backpacks,Hiking,Backpacks,10,237.69,552.2,Discontinued
664,RainShell Jackets,Apparel,Jackets,17,192.75,332.39,Active
665,Adventure Backpacks,Hiking,Backpacks,24,59.63,159.26,Discontinued
666,Runner Trail Shoes,Footwear,Trail Shoes,7,19.58,45.19,Active
667,Carbon Paddles,Kayaking,Paddles,38,100.4,193.76,Active
668,Pro Reels,Fishing,Reels,26,243.44,416.78,Active
669,Outdoor Shirts,Apparel,Shirts,57,222.92,314.15,Active
670,Summit Hiking Boots,Footwear,Hiking Boots,14,28.5,65.57,Active
671,Explorer Backpacks,Hiking,Backpacks,43,154.48,392.96,Active
672,Explorer Trail Shoes,Footwear,Trail Shoes,31,37.2,87.25,Active
673,Professional Rods,Fishing,Rods,3,210.01,300.61,Active
674,River Rods,Fishing,Rods,37,161.09,234.36,Active
675,TrailMaster Tents,Camping,Tents,26,231.39,491.31,Active
676,Carbon Paddles,Kayaking,Paddles,31,61.98,139.4,Discontinued
677,Explorer Backpacks,Hiking,Backpacks,53,154.2,387.42,Active
678,Spin Reels,Fishing,Reels,30,183.8,345.5,Active
679,Aluminum Trekking Poles,Hiking,Trekking Poles,34,41.73,59.39,Discontinued
680,Trail Backpacks,Hiking,Backpacks,3,124.21,280.8,Active
681,Mountain Sleeping Bags,Camping,Sleeping Bags,53,41.28,92.67,Active
682,Aluminum Paddles,Kayaking,Paddles,34,98.89,144.46,Discontinued
683,Aluminum Trekking Poles,Hiking,Trekking Poles,59,94.12,237.79,Active
684,TrailPro Hiking Boots,Footwear,Hiking Boots,55,124.51,214.84,Active
685,Outdoor Shirts,Apparel,Shirts,51,55.37,132.49,Active
686,Professional Rods,Fishing,Rods,45,11.73,27.17,Active
687,Runner Trail Shoes,Footwear,Trail Shoes,17,47.15,109.02,Active
688,Tournament Reels,Fishing,Reels,44,97.75,174.56,Discontinued
689,Ultralight Trekking Poles,Hiking,Trekking Poles,24,198.11,411.17,Discontinued
690,Moisture Shirts,Apparel,Shirts,48,92.65,221.22,Active
691,Explorer Kayaks,Kayaking,Kayaks,11,65.15,162.64,Active
692,Aluminum Trekking Poles,Hiking,Trekking Poles,44,202.2,456.9,Active
693,Ultralight Trekking Poles,Hiking,Trekking Poles,10,11.27,17.22,Discontinued
694,Spin Reels,Fishing,Reels,6,25.38,43.41,Active
695,Aluminum Paddles,Kayaking,Paddles,46,157.35,335.06,Active
696,Aluminum Trekking Poles,Hiking,Trekking Poles,60,12.57,32.57,Active
697,Adventure Backpacks,Hiking,Backpacks,40,132.53,315.13,Active
698,Ocean Kayaks,Kayaking,Kayaks,11,67.42,94.42,Active
699,Outdoor Shirts,Apparel,Shirts,13,170.72,335.91,Active
700,River Kayaks,Kayaking,Kayaks,36,141.9,342.91,Active
701,Performance Shirts,Apparel,Shirts,60,155.53,260.1,Discontinued
702,Lake Rods,Fishing,Rods,36,52.01,109.68,Active
703,Pro Reels,Fishing,Reels,17,237.28,598.92,Active
704,Aluminum Paddles,Kayaking,Paddles,49,145.16,359.7,Active
705,Explorer Trail Shoes,Footwear,Trail Shoes,17,216.89,449.99,Active
706,Mountain Hiking Boots,Footwear,Hiking Boots,27,178.28,449.31,Active
707,Professional Rods,Fishing,Rods,6,209.72,366.5,Discontinued
708,Carbon Paddles,Kayaking,Paddles,21,143.09,236.08,Active
709,Carbon Trekking Poles,Hiking,Trekking Poles,59,237.31,559.19,Active
710,Summit Hiking Boots,Footwear,Hiking Boots,14,186.5,488.97,Active
711,Adventure Backpacks,Hiking,Backpacks,8,95.45,237.72,Active
712,Carbon Paddles,Kayaking,Paddles,3,193.42,417.41,Discontinued
713,Outdoor Shirts,Apparel,Shirts,37,225.55,593.96,Active
714,Mountain Hiking Boots,Footwear,Hiking Boots,37,77.26,132.19,Active
715,Rechargeable Lighting,Camping,Lighting,33,124.8,269.2,Active
716,TrailPro Hiking Boots,Footwear,Hiking Boots,30,244.36,580.98,Active
717,River Kayaks,Kayaking,Kayaks,7,171.78,331.74,Active
718,Performance Shirts,Apparel,Shirts,31,141.66,245.35,Active
719,Thermal Jackets,Apparel,Jackets,49,111.75,222.02,Active
720,Outdoor Shirts,Apparel,Shirts,37,118.17,259.97,Active
721,Rechargeable Lighting,Camping,Lighting,55,202.98,441.98,Discontinued
722,Adventure Backpacks,Hiking,Backpacks,12,45.89,116.01,Discontinued
723,Mountain Hiking Boots,Footwear,Hiking Boots,51,134.08,322.97,Discontinued
724,Moisture Shirts,Apparel,Shirts,7,216.04,316.89,Active
725,TrailMaster Tents,Camping,Tents,29,124.37,283.79,Active
726,Outdoor Shirts,Apparel,Shirts,17,144.48,390.76,Active
727,Cold Weather Sleeping Bags,Camping,Sleeping Bags,39,94.26,221.64,Active
728,Lake Rods,Fishing,Rods,32,95.23,223.07,Discontinued
729,Mountain Sleeping Bags,Camping,Sleeping Bags,10,78.77,179.94,Active
730,Aluminum Paddles,Kayaking,Paddles,55,161.51,355.37,Active
731,TrailMaster Tents,Camping,Tents,19,64.77,119.41,Active
732,Pro Reels,Fishing,Reels,24,223.05,556.14,Discontinued
733,Summit Hiking Boots,Footwear,Hiking Boots,16,215.01,338.65,Active
734,River Kayaks,Kayaking,Kayaks,5,50.06,77.3,Discontinued
735,River Rods,Fishing,Rods,6,195.02,416.09,Active
736,RainShell Jackets,Apparel,Jackets,20,167.16,441.25,Active
737,Aluminum Trekking Poles,Hiking,Trekking Poles,54,160.36,253.98,Active
738,TrailMaster Tents,Camping,Tents,31,216.49,401.65,Discontinued
739,Tournament Reels,Fishing,Reels,45,116.76,321.95,Active
740,Tournament Reels,Fishing,Reels,28,189.74,498.68,Active
741,Moisture Shirts,Apparel,Shirts,20,64.51,98.4,Active
742,Runner Trail Shoes,Footwear,Trail Shoes,53,82.86,116.01,Active
743,Outdoor Shirts,Apparel,Shirts,32,138.42,327.07,Discontinued
744,Thermal Jackets,Apparel,Jackets,51,201.51,450.54,Active
745,Spin Reels,Fishing,Reels,26,108.82,237.75,Active
746,Aluminum Trekking Poles,Hiking,Trekking Poles,41,62.94,95.1,Active
747,Pro Reels,Fishing,Reels,18,165.63,355.23,Discontinued
748,Trail Backpacks,Hiking,Backpacks,30,42.79,66.52,Discontinued
749,Performance Shirts,Apparel,Shirts,35,86.95,140.25,Active
750,Explorer Backpacks,Hiking,Backpacks,47,74.61,179.16,Active
751,Trail Backpacks,Hiking,Backpacks,27,13.53,23.06,Active
752,Adventure Trail Shoes,Footwear,Trail Shoes,6,177.26,256.04,Active
753,Trail Comfort Sleeping Bags,Camping,Sleeping Bags,13,27.13,55.84,Active
754,Summit Hiking Boots,Footwear,Hiking Boots,25,243.9,585.5,Discontinued
755,Trail Backpacks,Hiking,Backpacks,34,120.6,299.01,Active
756,Explorer Trail Shoes,Footwear,Trail Shoes,11,240.69,652.44,Active
757,Ocean Kayaks,Kayaking,Kayaks,24,125.5,228.2,Active
758,River Kayaks,Kayaking,Kayaks,1,66.63,133.78,Active
759,Thermal Jackets,Apparel,Jackets,3,199.39,281.64,Discontinued
760,Ocean Kayaks,Kayaking,Kayaks,32,194.99,340.88,Active
761,Carbon Paddles,Kayaking,Paddles,45,24.35,56.06,Active
762,Carbon Trekking Poles,Hiking,Trekking Poles,42,86.02,187.67,Active
763,Summit Hiking Boots,Footwear,Hiking Boots,9,175.42,333.55,Active
764,Mountain Sleeping Bags,Camping,Sleeping Bags,45,115.0,208.45,Discontinued
765,Adventure Backpacks,Hiking,Backpacks,18,93.44,226.63,Active
766,LED Camp Lighting,Camping,Lighting,35,117.85,300.19,Active
767,Mountain Hiking Boots,Footwear,Hiking Boots,57,131.43,319.0,Active
768,Tournament Reels,Fishing,Reels,43,67.31,162.18,Discontinued
769,Ultralight Trekking Poles,Hiking,Trekking Poles,27,46.99,84.41,Active
770,Alpine Tents,Camping,Tents,12,20.51,55.64,Active
771,Explorer Backpacks,Hiking,Backpacks,42,55.99,80.88,Discontinued
772,Aluminum Paddles,Kayaking,Paddles,46,21.78,37.22,Active
773,Explorer Tents,Camping,Tents,30,232.82,597.16,Active
774,Outdoor Shirts,Apparel,Shirts,40,200.62,297.24,Active
775,Professional Rods,Fishing,Rods,14,26.89,49.09,Active
776,LED Camp Lighting,Camping,Lighting,34,137.6,229.14,Active
777,Professional Rods,Fishing,Rods,7,189.81,376.06,Active
778,Aluminum Paddles,Kayaking,Paddles,12,221.88,362.45,Discontinued
779,Tournament Reels,Fishing,Reels,29,47.96,134.18,Active
780,Outdoor Shirts,Apparel,Shirts,53,108.96,249.14,Active
781,Professional Rods,Fishing,Rods,36,140.95,271.34,Active
782,Outdoor Shirts,Apparel,Shirts,3,240.36,336.57,Active
783,Professional Rods,Fishing,Rods,1,42.42,112.26,Active
784,Explorer Backpacks,Hiking,Backpacks,45,15.21,38.8,Active
785,River Rods,Fishing,Rods,9,19.06,36.17,Active
786,RainShell Jackets,Apparel,Jackets,37,71.5,130.16,Discontinued
787,Professional Rods,Fishing,Rods,31,28.53,52.91,Active
788,Mountain Hiking Boots,Footwear,Hiking Boots,52,164.14,238.38,Discontinued
789,TrailMaster Tents,Camping,Tents,27,93.5,237.86,Active
790,Adventure Backpacks,Hiking,Backpacks,20,196.58,380.48,Active
791,Thermal Jackets,Apparel,Jackets,4,130.58,223.18,Discontinued
792,Summit Hiking Boots,Footwear,Hiking Boots,10,113.66,284.25,Active
793,Thermal Jackets,Apparel,Jackets,26,147.15,216.17,Active
794,Mountain Sleeping Bags,Camping,Sleeping Bags,49,114.28,271.65,Active
795,TrailPro Hiking Boots,Footwear,Hiking Boots,36,104.88,230.72,Active
796,Explorer Backpacks,Hiking,Backpacks,60,196.43,363.94,Active
797,Rechargeable Lighting,Camping,Lighting,21,111.65,210.75,Active
798,Lake Rods,Fishing,Rods,53,50.62,95.65,Discontinued
799,Lake Rods,Fishing,Rods,13,20.77,52.87,Active
800,Trail Backpacks,Hiking,Backpacks,40,187.5,326.3,Active
801,Thermal Jackets,Apparel,Jackets,29,176.51,274.61,Discontinued
802,Cold Weather Sleeping Bags,Camping,Sleeping Bags,35,187.6,318.29,Active
803,Tournament Reels,Fishing,Reels,45,185.18,295.9,Active
804,TrailPro Hiking Boots,Footwear,Hiking Boots,51,50.88,91.46,Active
805,Mountain Sleeping Bags,Camping,Sleeping Bags,43,236.84,353.66,Active
806,Carbon Paddles,Kayaking,Paddles,42,14.58,38.12,Discontinued
807,Ultralight Trekking Poles,Hiking,Trekking Poles,21,244.39,376.23,Discontinued
808,River Rods,Fishing,Rods,36,57.73,158.96,Active
809,TrailMaster Tents,Camping,Tents,11,90.06,175.69,Active
810,Outdoor Shirts,Apparel,Shirts,33,160.06,277.01,Active
811,Rechargeable Lighting,Camping,Lighting,53,220.88,584.57,Active
812,Spin Reels,Fishing,Reels,43,46.41,123.27,Active
813,Rechargeable Lighting,Camping,Lighting,56,134.97,317.07,Active
814,Mountain Hiking Boots,Footwear,Hiking Boots,59,46.66,128.72,Active
815,Summit Hiking Boots,Footwear,Hiking Boots,44,166.59,368.74,Active
816,Ultralight Trekking Poles,Hiking,Trekking Poles,9,179.23,382.36,Discontinued
817,Explorer Backpacks,Hiking,Backpacks,47,26.28,56.4,Active
818,Carbon Trekking Poles,Hiking,Trekking Poles,57,184.5,456.01,Discontinued
819,Adventure Trail Shoes,Footwear,Trail Shoes,41,188.95,481.89,Active
820,Trail Backpacks,Hiking,Backpacks,40,41.57,59.72,Active
821,Professional Rods,Fishing,Rods,23,65.72,155.25,Active
822,Carbon Paddles,Kayaking,Paddles,46,130.56,293.32,Active
823,Aluminum Trekking Poles,Hiking,Trekking Poles,15,123.72,201.58,Active
824,TrailPro Hiking Boots,Footwear,Hiking Boots,43,238.05,407.44,Active
825,Trail Backpacks,Hiking,Backpacks,56,232.5,646.32,Discontinued
826,Aluminum Paddles,Kayaking,Paddles,50,223.02,445.72,Active
827,Tournament Reels,Fishing,Reels,48,85.1,191.99,Active
828,Lake Rods,Fishing,Rods,57,119.66,314.57,Active
829,Tournament Reels,Fishing,Reels,49,19.42,37.72,Active
830,Aluminum Trekking Poles,Hiking,Trekking Poles,53,105.53,192.74,Active
831,TrailPro Hiking Boots,Footwear,Hiking Boots,45,80.66,216.7,Active
832,Runner Trail Shoes,Footwear,Trail Shoes,50,183.44,285.88,Active
833,Adventure Trail Shoes,Footwear,Trail Shoes,38,118.21,195.1,Active
834,TrailPro Hiking Boots,Footwear,Hiking Boots,46,87.78,202.6,Active
835,River Kayaks,Kayaking,Kayaks,24,37.4,75.89,Active
836,Tournament Reels,Fishing,Reels,11,199.86,422.97,Discontinued
837,Spin Reels,Fishing,Reels,37,194.38,520.39,Active
838,Trail Backpacks,Hiking,Backpacks,20,194.6,286.42,Active
839,Aluminum Paddles,Kayaking,Paddles,9,160.35,250.88,Active
840,Rechargeable Lighting,Camping,Lighting,32,12.93,27.11,Active
841,Spin Reels,Fishing,Reels,30,62.05,144.16,Discontinued
842,Mountain Hiking Boots,Footwear,Hiking Boots,36,154.02,268.4,Active
843,River Rods,Fishing,Rods,23,54.36,80.29,Active
844,Adventure Backpacks,Hiking,Backpacks,22,148.74,333.86,Active
845,Explorer Tents,Camping,Tents,19,248.5,404.03,Active
846,Runner Trail Shoes,Footwear,Trail Shoes,24,32.35,58.85,Discontinued
847,Mountain Sleeping Bags,Camping,Sleeping Bags,8,25.58,52.67,Active
848,Moisture Shirts,Apparel,Shirts,4,60.36,102.17,Active
849,Lake Rods,Fishing,Rods,51,183.78,412.9,Active
850,Adventure Trail Shoes,Footwear,Trail Shoes,23,136.09,380.1,Active
851,Tournament Reels,Fishing,Reels,52,185.0,387.91,Active
852,Professional Rods,Fishing,Rods,8,79.72,133.21,Active
853,Mountain Hiking Boots,Footwear,Hiking Boots,27,213.54,537.99,Discontinued
854,Trail Comfort Sleeping Bags,Camping,Sleeping Bags,1,144.5,331.27,Active
855,Aluminum Paddles,Kayaking,Paddles,33,199.65,365.54,Active
856,TrailMaster Tents,Camping,Tents,40,91.93,221.93,Active
857,Explorer Backpacks,Hiking,Backpacks,31,210.12,565.47,Discontinued
858,LED Camp Lighting,Camping,Lighting,58,125.56,286.04,Active
859,Explorer Trail Shoes,Footwear,Trail Shoes,37,23.45,49.94,Active
860,River Rods,Fishing,Rods,59,148.58,277.01,Active
861,TrailMaster Tents,Camping,Tents,25,211.78,397.05,Active
862,Spin Reels,Fishing,Reels,49,152.85,399.0,Active
863,Carbon Paddles,Kayaking,Paddles,57,75.16,114.36,Active
864,Outdoor Shirts,Apparel,Shirts,8,61.87,112.8,Active
865,Alpine Tents,Camping,Tents,31,116.51,167.18,Active
866,Aluminum Trekking Poles,Hiking,Trekking Poles,50,185.79,396.3,Active
867,Adventure Backpacks,Hiking,Backpacks,47,172.41,273.41,Active
868,Explorer Trail Shoes,Footwear,Trail Shoes,20,217.55,339.85,Active
869,Ocean Kayaks,Kayaking,Kayaks,34,122.05,178.75,Active
870,Rechargeable Lighting,Camping,Lighting,13,163.32,276.63,Active
871,Moisture Shirts,Apparel,Shirts,8,86.6,174.72,Active
872,Explorer Backpacks,Hiking,Backpacks,36,37.47,102.73,Active
873,Ultralight Trekking Poles,Hiking,Trekking Poles,46,86.44,138.15,Active
874,River Rods,Fishing,Rods,22,27.1,61.21,Discontinued
875,Alpine Tents,Camping,Tents,7,122.98,288.47,Discontinued
876,Explorer Tents,Camping,Tents,58,104.06,248.34,Discontinued
877,Pro Reels,Fishing,Reels,49,89.76,150.56,Active
878,Summit Hiking Boots,Footwear,Hiking Boots,30,205.08,551.17,Active
879,Explorer Trail Shoes,Footwear,Trail Shoes,31,164.66,407.22,Active
880,Adventure Backpacks,Hiking,Backpacks,12,71.93,137.3,Active
881,Outdoor Shirts,Apparel,Shirts,23,17.26,35.65,Discontinued
882,TrailPro Hiking Boots,Footwear,Hiking Boots,9,194.31,436.46,Active
883,TrailPro Hiking Boots,Footwear,Hiking Boots,20,143.48,215.12,Discontinued
884,Runner Trail Shoes,Footwear,Trail Shoes,31,159.01,344.6,Discontinued
885,Cold Weather Sleeping Bags,Camping,Sleeping Bags,51,205.34,457.37,Discontinued
886,Tournament Reels,Fishing,Reels,43,176.59,290.02,Active
887,Carbon Paddles,Kayaking,Paddles,36,152.12,311.55,Active
888,TrailPro Hiking Boots,Footwear,Hiking Boots,7,239.41,358.5,Discontinued
889,Moisture Shirts,Apparel,Shirts,53,168.44,257.17,Active
890,River Rods,Fishing,Rods,19,168.61,342.98,Discontinued
891,Spin Reels,Fishing,Reels,20,59.36,156.02,Active
892,Runner Trail Shoes,Footwear,Trail Shoes,33,149.85,338.07,Discontinued
893,Carbon Trekking Poles,Hiking,Trekking Poles,4,98.61,213.83,Active
894,Carbon Paddles,Kayaking,Paddles,16,216.7,566.01,Discontinued
895,Aluminum Paddles,Kayaking,Paddles,28,180.83,355.95,Active
896,Ocean Kayaks,Kayaking,Kayaks,54,43.38,94.46,Active
897,TrailPro Hiking Boots,Footwear,Hiking Boots,9,249.39,583.1,Active
898,LED Camp Lighting,Camping,Lighting,43,44.56,117.59,Discontinued
899,Trail Backpacks,Hiking,Backpacks,30,164.14,325.36,Discontinued
900,Lake Rods,Fishing,Rods,29,132.26,287.38,Discontinued
901,RainShell Jackets,Apparel,Jackets,32,111.95,157.89,Active
902,Aluminum Paddles,Kayaking,Paddles,3,232.38,512.84,Active
903,Tournament Reels,Fishing,Reels,45,98.46,217.83,Active
904,Aluminum Trekking Poles,Hiking,Trekking Poles,40,134.07,285.93,Active
905,Ultralight Trekking Poles,Hiking,Trekking Poles,5,188.0,515.98,Active
906,Lake Rods,Fishing,Rods,30,138.41,195.86,Discontinued
907,Pro Reels,Fishing,Reels,19,94.7,262.21,Active
908,Adventure Backpacks,Hiking,Backpacks,47,231.49,566.96,Active
909,Rechargeable Lighting,Camping,Lighting,43,148.75,327.55,Active
910,Ocean Kayaks,Kayaking,Kayaks,5,126.34,199.31,Active
911,StormGuard Jackets,Apparel,Jackets,1,77.43,201.4,Active
912,Professional Rods,Fishing,Rods,24,187.35,435.18,Active
913,Thermal Jackets,Apparel,Jackets,3,53.39,114.17,Active
914,Summit Tents,Camping,Tents,27,211.03,517.84,Discontinued
915,Ultralight Trekking Poles,Hiking,Trekking Poles,47,163.02,276.35,Active
916,Rechargeable Lighting,Camping,Lighting,11,191.32,298.92,Discontinued
917,Adventure Trail Shoes,Footwear,Trail Shoes,60,124.3,339.03,Active
918,Adventure Trail Shoes,Footwear,Trail Shoes,28,73.03,156.48,Active
919,Outdoor Shirts,Apparel,Shirts,44,172.84,474.7,Active
920,Outdoor Lantern Lighting,Camping,Lighting,40,94.92,245.08,Active
921,Outdoor Shirts,Apparel,Shirts,38,202.56,356.0,Discontinued
922,Mountain Hiking Boots,Footwear,Hiking Boots,34,171.25,424.48,Active
923,Ocean Kayaks,Kayaking,Kayaks,54,141.43,331.22,Active
924,Cold Weather Sleeping Bags,Camping,Sleeping Bags,23,136.06,321.06,Active
925,Aluminum Paddles,Kayaking,Paddles,6,56.34,80.75,Active
926,Professional Rods,Fishing,Rods,8,163.14,390.12,Active
927,Lake Rods,Fishing,Rods,37,167.53,445.61,Active
928,LED Camp Lighting,Camping,Lighting,60,70.8,145.4,Active
929,Aluminum Paddles,Kayaking,Paddles,43,194.65,461.15,Active
930,RainShell Jackets,Apparel,Jackets,25,76.55,113.86,Active
931,Trail Comfort Sleeping Bags,Camping,Sleeping Bags,60,52.7,78.9,Active
932,Spin Reels,Fishing,Reels,35,164.92,255.92,Discontinued
933,Explorer Backpacks,Hiking,Backpacks,5,181.7,280.65,Active
934,Pro Reels,Fishing,Reels,42,14.5,30.4,Active
935,Rechargeable Lighting,Camping,Lighting,58,73.94,175.98,Discontinued
936,Professional Rods,Fishing,Rods,31,179.83,445.87,Discontinued
937,Mountain Hiking Boots,Footwear,Hiking Boots,45,64.2,124.43,Discontinued
938,Outdoor Lantern Lighting,Camping,Lighting,44,234.41,445.96,Active
939,Mountain Hiking Boots,Footwear,Hiking Boots,24,249.28,574.82,Active
940,Trail Comfort Sleeping Bags,Camping,Sleeping Bags,3,165.47,272.57,Discontinued
941,Ocean Kayaks,Kayaking,Kayaks,41,177.01,469.97,Active
942,Mountain Hiking Boots,Footwear,Hiking Boots,3,115.12,191.7,Active
943,Outdoor Lantern Lighting,Camping,Lighting,51,67.24,130.73,Active
944,Runner Trail Shoes,Footwear,Trail Shoes,51,18.89,27.93,Active
945,Summit Hiking Boots,Footwear,Hiking Boots,30,203.7,475.49,Active
946,River Kayaks,Kayaking,Kayaks,42,18.85,30.13,Active
947,Summit Hiking Boots,Footwear,Hiking Boots,12,178.31,282.22,Active
948,Thermal Jackets,Apparel,Jackets,5,156.69,402.61,Active
949,Mountain Sleeping Bags,Camping,Sleeping Bags,52,201.8,344.84,Active
950,Explorer Trail Shoes,Footwear,Trail Shoes,44,172.82,320.4,Active
951,RainShell Jackets,Apparel,Jackets,8,152.34,284.83,Active
952,Carbon Trekking Poles,Hiking,Trekking Poles,29,177.11,385.17,Active
953,River Rods,Fishing,Rods,40,33.99,87.91,Discontinued
954,Explorer Backpacks,Hiking,Backpacks,60,29.37,41.42,Active
955,Aluminum Paddles,Kayaking,Paddles,31,176.44,442.71,Active
956,Adventure Backpacks,Hiking,Backpacks,16,75.03,152.35,Active
957,Professional Rods,Fishing,Rods,6,53.2,111.71,Active
958,Performance Shirts,Apparel,Shirts,34,143.85,240.04,Active
959,Tournament Reels,Fishing,Reels,41,131.81,270.2,Active
960,RainShell Jackets,Apparel,Jackets,55,37.04,59.59,Discontinued
961,Summit Hiking Boots,Footwear,Hiking Boots,42,170.83,249.47,Active
962,Thermal Jackets,Apparel,Jackets,57,70.33,159.2,Discontinued
963,Alpine Tents,Camping,Tents,51,231.97,381.88,Active
964,Summit Hiking Boots,Footwear,Hiking Boots,38,224.82,541.81,Active
965,Mountain Hiking Boots,Footwear,Hiking Boots,50,172.44,320.04,Active
966,RainShell Jackets,Apparel,Jackets,13,66.91,132.32,Discontinued
967,Explorer Backpacks,Hiking,Backpacks,28,150.42,222.03,Active
968,Carbon Trekking Poles,Hiking,Trekking Poles,47,102.96,163.81,Active
969,Aluminum Paddles,Kayaking,Paddles,45,58.53,92.37,Active
970,RainShell Jackets,Apparel,Jackets,11,214.4,437.81,Active
971,Ultralight Trekking Poles,Hiking,Trekking Poles,40,47.63,119.67,Active
972,River Rods,Fishing,Rods,56,108.81,231.82,Active
973,Pro Reels,Fishing,Reels,48,77.0,186.5,Active
974,Aluminum Trekking Poles,Hiking,Trekking Poles,38,149.07,394.82,Active
975,Lake Rods,Fishing,Rods,31,245.24,357.09,Active
976,Adventure Trail Shoes,Footwear,Trail Shoes,7,204.33,485.35,Discontinued
977,Summit Hiking Boots,Footwear,Hiking Boots,47,144.04,204.16,Discontinued
978,Explorer Backpacks,Hiking,Backpacks,6,80.99,186.82,Active
979,Runner Trail Shoes,Footwear,Trail Shoes,48,178.79,465.05,Active
980,Runner Trail Shoes,Footwear,Trail Shoes,51,219.81,432.48,Active
981,Carbon Paddles,Kayaking,Paddles,58,216.49,324.51,Active
982,Lake Rods,Fishing,Rods,40,112.22,199.49,Active
983,Explorer Kayaks,Kayaking,Kayaks,4,221.4,538.02,Active
984,Explorer Tents,Camping,Tents,24,97.74,221.56,Active
985,Adventure Backpacks,Hiking,Backpacks,22,180.24,303.99,Active
986,Professional Rods,Fishing,Rods,38,124.84,338.92,Active
987,Ocean Kayaks,Kayaking,Kayaks,44,94.65,167.94,Discontinued
988,RainShell Jackets,Apparel,Jackets,33,99.48,202.28,Active
989,Adventure Trail Shoes,Footwear,Trail Shoes,45,159.03,400.73,Active
990,Carbon Trekking Poles,Hiking,Trekking Poles,19,29.24,77.69,Active
991,TrailMaster Tents,Camping,Tents,10,36.89,59.29,Active
992,Lake Rods,Fishing,Rods,60,109.97,259.02,Active
993,Adventure Trail Shoes,Footwear,Trail Shoes,19,116.53,268.32,Active
994,Summit Tents,Camping,Tents,22,210.39,447.6,Discontinued
995,Tournament Reels,Fishing,Reels,38,165.05,306.47,Discontinued
996,Explorer Trail Shoes,Footwear,Trail Shoes,11,41.67,104.39,Active
997,Aluminum Trekking Poles,Hiking,Trekking Poles,4,242.97,601.99,Active
998,Outdoor Shirts,Apparel,Shirts,11,239.49,542.7,Active
999,Adventure Backpacks,Hiking,Backpacks,10,176.29,411.27,Active
1000,Trail Backpacks,Hiking,Backpacks,29,248.51,547.8,Active
1001,RainShell Jackets,Apparel,Jackets,21,145.0,210.04,Active
1002,Aluminum Trekking Poles,Hiking,Trekking Poles,20,139.57,227.17,Active
1003,Trail Comfort Sleeping Bags,Camping,Sleeping Bags,60,194.44,530.22,Active
1004,Adventure Backpacks,Hiking,Backpacks,42,141.07,297.71,Active
1005,Explorer Trail Shoes,Footwear,Trail Shoes,47,170.05,428.43,Discontinued
1006,StormGuard Jackets,Apparel,Jackets,44,124.96,181.96,Active
1007,Thermal Jackets,Apparel,Jackets,23,158.21,270.3,Active
1008,StormGuard Jackets,Apparel,Jackets,15,163.92,363.38,Active
1009,Trail Backpacks,Hiking,Backpacks,43,139.22,281.73,Active
1010,Spin Reels,Fishing,Reels,33,127.71,286.64,Active
1011,Aluminum Paddles,Kayaking,Paddles,24,45.51,118.11,Discontinued
1012,Thermal Jackets,Apparel,Jackets,29,92.78,169.91,Active
1013,Ultralight Trekking Poles,Hiking,Trekking Poles,19,248.22,626.8,Active
1014,Aluminum Paddles,Kayaking,Paddles,6,43.5,96.66,Active
1015,Aluminum Trekking Poles,Hiking,Trekking Poles,22,247.21,527.9,Active
1016,Spin Reels,Fishing,Reels,18,11.59,26.59,Discontinued
1017,Ultralight Trekking Poles,Hiking,Trekking Poles,13,146.3,392.2,Active
1018,Explorer Trail Shoes,Footwear,Trail Shoes,20,127.74,325.98,Active
1019,Runner Trail Shoes,Footwear,Trail Shoes,17,16.44,23.07,Active
1020,Carbon Paddles,Kayaking,Paddles,27,166.92,442.3,Active
1021,Summit Hiking Boots,Footwear,Hiking Boots,5,38.65,69.11,Active
1022,Tournament Reels,Fishing,Reels,44,114.66,201.92,Discontinued
1023,Ocean Kayaks,Kayaking,Kayaks,55,133.01,293.34,Active
1024,Trail Backpacks,Hiking,Backpacks,9,86.72,228.04,Active
1025,Explorer Backpacks,Hiking,Backpacks,23,96.68,221.47,Active
1026,Moisture Shirts,Apparel,Shirts,13,163.35,246.26,Active
1027,LED Camp Lighting,Camping,Lighting,53,140.49,368.28,Active
1028,Performance Shirts,Apparel,Shirts,10,138.26,261.63,Active
1029,Aluminum Trekking Poles,Hiking,Trekking Poles,59,196.91,389.25,Active
1030,Summit Tents,Camping,Tents,51,130.81,335.42,Active
1031,Runner Trail Shoes,Footwear,Trail Shoes,2,37.98,60.15,Discontinued
1032,Moisture Shirts,Apparel,Shirts,57,97.02,246.8,Active
1033,Carbon Trekking Poles,Hiking,Trekking Poles,9,188.67,295.46,Active
1034,Ocean Kayaks,Kayaking,Kayaks,6,40.08,63.42,Discontinued
1035,River Kayaks,Kayaking,Kayaks,28,14.51,30.15,Active
1036,Trail Backpacks,Hiking,Backpacks,4,200.33,424.47,Discontinued
1037,Cold Weather Sleeping Bags,Camping,Sleeping Bags,49,25.9,60.47,Active
1038,LED Camp Lighting,Camping,Lighting,43,151.02,253.72,Active
1039,Summit Tents,Camping,Tents,38,213.01,579.09,Active
1040,StormGuard Jackets,Apparel,Jackets,33,197.39,445.73,Active
1041,LED Camp Lighting,Camping,Lighting,19,136.92,328.9,Active
1042,Professional Rods,Fishing,Rods,33,33.68,57.24,Discontinued
1043,Thermal Jackets,Apparel,Jackets,54,171.65,266.1,Active
1044,Runner Trail Shoes,Footwear,Trail Shoes,49,133.42,262.92,Active
1045,Cold Weather Sleeping Bags,Camping,Sleeping Bags,24,134.73,282.14,Active
1046,River Rods,Fishing,Rods,19,88.75,138.63,Discontinued
1047,Tournament Reels,Fishing,Reels,36,244.28,493.82,Discontinued
1048,Performance Shirts,Apparel,Shirts,52,215.63,571.99,Discontinued
1049,Carbon Paddles,Kayaking,Paddles,44,13.07,30.63,Active
1050,Explorer Trail Shoes,Footwear,Trail Shoes,10,168.05,255.27,Discontinued
1051,Mountain Hiking Boots,Footwear,Hiking Boots,5,232.07,642.6,Active
1052,Carbon Trekking Poles,Hiking,Trekking Poles,8,152.79,425.81,Active
1053,Adventure Trail Shoes,Footwear,Trail Shoes,38,193.56,478.55,Active
1054,Aluminum Paddles,Kayaking,Paddles,26,124.2,278.76,Discontinued
1055,Spin Reels,Fishing,Reels,17,194.32,301.44,Discontinued
1056,Mountain Hiking Boots,Footwear,Hiking Boots,48,236.18,340.48,Active
1057,Mountain Sleeping Bags,Camping,Sleeping Bags,39,16.42,27.11,Active
1058,Ultralight Trekking Poles,Hiking,Trekking Poles,43,159.58,393.24,Discontinued
1059,TrailPro Hiking Boots,Footwear,Hiking Boots,17,168.9,352.38,Active
1060,River Rods,Fishing,Rods,8,247.77,652.17,Discontinued
1061,Adventure Trail Shoes,Footwear,Trail Shoes,12,116.21,168.55,Active
1062,Ocean Kayaks,Kayaking,Kayaks,25,113.36,208.29,Discontinued
1063,Outdoor Lantern Lighting,Camping,Lighting,35,127.73,277.85,Discontinued
1064,Mountain Hiking Boots,Footwear,Hiking Boots,38,23.38,41.35,Discontinued
1065,Pro Reels,Fishing,Reels,3,86.92,125.11,Active
1066,Moisture Shirts,Apparel,Shirts,41,150.15,371.06,Active
1067,TrailPro Hiking Boots,Footwear,Hiking Boots,23,92.83,176.41,Active
1068,River Kayaks,Kayaking,Kayaks,6,66.31,121.81,Active
1069,Thermal Jackets,Apparel,Jackets,3,50.75,109.3,Discontinued
1070,Aluminum Paddles,Kayaking,Paddles,38,73.99,175.68,Active
1071,Moisture Shirts,Apparel,Shirts,52,103.67,228.24,Discontinued
1072,Outdoor Lantern Lighting,Camping,Lighting,52,59.42,124.51,Active
1073,Aluminum Trekking Poles,Hiking,Trekking Poles,41,242.66,408.27,Active
1074,Lake Rods,Fishing,Rods,37,73.64,133.75,Discontinued
1075,Adventure Backpacks,Hiking,Backpacks,22,212.6,325.84,Active
1076,Outdoor Lantern Lighting,Camping,Lighting,51,124.06,210.11,Active
1077,Aluminum Paddles,Kayaking,Paddles,13,113.9,245.56,Discontinued
1078,Explorer Trail Shoes,Footwear,Trail Shoes,36,133.69,312.86,Active
1079,Outdoor Lantern Lighting,Camping,Lighting,32,133.89,222.41,Active
1080,Aluminum Paddles,Kayaking,Paddles,40,234.92,504.09,Discontinued
1081,Professional Rods,Fishing,Rods,16,58.16,119.08,Active
1082,Aluminum Paddles,Kayaking,Paddles,59,108.46,282.46,Active
1083,Ocean Kayaks,Kayaking,Kayaks,11,74.06,133.45,Active
1084,Ocean Kayaks,Kayaking,Kayaks,2,67.24,108.25,Active
1085,Outdoor Shirts,Apparel,Shirts,42,144.36,290.25,Active
1086,Explorer Backpacks,Hiking,Backpacks,52,42.74,75.3,Active
1087,Explorer Kayaks,Kayaking,Kayaks,32,214.61,590.03,Active
1088,TrailMaster Tents,Camping,Tents,58,154.38,403.56,Discontinued
1089,Thermal Jackets,Apparel,Jackets,9,236.36,570.56,Active
1090,Outdoor Lantern Lighting,Camping,Lighting,43,130.06,204.05,Active
1091,Summit Hiking Boots,Footwear,Hiking Boots,21,153.96,382.2,Active
1092,Tournament Reels,Fishing,Reels,14,188.55,510.91,Active
1093,Summit Tents,Camping,Tents,17,242.78,489.27,Active
1094,Explorer Trail Shoes,Footwear,Trail Shoes,28,237.69,438.08,Discontinued
1095,Ocean Kayaks,Kayaking,Kayaks,24,221.06,599.46,Discontinued
1096,Aluminum Paddles,Kayaking,Paddles,39,15.06,41.47,Active
1097,Explorer Kayaks,Kayaking,Kayaks,17,230.19,538.7,Discontinued
1098,Moisture Shirts,Apparel,Shirts,55,39.29,102.69,Discontinued
1099,TrailPro Hiking Boots,Footwear,Hiking Boots,20,232.6,624.55,Active
1100,Carbon Trekking Poles,Hiking,Trekking Poles,29,216.26,351.28,Active
1101,Carbon Paddles,Kayaking,Paddles,50,75.77,114.57,Discontinued
1102,Adventure Trail Shoes,Footwear,Trail Shoes,53,182.17,478.65,Active
1103,Ultralight Trekking Poles,Hiking,Trekking Poles,47,25.93,51.58,Active
1104,Summit Hiking Boots,Footwear,Hiking Boots,29,163.93,271.67,Active
1105,Cold Weather Sleeping Bags,Camping,Sleeping Bags,6,160.79,295.73,Active
1106,Adventure Backpacks,Hiking,Backpacks,42,181.26,448.56,Active
1107,Pro Reels,Fishing,Reels,9,118.36,310.45,Active
1108,Aluminum Trekking Poles,Hiking,Trekking Poles,12,57.68,114.22,Discontinued
1109,Summit Hiking Boots,Footwear,Hiking Boots,42,237.55,639.57,Active
1110,Cold Weather Sleeping Bags,Camping,Sleeping Bags,4,72.83,188.82,Discontinued
1111,Tournament Reels,Fishing,Reels,24,72.44,110.45,Active
1112,River Rods,Fishing,Rods,59,182.46,366.6,Discontinued
1113,Carbon Paddles,Kayaking,Paddles,56,63.88,107.6,Active
1114,Outdoor Shirts,Apparel,Shirts,39,41.25,107.2,Active
1115,Thermal Jackets,Apparel,Jackets,2,53.29,133.73,Active
1116,StormGuard Jackets,Apparel,Jackets,38,118.23,206.62,Discontinued
1117,Explorer Tents,Camping,Tents,45,41.97,77.75,Discontinued
1118,Explorer Kayaks,Kayaking,Kayaks,39,102.04,203.33,Active
1119,Alpine Tents,Camping,Tents,31,22.51,60.86,Active
1120,River Rods,Fishing,Rods,20,70.88,160.72,Discontinued
1121,Carbon Paddles,Kayaking,Paddles,38,242.33,529.1,Active
1122,StormGuard Jackets,Apparel,Jackets,30,128.28,240.51,Active
1123,Mountain Sleeping Bags,Camping,Sleeping Bags,8,137.3,219.48,Active
1124,Explorer Tents,Camping,Tents,48,219.2,563.06,Active
1125,Adventure Trail Shoes,Footwear,Trail Shoes,17,157.1,387.44,Active
1126,TrailPro Hiking Boots,Footwear,Hiking Boots,10,186.85,390.1,Discontinued
1127,Summit Tents,Camping,Tents,31,23.1,38.26,Active
1128,Aluminum Trekking Poles,Hiking,Trekking Poles,32,37.85,100.43,Active
1129,Explorer Trail Shoes,Footwear,Trail Shoes,8,144.61,295.13,Active
1130,Cold Weather Sleeping Bags,Camping,Sleeping Bags,54,58.9,105.89,Active
1131,Carbon Paddles,Kayaking,Paddles,34,150.05,414.18,Active
1132,Summit Hiking Boots,Footwear,Hiking Boots,57,194.38,456.34,Active
1133,Mountain Sleeping Bags,Camping,Sleeping Bags,24,245.52,385.66,Active
1134,RainShell Jackets,Apparel,Jackets,43,29.46,75.51,Discontinued
1135,Explorer Trail Shoes,Footwear,Trail Shoes,3,167.92,312.53,Discontinued
1136,RainShell Jackets,Apparel,Jackets,19,217.19,547.79,Active
1137,LED Camp Lighting,Camping,Lighting,6,141.32,317.01,Discontinued
1138,RainShell Jackets,Apparel,Jackets,6,241.61,631.02,Active
1139,Explorer Backpacks,Hiking,Backpacks,49,197.08,354.53,Active
1140,Trail Comfort Sleeping Bags,Camping,Sleeping Bags,59,202.26,491.54,Active
1141,Ocean Kayaks,Kayaking,Kayaks,33,169.72,435.31,Active
1142,Adventure Trail Shoes,Footwear,Trail Shoes,28,124.35,272.11,Active
1143,Explorer Trail Shoes,Footwear,Trail Shoes,6,54.73,124.95,Active
1144,Pro Reels,Fishing,Reels,46,172.35,397.55,Active
1145,TrailPro Hiking Boots,Footwear,Hiking Boots,52,122.37,184.88,Discontinued
1146,RainShell Jackets,Apparel,Jackets,16,174.24,317.22,Discontinued
1147,StormGuard Jackets,Apparel,Jackets,7,28.37,41.51,Discontinued
1148,TrailPro Hiking Boots,Footwear,Hiking Boots,17,168.61,370.25,Active
1149,StormGuard Jackets,Apparel,Jackets,30,13.9,33.87,Active
1150,Carbon Trekking Poles,Hiking,Trekking Poles,20,29.99,78.8,Active
1151,Tournament Reels,Fishing,Reels,22,117.99,298.63,Active
1152,Trail Backpacks,Hiking,Backpacks,56,189.29,425.08,Active
1153,Summit Hiking Boots,Footwear,Hiking Boots,42,104.78,148.64,Discontinued
1154,Explorer Trail Shoes,Footwear,Trail Shoes,32,241.79,542.25,Active
1155,Tournament Reels,Fishing,Reels,26,171.71,406.34,Active
1156,Summit Tents,Camping,Tents,2,13.33,20.75,Active
1157,Explorer Tents,Camping,Tents,28,165.67,382.64,Active
1158,Trail Comfort Sleeping Bags,Camping,Sleeping Bags,8,45.56,90.69,Active
1159,Aluminum Trekking Poles,Hiking,Trekking Poles,38,123.16,320.67,Active
1160,Ultralight Trekking Poles,Hiking,Trekking Poles,22,209.07,407.36,Active
1161,Outdoor Lantern Lighting,Camping,Lighting,32,113.63,225.21,Active
1162,Trail Comfort Sleeping Bags,Camping,Sleeping Bags,40,126.66,282.13,Discontinued
1163,Adventure Backpacks,Hiking,Backpacks,36,14.56,32.13,Active
1164,Outdoor Shirts,Apparel,Shirts,42,38.07,86.49,Active
1165,Runner Trail Shoes,Footwear,Trail Shoes,31,48.72,117.74,Active
1166,Mountain Hiking Boots,Footwear,Hiking Boots,22,62.73,167.66,Discontinued
1167,Ultralight Trekking Poles,Hiking,Trekking Poles,54,180.73,495.87,Active
1168,Mountain Hiking Boots,Footwear,Hiking Boots,6,59.73,141.38,Discontinued
1169,Trail Backpacks,Hiking,Backpacks,51,47.52,99.27,Discontinued
1170,Runner Trail Shoes,Footwear,Trail Shoes,2,60.26,88.33,Active
1171,Moisture Shirts,Apparel,Shirts,58,48.07,123.02,Active
1172,Trail Comfort Sleeping Bags,Camping,Sleeping Bags,36,37.35,64.14,Active
1173,Adventure Trail Shoes,Footwear,Trail Shoes,50,198.37,491.39,Active
1174,Adventure Backpacks,Hiking,Backpacks,52,22.1,60.22,Discontinued
1175,Alpine Tents,Camping,Tents,7,207.67,302.94,Active
1176,River Kayaks,Kayaking,Kayaks,19,228.64,370.36,Discontinued
1177,Tournament Reels,Fishing,Reels,24,218.92,353.78,Active
1178,Trail Backpacks,Hiking,Backpacks,50,115.39,228.71,Active
1179,Aluminum Trekking Poles,Hiking,Trekking Poles,18,78.82,129.25,Active
1180,Aluminum Paddles,Kayaking,Paddles,49,161.07,280.85,Discontinued
1181,Explorer Backpacks,Hiking,Backpacks,30,109.22,215.49,Active
1182,Cold Weather Sleeping Bags,Camping,Sleeping Bags,34,194.84,468.53,Active
1183,Trail Comfort Sleeping Bags,Camping,Sleeping Bags,28,106.4,264.01,Active
1184,Mountain Hiking Boots,Footwear,Hiking Boots,37,231.4,372.86,Active
1185,Aluminum Paddles,Kayaking,Paddles,36,106.48,250.57,Active
1186,Aluminum Paddles,Kayaking,Paddles,34,11.9,21.32,Active
1187,Aluminum Paddles,Kayaking,Paddles,40,164.53,434.79,Discontinued
1188,Aluminum Paddles,Kayaking,Paddles,6,196.1,516.4,Active
1189,Pro Reels,Fishing,Reels,9,184.02,448.29,Active
1190,Adventure Backpacks,Hiking,Backpacks,49,142.43,303.36,Active
1191,TrailMaster Tents,Camping,Tents,47,67.92,168.7,Discontinued
1192,Professional Rods,Fishing,Rods,41,24.39,46.88,Active
1193,Alpine Tents,Camping,Tents,1,117.7,259.11,Discontinued
1194,StormGuard Jackets,Apparel,Jackets,58,247.36,542.17,Active
1195,Outdoor Shirts,Apparel,Shirts,37,170.06,432.14,Active
1196,Carbon Paddles,Kayaking,Paddles,13,35.25,74.84,Active
1197,Summit Hiking Boots,Footwear,Hiking Boots,6,180.79,462.79,Active
1198,Cold Weather Sleeping Bags,Camping,Sleeping Bags,24,124.3,251.66,Discontinued
1199,Pro Reels,Fishing,Reels,29,150.23,344.18,Discontinued
1200,Carbon Paddles,Kayaking,Paddles,46,44.64,70.44,Discontinued
1201,Adventure Backpacks,Hiking,Backpacks,48,61.03,125.89,Active
1202,Spin Reels,Fishing,Reels,8,154.38,304.45,Active
1203,Spin Reels,Fishing,Reels,20,135.47,211.99,Active
1204,Outdoor Shirts,Apparel,Shirts,51,16.71,26.74,Discontinued
1205,Trail Comfort Sleeping Bags,Camping,Sleeping Bags,32,61.74,157.24,Active
1206,Rechargeable Lighting,Camping,Lighting,31,26.22,38.35,Active
1207,Pro Reels,Fishing,Reels,47,197.52,407.94,Active
1208,Aluminum Trekking Poles,Hiking,Trekking Poles,47,170.13,273.67,Active
1209,Outdoor Lantern Lighting,Camping,Lighting,58,159.66,310.08,Discontinued
1210,StormGuard Jackets,Apparel,Jackets,42,223.61,543.43,Active
1211,Adventure Backpacks,Hiking,Backpacks,20,161.23,399.89,Active
1212,River Kayaks,Kayaking,Kayaks,49,239.24,516.42,Active
1213,Lake Rods,Fishing,Rods,43,130.63,186.3,Active
1214,Cold Weather Sleeping Bags,Camping,Sleeping Bags,57,68.87,164.45,Discontinued
1215,Outdoor Lantern Lighting,Camping,Lighting,32,86.9,193.3,Active
1216,Performance Shirts,Apparel,Shirts,21,109.58,285.29,Discontinued
1217,RainShell Jackets,Apparel,Jackets,19,245.15,529.15,Active
1218,Carbon Trekking Poles,Hiking,Trekking Poles,44,47.01,128.48,Active
1219,Rechargeable Lighting,Camping,Lighting,20,53.55,128.45,Discontinued
1220,Cold Weather Sleeping Bags,Camping,Sleeping Bags,25,109.08,202.22,Active
1221,Summit Tents,Camping,Tents,32,190.51,423.02,Discontinued
1222,Cold Weather Sleeping Bags,Camping,Sleeping Bags,5,86.4,187.87,Discontinued
1223,Mountain Sleeping Bags,Camping,Sleeping Bags,18,66.1,174.54,Active
1224,Explorer Backpacks,Hiking,Backpacks,55,146.38,296.33,Active
1225,Ultralight Trekking Poles,Hiking,Trekking Poles,35,246.47,614.9,Discontinued
1226,Spin Reels,Fishing,Reels,54,10.24,21.0,Active
1227,River Kayaks,Kayaking,Kayaks,18,24.44,65.76,Active
1228,Aluminum Paddles,Kayaking,Paddles,54,212.19,360.27,Active
1229,Alpine Tents,Camping,Tents,8,82.15,160.47,Active
1230,Aluminum Paddles,Kayaking,Paddles,52,60.6,127.67,Active
1231,Aluminum Paddles,Kayaking,Paddles,18,245.11,586.02,Active
1232,Aluminum Paddles,Kayaking,Paddles,22,60.55,166.06,Active
1233,Explorer Kayaks,Kayaking,Kayaks,1,231.34,521.05,Active
1234,Ocean Kayaks,Kayaking,Kayaks,32,143.39,340.56,Discontinued
1235,Professional Rods,Fishing,Rods,58,166.3,358.23,Discontinued
1236,Ocean Kayaks,Kayaking,Kayaks,39,243.29,468.8,Active
1237,Mountain Hiking Boots,Footwear,Hiking Boots,24,246.11,387.54,Active
1238,Summit Hiking Boots,Footwear,Hiking Boots,44,188.35,463.68,Active
1239,Adventure Backpacks,Hiking,Backpacks,15,160.06,405.24,Active
1240,Runner Trail Shoes,Footwear,Trail Shoes,46,77.38,206.32,Active
1241,Explorer Tents,Camping,Tents,33,36.63,65.5,Discontinued
1242,Adventure Backpacks,Hiking,Backpacks,39,187.32,438.52,Active
1243,LED Camp Lighting,Camping,Lighting,60,189.03,298.37,Active
1244,Spin Reels,Fishing,Reels,45,213.44,305.72,Active
1245,Carbon Paddles,Kayaking,Paddles,42,235.09,540.08,Active
1246,Outdoor Shirts,Apparel,Shirts,30,75.77,178.23,Discontinued
1247,StormGuard Jackets,Apparel,Jackets,27,63.89,114.31,Discontinued
1248,Thermal Jackets,Apparel,Jackets,37,56.71,85.89,Active
1249,Explorer Kayaks,Kayaking,Kayaks,16,111.72,168.05,Active
1250,Aluminum Trekking Poles,Hiking,Trekking Poles,2,25.08,57.07,Discontinued
1251,Mountain Hiking Boots,Footwear,Hiking Boots,54,201.33,545.42,Active
1252,Explorer Backpacks,Hiking,Backpacks,4,67.21,126.16,Active
1253,River Rods,Fishing,Rods,49,196.18,444.82,Active
1254,Carbon Paddles,Kayaking,Paddles,3,30.53,45.34,Discontinued
1255,RainShell Jackets,Apparel,Jackets,4,24.88,62.78,Active
1256,Spin Reels,Fishing,Reels,4,34.44,50.91,Active
1257,Runner Trail Shoes,Footwear,Trail Shoes,56,158.15,312.43,Active
1258,Adventure Trail Shoes,Footwear,Trail Shoes,40,200.84,528.59,Active
1259,Thermal Jackets,Apparel,Jackets,7,134.13,298.16,Active
1260,Outdoor Lantern Lighting,Camping,Lighting,13,26.21,65.66,Active
1261,Aluminum Paddles,Kayaking,Paddles,29,111.04,268.1,Active
1262,Trail Backpacks,Hiking,Backpacks,28,24.52,45.03,Active
1263,RainShell Jackets,Apparel,Jackets,19,122.69,275.4,Active
1264,Outdoor Lantern Lighting,Camping,Lighting,16,167.84,268.95,Active
1265,Runner Trail Shoes,Footwear,Trail Shoes,13,244.36,561.24,Active
1266,StormGuard Jackets,Apparel,Jackets,30,124.17,294.11,Active
1267,Tournament Reels,Fishing,Reels,7,81.91,152.36,Discontinued
1268,Cold Weather Sleeping Bags,Camping,Sleeping Bags,45,230.79,529.5,Active
1269,Summit Hiking Boots,Footwear,Hiking Boots,53,125.38,310.4,Active
1270,Carbon Paddles,Kayaking,Paddles,1,106.08,271.2,Active
1271,TrailMaster Tents,Camping,Tents,19,17.2,26.85,Discontinued
1272,Carbon Trekking Poles,Hiking,Trekking Poles,19,244.07,409.74,Active
1273,Ultralight Trekking Poles,Hiking,Trekking Poles,16,51.83,134.06,Active
1274,Trail Backpacks,Hiking,Backpacks,2,212.29,567.86,Active
1275,TrailPro Hiking Boots,Footwear,Hiking Boots,16,234.67,428.77,Active
1276,StormGuard Jackets,Apparel,Jackets,57,244.5,683.81,Discontinued
1277,River Kayaks,Kayaking,Kayaks,51,44.66,120.31,Active
1278,Ultralight Trekking Poles,Hiking,Trekking Poles,41,99.82,223.53,Active
1279,Outdoor Lantern Lighting,Camping,Lighting,51,55.38,119.05,Active
1280,RainShell Jackets,Apparel,Jackets,9,161.07,288.65,Discontinued
1281,Explorer Backpacks,Hiking,Backpacks,11,199.84,451.81,Discontinued
1282,Aluminum Paddles,Kayaking,Paddles,46,134.53,222.05,Active
1283,Tournament Reels,Fishing,Reels,38,239.38,493.9,Discontinued
1284,River Kayaks,Kayaking,Kayaks,56,62.69,105.58,Active
1285,TrailPro Hiking Boots,Footwear,Hiking Boots,11,112.01,215.95,Active
1286,RainShell Jackets,Apparel,Jackets,34,190.39,345.19,Active
1287,Explorer Backpacks,Hiking,Backpacks,29,132.94,248.72,Discontinued
1288,Adventure Trail Shoes,Footwear,Trail Shoes,25,203.08,374.44,Active
1289,Carbon Trekking Poles,Hiking,Trekking Poles,58,73.75,111.09,Active
1290,Thermal Jackets,Apparel,Jackets,5,232.39,357.36,Active
1291,LED Camp Lighting,Camping,Lighting,17,90.1,211.3,Active
1292,Carbon Paddles,Kayaking,Paddles,55,179.35,501.68,Active
1293,Trail Comfort Sleeping Bags,Camping,Sleeping Bags,26,207.35,517.62,Discontinued
1294,Lake Rods,Fishing,Rods,10,166.98,465.04,Discontinued
1295,Adventure Backpacks,Hiking,Backpacks,34,189.79,391.77,Discontinued
1296,Aluminum Paddles,Kayaking,Paddles,13,200.06,367.77,Discontinued
1297,Carbon Paddles,Kayaking,Paddles,2,115.28,299.05,Active
1298,Explorer Backpacks,Hiking,Backpacks,52,236.4,334.16,Active
1299,Thermal Jackets,Apparel,Jackets,49,112.17,275.23,Active
1300,StormGuard Jackets,Apparel,Jackets,10,198.49,534.14,Active
1301,Pro Reels,Fishing,Reels,35,59.01,114.89,Discontinued
1302,Carbon Trekking Poles,Hiking,Trekking Poles,41,88.92,244.24,Active
1303,Alpine Tents,Camping,Tents,53,171.97,283.53,Discontinued
1304,Summit Tents,Camping,Tents,19,26.68,73.32,Active
1305,Ultralight Trekking Poles,Hiking,Trekking Poles,24,135.85,276.66,Active
1306,Aluminum Trekking Poles,Hiking,Trekking Poles,9,103.87,289.32,Discontinued
1307,TrailPro Hiking Boots,Footwear,Hiking Boots,9,239.22,624.84,Active
1308,Moisture Shirts,Apparel,Shirts,37,169.55,275.06,Active
1309,Professional Rods,Fishing,Rods,13,182.03,371.8,Active
1310,Carbon Trekking Poles,Hiking,Trekking Poles,16,207.9,467.11,Active
1311,Pro Reels,Fishing,Reels,6,121.05,176.09,Active
1312,Aluminum Paddles,Kayaking,Paddles,20,178.08,426.73,Discontinued
1313,Lake Rods,Fishing,Rods,47,69.79,185.64,Discontinued
1314,Explorer Trail Shoes,Footwear,Trail Shoes,26,54.03,118.65,Active
1315,Explorer Backpacks,Hiking,Backpacks,43,221.81,477.52,Active
1316,Ocean Kayaks,Kayaking,Kayaks,8,108.71,268.14,Active
1317,TrailMaster Tents,Camping,Tents,14,108.42,176.81,Active
1318,Summit Hiking Boots,Footwear,Hiking Boots,30,163.33,383.15,Discontinued
1319,Performance Shirts,Apparel,Shirts,8,105.2,148.86,Active
1320,Outdoor Shirts,Apparel,Shirts,43,120.73,182.97,Active
1321,Carbon Paddles,Kayaking,Paddles,11,122.99,220.25,Active
1322,LED Camp Lighting,Camping,Lighting,48,52.54,82.69,Discontinued
1323,Adventure Backpacks,Hiking,Backpacks,10,193.26,453.84,Discontinued
1324,RainShell Jackets,Apparel,Jackets,35,181.46,480.83,Active
1325,Mountain Hiking Boots,Footwear,Hiking Boots,46,204.76,470.42,Active
1326,Adventure Trail Shoes,Footwear,Trail Shoes,50,22.58,31.76,Discontinued
1327,Explorer Backpacks,Hiking,Backpacks,2,228.1,383.2,Discontinued
1328,TrailMaster Tents,Camping,Tents,5,206.93,486.69,Active
1329,LED Camp Lighting,Camping,Lighting,33,183.76,268.59,Active
1330,Moisture Shirts,Apparel,Shirts,60,160.43,364.9,Discontinued
1331,Summit Hiking Boots,Footwear,Hiking Boots,12,61.31,116.44,Active
1332,Runner Trail Shoes,Footwear,Trail Shoes,5,103.4,211.17,Active
1333,Carbon Paddles,Kayaking,Paddles,20,26.16,44.63,Discontinued
1334,Outdoor Lantern Lighting,Camping,Lighting,37,199.9,537.95,Active
1335,StormGuard Jackets,Apparel,Jackets,25,87.85,200.58,Active
1336,StormGuard Jackets,Apparel,Jackets,55,192.81,455.55,Discontinued
1337,Cold Weather Sleeping Bags,Camping,Sleeping Bags,25,156.05,346.28,Active
1338,River Rods,Fishing,Rods,8,15.09,37.16,Active
1339,Carbon Trekking Poles,Hiking,Trekking Poles,24,158.74,235.55,Discontinued
1340,RainShell Jackets,Apparel,Jackets,16,100.18,230.3,Discontinued
1341,Carbon Paddles,Kayaking,Paddles,49,76.75,176.61,Active
1342,Tournament Reels,Fishing,Reels,15,205.05,502.53,Active
1343,RainShell Jackets,Apparel,Jackets,43,139.43,372.18,Active
1344,Explorer Kayaks,Kayaking,Kayaks,12,219.45,467.44,Discontinued
1345,River Kayaks,Kayaking,Kayaks,13,218.77,327.71,Active
1346,River Kayaks,Kayaking,Kayaks,36,40.13,65.94,Active
1347,Explorer Backpacks,Hiking,Backpacks,47,184.0,337.83,Active
1348,Carbon Trekking Poles,Hiking,Trekking Poles,37,155.4,283.5,Discontinued
1349,Ocean Kayaks,Kayaking,Kayaks,24,216.98,449.94,Discontinued
1350,TrailPro Hiking Boots,Footwear,Hiking Boots,48,115.93,244.31,Discontinued
1351,Carbon Trekking Poles,Hiking,Trekking Poles,6,192.86,385.4,Active
1352,Professional Rods,Fishing,Rods,30,184.4,324.58,Active
1353,Adventure Trail Shoes,Footwear,Trail Shoes,22,144.91,300.42,Active
1354,Carbon Paddles,Kayaking,Paddles,1,47.13,78.49,Active
1355,Adventure Trail Shoes,Footwear,Trail Shoes,24,235.67,650.14,Discontinued
1356,Explorer Trail Shoes,Footwear,Trail Shoes,57,247.01,370.45,Active
1357,Mountain Sleeping Bags,Camping,Sleeping Bags,17,48.97,120.86,Active
1358,Tournament Reels,Fishing,Reels,42,175.24,416.2,Discontinued
1359,Summit Hiking Boots,Footwear,Hiking Boots,24,124.65,335.32,Active
1360,Ocean Kayaks,Kayaking,Kayaks,10,155.3,422.72,Active
1361,Trail Backpacks,Hiking,Backpacks,46,38.02,58.14,Discontinued
1362,Mountain Hiking Boots,Footwear,Hiking Boots,11,228.39,599.85,Discontinued
1363,Moisture Shirts,Apparel,Shirts,25,242.24,562.45,Active
1364,Carbon Paddles,Kayaking,Paddles,52,36.23,79.77,Active
1365,Ultralight Trekking Poles,Hiking,Trekking Poles,45,60.29,147.57,Active
1366,Explorer Tents,Camping,Tents,45,10.38,15.55,Discontinued
1367,Tournament Reels,Fishing,Reels,12,79.2,158.66,Active
1368,Trail Backpacks,Hiking,Backpacks,8,126.75,266.64,Discontinued
1369,River Rods,Fishing,Rods,52,58.23,142.66,Active
1370,Outdoor Shirts,Apparel,Shirts,56,160.44,364.87,Active
1371,Cold Weather Sleeping Bags,Camping,Sleeping Bags,22,100.65,179.91,Active
1372,Lake Rods,Fishing,Rods,1,126.45,311.67,Active
1373,StormGuard Jackets,Apparel,Jackets,7,149.79,416.82,Active
1374,Lake Rods,Fishing,Rods,49,154.72,430.38,Active
1375,Adventure Trail Shoes,Footwear,Trail Shoes,44,155.05,290.12,Active
1376,Thermal Jackets,Apparel,Jackets,4,169.62,327.33,Active
1377,RainShell Jackets,Apparel,Jackets,47,119.66,284.51,Active
1378,LED Camp Lighting,Camping,Lighting,45,218.56,391.5,Active
1379,Moisture Shirts,Apparel,Shirts,33,174.68,457.28,Discontinued
1380,River Kayaks,Kayaking,Kayaks,53,246.68,676.04,Active
1381,Rechargeable Lighting,Camping,Lighting,48,219.62,605.59,Active
1382,Carbon Paddles,Kayaking,Paddles,40,155.62,305.05,Active
1383,Outdoor Shirts,Apparel,Shirts,58,246.85,641.8,Active
1384,Aluminum Paddles,Kayaking,Paddles,56,155.72,373.22,Active
1385,Carbon Trekking Poles,Hiking,Trekking Poles,36,82.32,192.82,Discontinued
1386,Carbon Trekking Poles,Hiking,Trekking Poles,16,125.72,271.17,Active
1387,Trail Backpacks,Hiking,Backpacks,11,114.37,274.72,Active
1388,Runner Trail Shoes,Footwear,Trail Shoes,58,182.6,425.88,Active
1389,Explorer Kayaks,Kayaking,Kayaks,51,162.05,338.48,Active
1390,Adventure Backpacks,Hiking,Backpacks,48,92.37,247.02,Discontinued
1391,Carbon Paddles,Kayaking,Paddles,6,63.65,99.42,Active
1392,Mountain Sleeping Bags,Camping,Sleeping Bags,8,152.13,253.06,Active
1393,Aluminum Trekking Poles,Hiking,Trekking Poles,4,148.46,208.19,Active
1394,Adventure Trail Shoes,Footwear,Trail Shoes,60,195.11,491.0,Active
1395,River Rods,Fishing,Rods,30,104.87,225.85,Active
1396,Carbon Trekking Poles,Hiking,Trekking Poles,39,129.96,264.87,Active
1397,Adventure Backpacks,Hiking,Backpacks,45,86.83,182.63,Active
1398,Moisture Shirts,Apparel,Shirts,46,208.88,437.19,Discontinued
1399,Cold Weather Sleeping Bags,Camping,Sleeping Bags,47,208.69,353.7,Active
1400,River Kayaks,Kayaking,Kayaks,20,215.63,521.47,Active
1401,Rechargeable Lighting,Camping,Lighting,23,90.98,213.72,Discontinued
1402,Mountain Hiking Boots,Footwear,Hiking Boots,60,184.42,331.09,Active
1403,Carbon Paddles,Kayaking,Paddles,38,41.42,101.61,Active
1404,Aluminum Paddles,Kayaking,Paddles,29,167.11,368.98,Discontinued
1405,RainShell Jackets,Apparel,Jackets,48,62.35,152.62,Active
1406,StormGuard Jackets,Apparel,Jackets,25,198.52,516.51,Discontinued
1407,River Kayaks,Kayaking,Kayaks,12,33.05,91.34,Active
1408,Outdoor Lantern Lighting,Camping,Lighting,10,91.24,183.15,Discontinued
1409,Trail Backpacks,Hiking,Backpacks,45,67.81,141.32,Active
1410,Carbon Paddles,Kayaking,Paddles,42,196.66,513.45,Discontinued
1411,Outdoor Shirts,Apparel,Shirts,8,12.78,19.98,Discontinued
1412,River Kayaks,Kayaking,Kayaks,31,150.84,419.68,Active
1413,Explorer Kayaks,Kayaking,Kayaks,42,53.46,111.08,Discontinued
1414,RainShell Jackets,Apparel,Jackets,56,88.05,211.26,Active
1415,TrailPro Hiking Boots,Footwear,Hiking Boots,52,143.45,308.56,Discontinued
1416,Outdoor Lantern Lighting,Camping,Lighting,42,139.36,354.86,Active
1417,Trail Backpacks,Hiking,Backpacks,1,216.88,514.72,Discontinued
1418,RainShell Jackets,Apparel,Jackets,11,40.92,69.1,Active
1419,Spin Reels,Fishing,Reels,20,30.31,47.73,Active
1420,Lake Rods,Fishing,Rods,16,244.5,567.59,Active
1421,Rechargeable Lighting,Camping,Lighting,37,168.2,340.25,Discontinued
1422,Aluminum Paddles,Kayaking,Paddles,45,155.48,328.81,Active
1423,River Kayaks,Kayaking,Kayaks,55,18.82,30.08,Active
1424,Adventure Backpacks,Hiking,Backpacks,40,96.18,151.95,Discontinued
1425,Rechargeable Lighting,Camping,Lighting,11,72.56,167.59,Discontinued
1426,TrailPro Hiking Boots,Footwear,Hiking Boots,10,172.37,468.21,Active
1427,Outdoor Lantern Lighting,Camping,Lighting,42,74.66,170.7,Active
1428,Carbon Paddles,Kayaking,Paddles,51,110.72,178.8,Discontinued
1429,Mountain Hiking Boots,Footwear,Hiking Boots,35,69.4,123.41,Active
1430,Carbon Paddles,Kayaking,Paddles,59,89.05,135.76,Active
1431,RainShell Jackets,Apparel,Jackets,15,75.68,116.33,Discontinued
1432,Summit Tents,Camping,Tents,38,136.35,358.02,Discontinued
1433,Rechargeable Lighting,Camping,Lighting,36,178.11,465.14,Active
1434,River Rods,Fishing,Rods,25,50.98,138.93,Active
1435,Outdoor Shirts,Apparel,Shirts,44,152.15,268.19,Active
1436,River Kayaks,Kayaking,Kayaks,4,100.91,245.17,Active
1437,Explorer Kayaks,Kayaking,Kayaks,12,156.09,372.98,Discontinued
1438,Moisture Shirts,Apparel,Shirts,34,78.84,215.52,Active
1439,Thermal Jackets,Apparel,Jackets,6,107.56,197.68,Active
1440,LED Camp Lighting,Camping,Lighting,4,236.77,386.21,Active
1441,Aluminum Paddles,Kayaking,Paddles,28,204.0,288.65,Active
1442,Explorer Trail Shoes,Footwear,Trail Shoes,35,174.43,409.47,Active
1443,Mountain Hiking Boots,Footwear,Hiking Boots,1,55.64,142.66,Discontinued
1444,Carbon Paddles,Kayaking,Paddles,59,248.61,578.18,Active
1445,Spin Reels,Fishing,Reels,34,171.89,452.88,Active
1446,Explorer Backpacks,Hiking,Backpacks,4,211.46,448.12,Discontinued
1447,Runner Trail Shoes,Footwear,Trail Shoes,59,99.59,155.21,Active
1448,Lake Rods,Fishing,Rods,14,81.8,148.14,Active
1449,Carbon Paddles,Kayaking,Paddles,42,231.53,625.31,Active
1450,Runner Trail Shoes,Footwear,Trail Shoes,22,95.38,215.72,Active
1451,RainShell Jackets,Apparel,Jackets,26,93.93,226.5,Active
1452,Explorer Tents,Camping,Tents,33,128.09,194.52,Active
1453,TrailPro Hiking Boots,Footwear,Hiking Boots,17,11.66,28.88,Active
1454,Adventure Trail Shoes,Footwear,Trail Shoes,12,81.83,163.63,Active
1455,Mountain Sleeping Bags,Camping,Sleeping Bags,23,211.45,343.94,Discontinued
1456,Mountain Sleeping Bags,Camping,Sleeping Bags,3,57.63,95.98,Active
1457,Explorer Trail Shoes,Footwear,Trail Shoes,43,89.49,129.25,Active
1458,Runner Trail Shoes,Footwear,Trail Shoes,52,111.06,241.02,Active
1459,Moisture Shirts,Apparel,Shirts,53,184.24,449.3,Discontinued
1460,Trail Backpacks,Hiking,Backpacks,23,200.25,315.71,Active
1461,River Kayaks,Kayaking,Kayaks,39,172.79,324.67,Active
1462,Adventure Trail Shoes,Footwear,Trail Shoes,28,77.73,117.81,Active
1463,Professional Rods,Fishing,Rods,50,132.7,232.13,Active
1464,StormGuard Jackets,Apparel,Jackets,46,206.95,347.22,Active
1465,River Kayaks,Kayaking,Kayaks,41,248.21,552.93,Active
1466,Trail Backpacks,Hiking,Backpacks,13,106.31,189.59,Active
1467,Mountain Hiking Boots,Footwear,Hiking Boots,25,57.91,151.15,Discontinued
1468,Tournament Reels,Fishing,Reels,22,161.99,279.27,Discontinued
1469,Mountain Hiking Boots,Footwear,Hiking Boots,8,112.5,165.64,Active
1470,Outdoor Shirts,Apparel,Shirts,58,180.78,315.6,Active
1471,Trail Backpacks,Hiking,Backpacks,14,22.51,54.98,Active
1472,Explorer Trail Shoes,Footwear,Trail Shoes,32,34.18,56.7,Active
1473,Performance Shirts,Apparel,Shirts,36,33.25,47.19,Active
1474,Moisture Shirts,Apparel,Shirts,38,204.41,498.78,Active
1475,Carbon Trekking Poles,Hiking,Trekking Poles,7,150.24,228.68,Active
1476,River Kayaks,Kayaking,Kayaks,42,150.77,403.62,Active
1477,Carbon Trekking Poles,Hiking,Trekking Poles,22,27.97,60.56,Active
1478,Carbon Paddles,Kayaking,Paddles,9,138.05,222.97,Active
1479,Explorer Trail Shoes,Footwear,Trail Shoes,29,244.03,647.38,Active
1480,TrailPro Hiking Boots,Footwear,Hiking Boots,33,110.56,298.94,Active
1481,Ultralight Trekking Poles,Hiking,Trekking Poles,37,242.2,437.3,Active
1482,Explorer Kayaks,Kayaking,Kayaks,35,205.49,430.1,Active
1483,Ultralight Trekking Poles,Hiking,Trekking Poles,26,102.2,254.59,Active
1484,Trail Backpacks,Hiking,Backpacks,45,48.4,82.52,Active
1485,Tournament Reels,Fishing,Reels,20,179.86,384.02,Active
1486,Moisture Shirts,Apparel,Shirts,35,38.58,66.11,Active
1487,StormGuard Jackets,Apparel,Jackets,60,45.55,120.12,Active
1488,StormGuard Jackets,Apparel,Jackets,14,245.21,683.0,Active
1489,Rechargeable Lighting,Camping,Lighting,21,161.84,446.86,Active
1490,Carbon Paddles,Kayaking,Paddles,21,108.0,243.66,Active
1491,Ocean Kayaks,Kayaking,Kayaks,12,62.63,172.32,Active
1492,Outdoor Lantern Lighting,Camping,Lighting,50,244.9,609.67,Active
1493,Aluminum Paddles,Kayaking,Paddles,36,218.81,500.64,Active
1494,TrailPro Hiking Boots,Footwear,Hiking Boots,52,74.51,164.99,Discontinued
1495,Carbon Trekking Poles,Hiking,Trekking Poles,10,185.15,371.68,Discontinued
1496,Cold Weather Sleeping Bags,Camping,Sleeping Bags,12,120.25,305.66,Active
1497,Tournament Reels,Fishing,Reels,20,53.3,95.67,Active
1498,Ultralight Trekking Poles,Hiking,Trekking Poles,5,155.88,233.39,Discontinued
1499,Ultralight Trekking Poles,Hiking,Trekking Poles,34,242.89,374.13,Active
1500,Explorer Kayaks,Kayaking,Kayaks,8,33.94,65.76,Active
1501,River Kayaks,Kayaking,Kayaks,10,69.6,105.59,Active
1502,TrailMaster Tents,Camping,Tents,9,214.65,326.04,Discontinued
1503,Spin Reels,Fishing,Reels,16,83.77,173.44,Active
1504,Tournament Reels,Fishing,Reels,3,140.47,200.83,Active
1505,Spin Reels,Fishing,Reels,10,132.77,341.36,Active
1506,Trail Backpacks,Hiking,Backpacks,42,112.51,180.73,Active
1507,Ultralight Trekking Poles,Hiking,Trekking Poles,8,222.21,567.06,Discontinued
1508,Trail Backpacks,Hiking,Backpacks,23,34.42,94.25,Active
1509,Spin Reels,Fishing,Reels,6,96.52,260.08,Active
1510,River Rods,Fishing,Rods,12,112.87,210.93,Discontinued
1511,Ultralight Trekking Poles,Hiking,Trekking Poles,7,206.22,389.29,Active
1512,Adventure Trail Shoes,Footwear,Trail Shoes,5,204.57,490.11,Active
1513,Explorer Backpacks,Hiking,Backpacks,51,45.47,92.09,Discontinued
1514,Explorer Tents,Camping,Tents,6,240.3,430.1,Active
1515,Explorer Backpacks,Hiking,Backpacks,31,94.63,197.96,Discontinued
1516,Spin Reels,Fishing,Reels,16,202.51,468.92,Discontinued
1517,Explorer Trail Shoes,Footwear,Trail Shoes,53,138.1,296.29,Active
1518,Mountain Hiking Boots,Footwear,Hiking Boots,50,181.58,388.17,Active
1519,River Kayaks,Kayaking,Kayaks,55,96.81,163.09,Active
1520,Performance Shirts,Apparel,Shirts,23,231.02,342.7,Active
1521,Aluminum Trekking Poles,Hiking,Trekking Poles,60,44.59,115.69,Discontinued
1522,Trail Backpacks,Hiking,Backpacks,45,23.41,37.29,Active
1523,Mountain Hiking Boots,Footwear,Hiking Boots,45,241.58,463.92,Active
1524,Ocean Kayaks,Kayaking,Kayaks,2,210.98,552.49,Active
1525,RainShell Jackets,Apparel,Jackets,54,68.81,97.54,Discontinued
1526,Explorer Backpacks,Hiking,Backpacks,45,188.45,461.2,Active
1527,Explorer Trail Shoes,Footwear,Trail Shoes,45,90.96,226.85,Active
1528,RainShell Jackets,Apparel,Jackets,39,24.4,56.11,Active
1529,River Rods,Fishing,Rods,57,105.13,209.53,Discontinued
1530,Tournament Reels,Fishing,Reels,28,130.45,312.18,Active
1531,StormGuard Jackets,Apparel,Jackets,48,100.61,274.82,Active
1532,Summit Hiking Boots,Footwear,Hiking Boots,36,104.15,265.74,Active
1533,Aluminum Paddles,Kayaking,Paddles,53,85.17,195.78,Discontinued
1534,Explorer Backpacks,Hiking,Backpacks,7,165.2,276.32,Active
1535,Mountain Sleeping Bags,Camping,Sleeping Bags,16,196.91,368.15,Active
1536,Trail Backpacks,Hiking,Backpacks,59,60.86,86.14,Active
1537,Adventure Backpacks,Hiking,Backpacks,6,233.01,404.61,Active
1538,Spin Reels,Fishing,Reels,20,21.53,32.95,Active
1539,Outdoor Shirts,Apparel,Shirts,26,130.05,239.33,Active
1540,Explorer Backpacks,Hiking,Backpacks,7,107.75,262.7,Active
1541,Rechargeable Lighting,Camping,Lighting,3,124.47,325.66,Active
1542,Adventure Backpacks,Hiking,Backpacks,6,121.15,319.75,Active
1543,Adventure Backpacks,Hiking,Backpacks,34,48.65,133.75,Active
1544,TrailPro Hiking Boots,Footwear,Hiking Boots,28,79.8,181.37,Active
1545,Carbon Paddles,Kayaking,Paddles,5,60.12,135.54,Active
1546,Spin Reels,Fishing,Reels,56,203.13,324.94,Active
1547,Lake Rods,Fishing,Rods,60,32.59,59.94,Active
1548,Explorer Backpacks,Hiking,Backpacks,5,148.36,281.1,Active
1549,Aluminum Paddles,Kayaking,Paddles,49,246.67,683.25,Discontinued
1550,River Kayaks,Kayaking,Kayaks,24,243.2,506.72,Active
1551,Explorer Trail Shoes,Footwear,Trail Shoes,24,230.11,363.71,Active
1552,StormGuard Jackets,Apparel,Jackets,57,109.17,221.63,Active
1553,Professional Rods,Fishing,Rods,36,199.74,475.31,Active
1554,Explorer Backpacks,Hiking,Backpacks,55,100.2,220.26,Active
1555,Aluminum Trekking Poles,Hiking,Trekking Poles,30,170.6,322.18,Discontinued
1556,Summit Tents,Camping,Tents,60,185.63,498.31,Discontinued
1557,TrailPro Hiking Boots,Footwear,Hiking Boots,39,88.89,163.93,Discontinued
1558,Carbon Trekking Poles,Hiking,Trekking Poles,10,76.81,111.65,Discontinued
1559,Explorer Backpacks,Hiking,Backpacks,50,146.37,407.34,Discontinued
1560,Trail Comfort Sleeping Bags,Camping,Sleeping Bags,14,244.85,415.95,Active
1561,Aluminum Paddles,Kayaking,Paddles,10,70.5,116.08,Active
1562,Performance Shirts,Apparel,Shirts,56,81.6,195.6,Discontinued
1563,Professional Rods,Fishing,Rods,4,224.34,371.89,Active
1564,Adventure Trail Shoes,Footwear,Trail Shoes,27,49.49,93.49,Discontinued
1565,Mountain Hiking Boots,Footwear,Hiking Boots,37,114.83,307.47,Discontinued
1566,Outdoor Lantern Lighting,Camping,Lighting,38,57.65,139.04,Active
1567,Performance Shirts,Apparel,Shirts,10,46.12,94.18,Discontinued
1568,StormGuard Jackets,Apparel,Jackets,1,107.53,228.93,Discontinued
1569,Ultralight Trekking Poles,Hiking,Trekking Poles,14,242.67,372.84,Active
1570,Mountain Hiking Boots,Footwear,Hiking Boots,13,100.61,189.88,Active
1571,Performance Shirts,Apparel,Shirts,53,82.47,150.9,Active
1572,Aluminum Paddles,Kayaking,Paddles,54,109.37,206.97,Discontinued
1573,Spin Reels,Fishing,Reels,24,232.32,474.48,Active
1574,Professional Rods,Fishing,Rods,43,114.61,206.19,Discontinued
1575,Carbon Paddles,Kayaking,Paddles,7,248.89,629.27,Active
1576,Explorer Kayaks,Kayaking,Kayaks,48,233.8,361.25,Active
1577,Carbon Paddles,Kayaking,Paddles,14,170.25,441.35,Active
1578,Runner Trail Shoes,Footwear,Trail Shoes,8,56.93,117.13,Active
1579,Explorer Trail Shoes,Footwear,Trail Shoes,1,178.92,436.14,Active
1580,Aluminum Trekking Poles,Hiking,Trekking Poles,54,221.11,391.43,Discontinued
1581,River Kayaks,Kayaking,Kayaks,1,226.04,447.64,Active
1582,Ultralight Trekking Poles,Hiking,Trekking Poles,22,206.81,463.24,Active
1583,Spin Reels,Fishing,Reels,40,143.38,279.29,Discontinued
1584,Rechargeable Lighting,Camping,Lighting,47,40.93,93.76,Active
1585,Explorer Trail Shoes,Footwear,Trail Shoes,46,48.03,82.77,Active
1586,Professional Rods,Fishing,Rods,49,148.46,289.32,Active
1587,Lake Rods,Fishing,Rods,28,58.9,90.15,Active
1588,River Kayaks,Kayaking,Kayaks,6,158.34,342.2,Discontinued
1589,Outdoor Lantern Lighting,Camping,Lighting,41,41.33,84.11,Active
1590,Adventure Backpacks,Hiking,Backpacks,35,225.5,409.44,Active
1591,Aluminum Paddles,Kayaking,Paddles,60,168.22,300.26,Active
1592,Explorer Kayaks,Kayaking,Kayaks,8,246.35,643.89,Discontinued
1593,River Rods,Fishing,Rods,12,44.04,77.81,Active
1594,Trail Comfort Sleeping Bags,Camping,Sleeping Bags,7,229.05,387.36,Discontinued
1595,Cold Weather Sleeping Bags,Camping,Sleeping Bags,14,126.76,288.5,Discontinued
1596,Explorer Trail Shoes,Footwear,Trail Shoes,12,227.99,577.26,Active
1597,Alpine Tents,Camping,Tents,23,38.13,71.68,Discontinued
1598,River Rods,Fishing,Rods,8,135.22,237.49,Active
1599,Professional Rods,Fishing,Rods,10,15.53,32.87,Active
1600,RainShell Jackets,Apparel,Jackets,6,17.08,27.23,Active
1601,Outdoor Shirts,Apparel,Shirts,46,57.82,88.39,Active
1602,Adventure Trail Shoes,Footwear,Trail Shoes,13,133.04,260.75,Active
1603,Adventure Backpacks,Hiking,Backpacks,26,213.05,512.25,Active
1604,Spin Reels,Fishing,Reels,32,200.58,548.64,Discontinued
1605,Explorer Trail Shoes,Footwear,Trail Shoes,40,189.3,481.25,Active
1606,Pro Reels,Fishing,Reels,58,57.93,109.72,Active
1607,Summit Hiking Boots,Footwear,Hiking Boots,27,239.94,420.92,Active
1608,Pro Reels,Fishing,Reels,21,17.19,28.4,Discontinued
1609,Carbon Trekking Poles,Hiking,Trekking Poles,24,27.43,63.63,Active
1610,RainShell Jackets,Apparel,Jackets,22,86.46,122.36,Active
1611,Runner Trail Shoes,Footwear,Trail Shoes,39,144.79,280.87,Active
1612,River Rods,Fishing,Rods,57,144.63,347.51,Active
1613,Tournament Reels,Fishing,Reels,21,191.49,353.28,Active
1614,Explorer Backpacks,Hiking,Backpacks,27,129.68,361.34,Active
1615,Cold Weather Sleeping Bags,Camping,Sleeping Bags,16,154.34,343.81,Active
1616,StormGuard Jackets,Apparel,Jackets,1,197.99,436.78,Discontinued
1617,Thermal Jackets,Apparel,Jackets,34,18.88,40.53,Active
1618,RainShell Jackets,Apparel,Jackets,27,122.77,314.51,Active
1619,Outdoor Shirts,Apparel,Shirts,21,106.08,231.15,Discontinued
1620,Lake Rods,Fishing,Rods,32,81.63,226.73,Active
1621,RainShell Jackets,Apparel,Jackets,9,63.76,162.95,Active
1622,Performance Shirts,Apparel,Shirts,58,50.85,84.8,Active
1623,Professional Rods,Fishing,Rods,51,218.32,385.02,Active
1624,TrailMaster Tents,Camping,Tents,40,28.01,52.13,Discontinued
1625,RainShell Jackets,Apparel,Jackets,21,150.03,235.23,Active
1626,Tournament Reels,Fishing,Reels,34,117.23,184.21,Active
1627,Tournament Reels,Fishing,Reels,50,127.62,228.79,Discontinued
1628,Explorer Backpacks,Hiking,Backpacks,23,193.89,464.55,Active
1629,Explorer Kayaks,Kayaking,Kayaks,4,28.72,79.28,Active
1630,LED Camp Lighting,Camping,Lighting,32,122.36,237.27,Active
1631,StormGuard Jackets,Apparel,Jackets,21,192.78,408.6,Active
1632,Carbon Paddles,Kayaking,Paddles,9,213.47,330.44,Active
1633,Outdoor Shirts,Apparel,Shirts,50,218.29,462.52,Discontinued
1634,Explorer Backpacks,Hiking,Backpacks,56,111.54,263.32,Active
1635,Carbon Trekking Poles,Hiking,Trekking Poles,58,188.81,327.92,Discontinued
1636,Carbon Trekking Poles,Hiking,Trekking Poles,23,124.3,266.4,Active
1637,LED Camp Lighting,Camping,Lighting,26,95.06,161.31,Discontinued
1638,Spin Reels,Fishing,Reels,4,115.92,222.3,Discontinued
1639,Carbon Paddles,Kayaking,Paddles,39,80.56,158.2,Active
1640,Tournament Reels,Fishing,Reels,42,114.06,268.45,Active
1641,Alpine Tents,Camping,Tents,18,22.75,32.99,Active
1642,LED Camp Lighting,Camping,Lighting,45,76.11,200.6,Discontinued
1643,Runner Trail Shoes,Footwear,Trail Shoes,45,62.77,160.3,Active
1644,Summit Hiking Boots,Footwear,Hiking Boots,19,198.57,374.64,Active
1645,River Kayaks,Kayaking,Kayaks,40,54.42,145.35,Discontinued
1646,Carbon Paddles,Kayaking,Paddles,11,50.86,119.73,Active
1647,Performance Shirts,Apparel,Shirts,28,240.94,561.98,Active
1648,TrailMaster Tents,Camping,Tents,49,221.5,363.04,Active
1649,Pro Reels,Fishing,Reels,16,149.96,312.46,Discontinued
1650,Alpine Tents,Camping,Tents,54,146.14,407.23,Active
1651,River Rods,Fishing,Rods,52,196.06,301.93,Active
1652,Explorer Trail Shoes,Footwear,Trail Shoes,43,94.19,203.83,Discontinued
1653,Outdoor Shirts,Apparel,Shirts,46,13.25,25.09,Active
1654,Spin Reels,Fishing,Reels,41,74.78,159.06,Active
1655,Carbon Trekking Poles,Hiking,Trekking Poles,32,168.25,268.91,Active
1656,Aluminum Trekking Poles,Hiking,Trekking Poles,59,59.51,90.75,Discontinued
1657,Ocean Kayaks,Kayaking,Kayaks,58,220.51,518.27,Discontinued
1658,Lake Rods,Fishing,Rods,22,228.48,431.46,Discontinued
1659,Pro Reels,Fishing,Reels,34,84.24,122.78,Active
1660,Lake Rods,Fishing,Rods,51,200.88,440.6,Active
1661,RainShell Jackets,Apparel,Jackets,30,129.74,306.15,Active
1662,Tournament Reels,Fishing,Reels,32,143.95,234.3,Active
1663,Cold Weather Sleeping Bags,Camping,Sleeping Bags,53,118.93,202.69,Active
1664,Trail Comfort Sleeping Bags,Camping,Sleeping Bags,54,11.22,21.24,Active
1665,Cold Weather Sleeping Bags,Camping,Sleeping Bags,55,94.05,168.97,Active
1666,Rechargeable Lighting,Camping,Lighting,28,44.23,107.31,Active
1667,RainShell Jackets,Apparel,Jackets,52,123.56,234.33,Discontinued
1668,Runner Trail Shoes,Footwear,Trail Shoes,39,224.33,603.06,Active
1669,Ultralight Trekking Poles,Hiking,Trekking Poles,9,220.22,556.3,Active
1670,Thermal Jackets,Apparel,Jackets,6,143.03,260.53,Active
1671,Tournament Reels,Fishing,Reels,54,54.01,134.77,Discontinued
1672,Explorer Tents,Camping,Tents,44,176.59,371.78,Active
1673,Adventure Trail Shoes,Footwear,Trail Shoes,30,121.97,334.93,Active
1674,Lake Rods,Fishing,Rods,59,31.22,49.85,Active
1675,Carbon Trekking Poles,Hiking,Trekking Poles,57,159.01,422.95,Active
1676,Cold Weather Sleeping Bags,Camping,Sleeping Bags,52,106.71,150.28,Discontinued
1677,Alpine Tents,Camping,Tents,7,74.84,208.1,Active
1678,Lake Rods,Fishing,Rods,56,145.71,344.87,Active
1679,Outdoor Lantern Lighting,Camping,Lighting,4,171.86,418.5,Active
1680,Professional Rods,Fishing,Rods,15,187.7,392.94,Active
1681,Moisture Shirts,Apparel,Shirts,32,247.4,348.59,Active
1682,Alpine Tents,Camping,Tents,34,46.73,122.99,Active
1683,Trail Backpacks,Hiking,Backpacks,29,123.7,317.39,Discontinued
1684,TrailMaster Tents,Camping,Tents,53,107.09,297.26,Active
1685,Tournament Reels,Fishing,Reels,40,173.52,451.68,Active
1686,Mountain Hiking Boots,Footwear,Hiking Boots,48,15.2,24.3,Active
1687,Explorer Backpacks,Hiking,Backpacks,7,125.31,226.21,Discontinued
1688,Outdoor Shirts,Apparel,Shirts,30,102.6,258.53,Discontinued
1689,Summit Hiking Boots,Footwear,Hiking Boots,25,78.02,122.35,Active
1690,Spin Reels,Fishing,Reels,40,164.83,436.88,Discontinued
1691,Cold Weather Sleeping Bags,Camping,Sleeping Bags,18,122.3,295.02,Active
1692,Ultralight Trekking Poles,Hiking,Trekking Poles,23,215.4,453.31,Discontinued
1693,River Rods,Fishing,Rods,47,167.42,316.86,Active
1694,TrailPro Hiking Boots,Footwear,Hiking Boots,60,198.39,460.63,Discontinued
1695,Rechargeable Lighting,Camping,Lighting,43,100.37,206.81,Active
1696,Spin Reels,Fishing,Reels,38,177.46,394.74,Active
1697,Spin Reels,Fishing,Reels,11,20.78,53.88,Active
1698,LED Camp Lighting,Camping,Lighting,21,129.86,305.31,Active
1699,River Kayaks,Kayaking,Kayaks,58,225.95,371.37,Discontinued
1700,Summit Hiking Boots,Footwear,Hiking Boots,55,156.86,244.74,Active
1701,Explorer Trail Shoes,Footwear,Trail Shoes,12,161.51,232.78,Active
1702,Rechargeable Lighting,Camping,Lighting,37,100.63,280.2,Active
1703,Aluminum Trekking Poles,Hiking,Trekking Poles,13,115.0,207.06,Active
1704,Summit Hiking Boots,Footwear,Hiking Boots,43,149.71,341.45,Active
1705,Trail Backpacks,Hiking,Backpacks,27,224.39,427.1,Active
1706,StormGuard Jackets,Apparel,Jackets,42,185.19,495.45,Discontinued
1707,Adventure Backpacks,Hiking,Backpacks,23,208.62,438.35,Active
1708,Trail Comfort Sleeping Bags,Camping,Sleeping Bags,37,160.11,420.06,Active
1709,Carbon Trekking Poles,Hiking,Trekking Poles,39,38.3,65.98,Active
1710,TrailMaster Tents,Camping,Tents,46,231.35,405.31,Active
1711,TrailMaster Tents,Camping,Tents,55,27.95,61.64,Active
1712,Mountain Hiking Boots,Footwear,Hiking Boots,31,177.4,275.9,Active
1713,River Kayaks,Kayaking,Kayaks,22,91.13,160.87,Active
1714,Adventure Backpacks,Hiking,Backpacks,49,206.02,383.5,Active
1715,Carbon Trekking Poles,Hiking,Trekking Poles,40,203.36,445.24,Active
1716,Thermal Jackets,Apparel,Jackets,6,153.56,346.65,Discontinued
1717,Ultralight Trekking Poles,Hiking,Trekking Poles,33,20.02,29.03,Active
1718,Aluminum Paddles,Kayaking,Paddles,57,124.62,310.82,Active
1719,Alpine Tents,Camping,Tents,35,195.67,496.2,Discontinued
1720,Explorer Kayaks,Kayaking,Kayaks,25,125.72,244.15,Active
1721,Explorer Trail Shoes,Footwear,Trail Shoes,58,43.06,86.69,Active
1722,Thermal Jackets,Apparel,Jackets,15,114.77,169.98,Active
1723,River Rods,Fishing,Rods,52,109.14,267.79,Active
1724,LED Camp Lighting,Camping,Lighting,9,205.03,309.03,Discontinued
1725,Carbon Trekking Poles,Hiking,Trekking Poles,57,85.39,191.56,Active
1726,StormGuard Jackets,Apparel,Jackets,43,105.48,244.78,Active
1727,Mountain Sleeping Bags,Camping,Sleeping Bags,53,59.41,141.83,Active
1728,Ultralight Trekking Poles,Hiking,Trekking Poles,36,82.65,158.17,Active
1729,Explorer Kayaks,Kayaking,Kayaks,35,224.31,414.17,Active
1730,Trail Comfort Sleeping Bags,Camping,Sleeping Bags,18,179.32,407.17,Active
1731,Adventure Backpacks,Hiking,Backpacks,14,65.33,159.32,Active
1732,RainShell Jackets,Apparel,Jackets,42,244.7,581.82,Discontinued
1733,Explorer Tents,Camping,Tents,38,210.72,374.75,Discontinued
1734,RainShell Jackets,Apparel,Jackets,32,76.98,173.49,Active
1735,Adventure Trail Shoes,Footwear,Trail Shoes,12,20.66,34.87,Discontinued
1736,Professional Rods,Fishing,Rods,23,83.24,179.65,Active
1737,Pro Reels,Fishing,Reels,49,204.46,455.4,Active
1738,Outdoor Shirts,Apparel,Shirts,49,197.83,534.14,Active
1739,Rechargeable Lighting,Camping,Lighting,19,238.59,645.5,Discontinued
1740,Runner Trail Shoes,Footwear,Trail Shoes,60,240.47,493.99,Active
1741,Explorer Backpacks,Hiking,Backpacks,6,201.9,551.46,Active
1742,Pro Reels,Fishing,Reels,18,147.06,213.83,Active
1743,Moisture Shirts,Apparel,Shirts,8,204.46,460.28,Active
1744,Pro Reels,Fishing,Reels,2,213.42,431.39,Discontinued
1745,Cold Weather Sleeping Bags,Camping,Sleeping Bags,55,241.81,501.1,Active
1746,Mountain Hiking Boots,Footwear,Hiking Boots,40,235.32,420.52,Active
1747,Cold Weather Sleeping Bags,Camping,Sleeping Bags,17,71.92,179.9,Discontinued
1748,Adventure Backpacks,Hiking,Backpacks,42,51.88,135.91,Active
1749,Adventure Backpacks,Hiking,Backpacks,56,19.24,45.37,Discontinued
1750,Spin Reels,Fishing,Reels,46,142.82,245.53,Active
1751,StormGuard Jackets,Apparel,Jackets,35,212.78,550.92,Active
1752,Lake Rods,Fishing,Rods,8,36.2,76.37,Active
1753,Explorer Backpacks,Hiking,Backpacks,44,146.89,376.15,Discontinued
1754,Rechargeable Lighting,Camping,Lighting,21,220.2,352.39,Active
1755,Moisture Shirts,Apparel,Shirts,19,99.93,271.76,Active
1756,Carbon Trekking Poles,Hiking,Trekking Poles,38,79.81,128.5,Active
1757,LED Camp Lighting,Camping,Lighting,50,203.93,431.34,Active
1758,Ultralight Trekking Poles,Hiking,Trekking Poles,25,17.82,43.07,Active
1759,Explorer Tents,Camping,Tents,57,139.35,218.74,Active
1760,Tournament Reels,Fishing,Reels,18,135.87,274.11,Active
1761,Spin Reels,Fishing,Reels,24,88.88,223.85,Active
1762,Explorer Trail Shoes,Footwear,Trail Shoes,29,243.38,576.88,Discontinued
1763,Thermal Jackets,Apparel,Jackets,24,144.51,217.78,Discontinued
1764,Lake Rods,Fishing,Rods,53,198.71,342.11,Active
1765,Lake Rods,Fishing,Rods,39,171.79,400.66,Active
1766,Outdoor Shirts,Apparel,Shirts,33,38.31,75.54,Active
1767,Tournament Reels,Fishing,Reels,12,221.55,371.62,Discontinued
1768,Alpine Tents,Camping,Tents,46,110.47,273.05,Discontinued
1769,River Kayaks,Kayaking,Kayaks,2,218.67,561.41,Active
1770,Explorer Tents,Camping,Tents,26,227.02,430.46,Active
1771,Carbon Paddles,Kayaking,Paddles,22,90.83,232.03,Active
1772,River Kayaks,Kayaking,Kayaks,29,187.3,355.3,Discontinued
1773,Aluminum Paddles,Kayaking,Paddles,9,79.43,164.26,Active
1774,River Kayaks,Kayaking,Kayaks,24,224.94,501.84,Discontinued
1775,Adventure Trail Shoes,Footwear,Trail Shoes,18,52.41,126.39,Active
1776,Aluminum Trekking Poles,Hiking,Trekking Poles,58,91.87,201.18,Discontinued
1777,Outdoor Shirts,Apparel,Shirts,10,86.46,142.64,Active
1778,Ocean Kayaks,Kayaking,Kayaks,40,134.59,296.8,Active
1779,Trail Comfort Sleeping Bags,Camping,Sleeping Bags,32,49.74,89.68,Discontinued
1780,Explorer Backpacks,Hiking,Backpacks,39,235.41,415.08,Active
1781,Carbon Trekking Poles,Hiking,Trekking Poles,33,33.03,71.78,Active
1782,LED Camp Lighting,Camping,Lighting,52,240.37,518.18,Active
1783,Cold Weather Sleeping Bags,Camping,Sleeping Bags,37,98.69,177.11,Discontinued
1784,Carbon Paddles,Kayaking,Paddles,8,209.45,379.72,Active
1785,Adventure Trail Shoes,Footwear,Trail Shoes,18,73.13,190.89,Active
1786,StormGuard Jackets,Apparel,Jackets,21,200.4,484.63,Active
1787,Pro Reels,Fishing,Reels,44,118.83,288.72,Active
1788,Carbon Paddles,Kayaking,Paddles,51,114.01,308.43,Active
1789,Adventure Backpacks,Hiking,Backpacks,38,160.55,280.04,Discontinued
1790,Explorer Backpacks,Hiking,Backpacks,12,122.83,255.28,Discontinued
1791,RainShell Jackets,Apparel,Jackets,34,162.35,247.45,Active
1792,Cold Weather Sleeping Bags,Camping,Sleeping Bags,46,127.77,288.21,Active
1793,Mountain Sleeping Bags,Camping,Sleeping Bags,38,73.14,141.34,Active
1794,Aluminum Paddles,Kayaking,Paddles,57,137.31,375.69,Active
1795,Ultralight Trekking Poles,Hiking,Trekking Poles,26,126.41,317.98,Active
1796,Pro Reels,Fishing,Reels,57,33.17,51.66,Active
1797,Adventure Trail Shoes,Footwear,Trail Shoes,12,69.38,138.4,Discontinued
1798,Thermal Jackets,Apparel,Jackets,50,177.27,423.1,Discontinued
1799,Explorer Trail Shoes,Footwear,Trail Shoes,33,66.37,119.95,Active
1800,Mountain Hiking Boots,Footwear,Hiking Boots,21,195.23,344.82,Discontinued
1801,Adventure Trail Shoes,Footwear,Trail Shoes,18,105.68,282.94,Discontinued
1802,Ocean Kayaks,Kayaking,Kayaks,29,162.7,238.17,Discontinued
1803,Adventure Backpacks,Hiking,Backpacks,40,59.49,135.36,Active
1804,Adventure Backpacks,Hiking,Backpacks,50,15.07,29.1,Active
1805,StormGuard Jackets,Apparel,Jackets,35,21.81,36.96,Active
1806,Ultralight Trekking Poles,Hiking,Trekking Poles,59,65.04,164.02,Active
1807,Performance Shirts,Apparel,Shirts,1,142.71,249.48,Active
1808,LED Camp Lighting,Camping,Lighting,3,130.36,326.93,Active
1809,Performance Shirts,Apparel,Shirts,16,65.2,161.79,Active
1810,Thermal Jackets,Apparel,Jackets,48,167.27,264.9,Active
1811,Alpine Tents,Camping,Tents,47,131.08,312.61,Discontinued
1812,Summit Tents,Camping,Tents,26,32.93,73.22,Active
1813,Pro Reels,Fishing,Reels,20,112.04,273.48,Active
1814,Summit Hiking Boots,Footwear,Hiking Boots,31,73.42,170.22,Discontinued
1815,Performance Shirts,Apparel,Shirts,18,63.34,124.71,Discontinued
1816,Thermal Jackets,Apparel,Jackets,26,14.13,29.61,Active
1817,Lake Rods,Fishing,Rods,26,63.77,176.34,Active
1818,Adventure Trail Shoes,Footwear,Trail Shoes,22,145.16,333.86,Active
1819,River Kayaks,Kayaking,Kayaks,32,144.61,244.5,Active
1820,Explorer Tents,Camping,Tents,47,157.96,325.86,Active
1821,Trail Comfort Sleeping Bags,Camping,Sleeping Bags,54,108.85,265.24,Active
1822,Mountain Sleeping Bags,Camping,Sleeping Bags,1,145.67,286.85,Active
1823,Explorer Kayaks,Kayaking,Kayaks,21,200.73,434.34,Active
1824,Moisture Shirts,Apparel,Shirts,48,125.92,274.09,Active
1825,Mountain Sleeping Bags,Camping,Sleeping Bags,1,28.6,45.14,Active
1826,River Rods,Fishing,Rods,8,57.37,150.17,Active
1827,Runner Trail Shoes,Footwear,Trail Shoes,9,160.28,342.11,Discontinued
1828,TrailPro Hiking Boots,Footwear,Hiking Boots,47,38.22,106.79,Active
1829,Tournament Reels,Fishing,Reels,11,223.49,489.29,Active
1830,StormGuard Jackets,Apparel,Jackets,39,238.48,457.82,Active
1831,Runner Trail Shoes,Footwear,Trail Shoes,47,234.69,633.17,Active
1832,Carbon Trekking Poles,Hiking,Trekking Poles,31,86.25,142.39,Active
1833,Mountain Sleeping Bags,Camping,Sleeping Bags,35,55.04,130.54,Discontinued
1834,RainShell Jackets,Apparel,Jackets,5,159.99,357.14,Active
1835,Ocean Kayaks,Kayaking,Kayaks,18,160.92,434.33,Active
1836,Adventure Trail Shoes,Footwear,Trail Shoes,17,159.88,314.1,Active
1837,LED Camp Lighting,Camping,Lighting,12,34.71,59.11,Active
1838,River Rods,Fishing,Rods,50,201.25,447.23,Discontinued
1839,Moisture Shirts,Apparel,Shirts,31,219.12,511.84,Active
1840,Trail Backpacks,Hiking,Backpacks,52,247.38,377.97,Active
1841,Explorer Backpacks,Hiking,Backpacks,58,219.91,407.42,Active
1842,Aluminum Trekking Poles,Hiking,Trekking Poles,33,169.56,315.03,Active
1843,Aluminum Trekking Poles,Hiking,Trekking Poles,23,195.74,467.57,Active
1844,Tournament Reels,Fishing,Reels,14,28.77,64.66,Active
1845,Carbon Paddles,Kayaking,Paddles,32,211.57,462.21,Active
1846,Explorer Kayaks,Kayaking,Kayaks,12,225.94,522.58,Active
1847,Moisture Shirts,Apparel,Shirts,40,93.04,185.49,Active
1848,Runner Trail Shoes,Footwear,Trail Shoes,13,233.97,653.62,Discontinued
1849,RainShell Jackets,Apparel,Jackets,59,150.69,280.26,Active
1850,StormGuard Jackets,Apparel,Jackets,42,75.53,174.18,Discontinued
1851,Mountain Hiking Boots,Footwear,Hiking Boots,4,179.02,319.34,Active
1852,Aluminum Paddles,Kayaking,Paddles,56,127.67,263.36,Active
1853,Cold Weather Sleeping Bags,Camping,Sleeping Bags,46,157.1,376.83,Active
1854,Explorer Backpacks,Hiking,Backpacks,29,210.18,329.39,Active
1855,StormGuard Jackets,Apparel,Jackets,42,76.59,198.64,Active
1856,Moisture Shirts,Apparel,Shirts,47,50.61,140.74,Active
1857,Professional Rods,Fishing,Rods,43,106.76,274.67,Active
1858,Summit Tents,Camping,Tents,29,184.95,280.67,Active
1859,StormGuard Jackets,Apparel,Jackets,48,131.31,215.63,Active
1860,Moisture Shirts,Apparel,Shirts,37,94.16,176.84,Active
1861,Spin Reels,Fishing,Reels,47,37.9,57.87,Active
1862,Ultralight Trekking Poles,Hiking,Trekking Poles,11,160.39,229.06,Active
1863,Aluminum Trekking Poles,Hiking,Trekking Poles,16,29.51,71.24,Active
1864,Explorer Kayaks,Kayaking,Kayaks,4,191.4,303.53,Discontinued
1865,Carbon Paddles,Kayaking,Paddles,27,76.95,168.6,Active
1866,Carbon Trekking Poles,Hiking,Trekking Poles,45,52.51,95.2,Discontinued
1867,Thermal Jackets,Apparel,Jackets,50,95.24,181.82,Discontinued
1868,River Kayaks,Kayaking,Kayaks,10,237.92,528.02,Active
1869,Aluminum Paddles,Kayaking,Paddles,19,165.04,388.64,Active
1870,Performance Shirts,Apparel,Shirts,14,133.19,225.76,Discontinued
1871,RainShell Jackets,Apparel,Jackets,31,134.09,306.2,Active
1872,Adventure Trail Shoes,Footwear,Trail Shoes,58,145.3,337.33,Active
1873,StormGuard Jackets,Apparel,Jackets,11,96.13,255.84,Discontinued
1874,Adventure Trail Shoes,Footwear,Trail Shoes,59,165.49,254.9,Active
1875,Thermal Jackets,Apparel,Jackets,29,141.23,346.42,Discontinued
1876,Tournament Reels,Fishing,Reels,17,105.84,271.77,Active
1877,Pro Reels,Fishing,Reels,60,172.85,314.63,Active
1878,Lake Rods,Fishing,Rods,37,112.21,199.41,Discontinued
1879,River Rods,Fishing,Rods,57,132.93,357.75,Active
1880,River Rods,Fishing,Rods,4,169.22,423.73,Active
1881,Thermal Jackets,Apparel,Jackets,1,120.09,195.92,Active
1882,Explorer Backpacks,Hiking,Backpacks,55,83.81,138.99,Active
1883,Mountain Hiking Boots,Footwear,Hiking Boots,55,68.74,162.13,Active
1884,Cold Weather Sleeping Bags,Camping,Sleeping Bags,44,92.73,190.94,Discontinued
1885,Ocean Kayaks,Kayaking,Kayaks,46,170.42,436.94,Active
1886,Cold Weather Sleeping Bags,Camping,Sleeping Bags,26,86.41,234.12,Active
1887,Moisture Shirts,Apparel,Shirts,32,104.52,156.81,Active
1888,Trail Backpacks,Hiking,Backpacks,53,98.59,184.93,Active
1889,Spin Reels,Fishing,Reels,13,164.94,262.8,Active
1890,Aluminum Trekking Poles,Hiking,Trekking Poles,12,32.28,62.55,Discontinued
1891,Aluminum Trekking Poles,Hiking,Trekking Poles,3,102.84,262.22,Active
1892,Summit Hiking Boots,Footwear,Hiking Boots,7,105.57,224.26,Discontinued
1893,Mountain Sleeping Bags,Camping,Sleeping Bags,26,185.84,430.82,Active
1894,Carbon Trekking Poles,Hiking,Trekking Poles,30,147.92,286.61,Active
1895,Adventure Trail Shoes,Footwear,Trail Shoes,17,195.13,355.94,Active
1896,Tournament Reels,Fishing,Reels,22,99.48,205.22,Active
1897,Explorer Tents,Camping,Tents,44,137.61,266.53,Active
1898,Explorer Backpacks,Hiking,Backpacks,17,237.57,567.93,Active
1899,Pro Reels,Fishing,Reels,8,21.65,38.85,Discontinued
1900,Runner Trail Shoes,Footwear,Trail Shoes,17,223.4,527.43,Discontinued
1901,Performance Shirts,Apparel,Shirts,23,140.26,231.46,Discontinued
1902,Trail Comfort Sleeping Bags,Camping,Sleeping Bags,8,81.44,118.08,Active
1903,Explorer Kayaks,Kayaking,Kayaks,6,187.28,327.38,Active
1904,Adventure Backpacks,Hiking,Backpacks,23,128.43,340.31,Discontinued
1905,Explorer Kayaks,Kayaking,Kayaks,3,206.92,454.54,Active
1906,Performance Shirts,Apparel,Shirts,41,45.22,125.15,Active
1907,TrailPro Hiking Boots,Footwear,Hiking Boots,28,232.59,569.61,Discontinued
1908,TrailMaster Tents,Camping,Tents,6,183.18,446.92,Discontinued
1909,TrailMaster Tents,Camping,Tents,35,248.78,562.69,Active
1910,Ocean Kayaks,Kayaking,Kayaks,60,147.6,251.11,Discontinued
1911,Thermal Jackets,Apparel,Jackets,26,130.38,190.88,Active
1912,Aluminum Paddles,Kayaking,Paddles,51,11.21,18.94,Discontinued
1913,Ocean Kayaks,Kayaking,Kayaks,41,74.09,165.87,Active
1914,Summit Tents,Camping,Tents,5,14.34,26.59,Active
1915,Aluminum Paddles,Kayaking,Paddles,25,162.35,302.01,Discontinued
1916,Lake Rods,Fishing,Rods,29,91.74,172.92,Active
1917,Runner Trail Shoes,Footwear,Trail Shoes,25,137.74,225.62,Active
1918,Mountain Hiking Boots,Footwear,Hiking Boots,41,214.55,591.05,Discontinued
1919,Spin Reels,Fishing,Reels,24,59.81,166.2,Active
1920,Outdoor Shirts,Apparel,Shirts,40,171.88,247.75,Active
1921,Tournament Reels,Fishing,Reels,2,113.57,317.33,Active
1922,Spin Reels,Fishing,Reels,25,100.07,215.41,Active
1923,Cold Weather Sleeping Bags,Camping,Sleeping Bags,19,60.71,94.4,Active
1924,Ultralight Trekking Poles,Hiking,Trekking Poles,27,108.04,264.89,Active
1925,Moisture Shirts,Apparel,Shirts,41,35.35,93.28,Active
1926,Spin Reels,Fishing,Reels,30,216.17,452.39,Active
1927,Summit Hiking Boots,Footwear,Hiking Boots,54,106.01,148.91,Active
1928,Mountain Hiking Boots,Footwear,Hiking Boots,42,227.75,441.08,Discontinued
1929,Runner Trail Shoes,Footwear,Trail Shoes,9,162.74,368.84,Active
1930,Spin Reels,Fishing,Reels,37,88.0,153.99,Discontinued
1931,Ocean Kayaks,Kayaking,Kayaks,51,15.45,34.64,Discontinued
1932,River Rods,Fishing,Rods,16,119.86,289.14,Active
1933,TrailPro Hiking Boots,Footwear,Hiking Boots,2,41.84,62.37,Active
1934,Pro Reels,Fishing,Reels,16,68.81,154.45,Active
1935,Mountain Hiking Boots,Footwear,Hiking Boots,59,211.09,553.25,Active
1936,Ultralight Trekking Poles,Hiking,Trekking Poles,3,240.99,339.71,Discontinued
1937,Pro Reels,Fishing,Reels,17,26.89,53.35,Active
1938,Ocean Kayaks,Kayaking,Kayaks,19,125.39,303.0,Discontinued
1939,Ocean Kayaks,Kayaking,Kayaks,41,105.86,285.65,Discontinued
1940,Summit Hiking Boots,Footwear,Hiking Boots,53,45.04,79.61,Active
1941,Ocean Kayaks,Kayaking,Kayaks,59,109.09,204.63,Active
1942,TrailPro Hiking Boots,Footwear,Hiking Boots,5,33.31,76.57,Discontinued
1943,Carbon Paddles,Kayaking,Paddles,45,191.68,360.25,Discontinued
1944,Moisture Shirts,Apparel,Shirts,3,71.9,128.37,Active
1945,Carbon Trekking Poles,Hiking,Trekking Poles,24,63.05,121.01,Active
1946,StormGuard Jackets,Apparel,Jackets,29,162.13,334.86,Active
1947,Trail Backpacks,Hiking,Backpacks,17,155.79,405.49,Active
1948,TrailMaster Tents,Camping,Tents,24,45.61,64.62,Discontinued
1949,TrailPro Hiking Boots,Footwear,Hiking Boots,33,164.52,365.56,Active
1950,Pro Reels,Fishing,Reels,11,217.7,452.67,Discontinued
1951,Aluminum Trekking Poles,Hiking,Trekking Poles,22,13.42,36.58,Active
1952,RainShell Jackets,Apparel,Jackets,47,46.02,103.64,Active
1953,Ocean Kayaks,Kayaking,Kayaks,41,129.71,285.0,Active
1954,Explorer Kayaks,Kayaking,Kayaks,26,58.61,136.56,Active
1955,Thermal Jackets,Apparel,Jackets,48,142.79,306.81,Active
1956,Mountain Sleeping Bags,Camping,Sleeping Bags,52,135.51,236.14,Active
1957,River Kayaks,Kayaking,Kayaks,3,175.51,357.78,Active
1958,Spin Reels,Fishing,Reels,59,188.35,457.06,Active
1959,Carbon Trekking Poles,Hiking,Trekking Poles,49,59.86,104.25,Discontinued
1960,Mountain Hiking Boots,Footwear,Hiking Boots,51,221.59,326.07,Active
1961,Carbon Trekking Poles,Hiking,Trekking Poles,7,116.06,239.83,Active
1962,Pro Reels,Fishing,Reels,56,146.64,324.72,Active
1963,Carbon Paddles,Kayaking,Paddles,49,151.35,346.43,Discontinued
1964,Trail Comfort Sleeping Bags,Camping,Sleeping Bags,12,154.32,322.47,Active
1965,Tournament Reels,Fishing,Reels,17,78.1,179.89,Active
1966,Moisture Shirts,Apparel,Shirts,29,144.7,265.14,Active
1967,Carbon Trekking Poles,Hiking,Trekking Poles,31,86.61,239.4,Discontinued
1968,Trail Backpacks,Hiking,Backpacks,7,192.51,450.89,Discontinued
1969,RainShell Jackets,Apparel,Jackets,14,196.91,485.97,Active
1970,Pro Reels,Fishing,Reels,44,193.94,399.64,Active
1971,Professional Rods,Fishing,Rods,13,171.25,317.37,Discontinued
1972,Adventure Backpacks,Hiking,Backpacks,34,169.02,313.69,Discontinued
1973,Aluminum Paddles,Kayaking,Paddles,60,64.89,114.73,Active
1974,Thermal Jackets,Apparel,Jackets,48,90.09,170.77,Active
1975,Adventure Trail Shoes,Footwear,Trail Shoes,1,145.19,358.3,Discontinued
1976,Trail Comfort Sleeping Bags,Camping,Sleeping Bags,30,164.99,263.31,Active
1977,LED Camp Lighting,Camping,Lighting,19,60.07,144.37,Active
1978,Trail Comfort Sleeping Bags,Camping,Sleeping Bags,36,199.82,370.86,Active
1979,Aluminum Trekking Poles,Hiking,Trekking Poles,21,35.64,62.03,Discontinued
1980,Carbon Paddles,Kayaking,Paddles,59,197.49,384.33,Discontinued
1981,Ultralight Trekking Poles,Hiking,Trekking Poles,4,150.67,223.45,Active
1982,Outdoor Shirts,Apparel,Shirts,9,231.67,360.35,Active
1983,Performance Shirts,Apparel,Shirts,37,219.75,489.1,Active
1984,Lake Rods,Fishing,Rods,49,68.85,151.6,Active
1985,Tournament Reels,Fishing,Reels,5,15.24,37.81,Active
1986,Moisture Shirts,Apparel,Shirts,30,222.3,368.53,Active
1987,Adventure Trail Shoes,Footwear,Trail Shoes,17,57.76,159.42,Active
1988,River Rods,Fishing,Rods,26,38.61,76.26,Discontinued
1989,LED Camp Lighting,Camping,Lighting,2,229.12,485.09,Discontinued
1990,Rechargeable Lighting,Camping,Lighting,37,199.63,416.99,Active
1991,Explorer Kayaks,Kayaking,Kayaks,36,28.13,43.01,Active
1992,Professional Rods,Fishing,Rods,60,213.11,324.53,Discontinued
1993,River Rods,Fishing,Rods,18,194.11,388.87,Discontinued
1994,Mountain Hiking Boots,Footwear,Hiking Boots,37,89.3,147.73,Active
1995,Runner Trail Shoes,Footwear,Trail Shoes,40,106.35,192.64,Discontinued
1996,Summit Tents,Camping,Tents,55,87.37,140.73,Active
1997,Tournament Reels,Fishing,Reels,50,119.86,279.46,Active
1998,River Kayaks,Kayaking,Kayaks,12,195.52,330.16,Active
1999,Outdoor Lantern Lighting,Camping,Lighting,9,236.68,344.42,Active
2000,Trail Comfort Sleeping Bags,Camping,Sleeping Bags,13,232.83,540.5,Active
2001,Aluminum Trekking Poles,Hiking,Trekking Poles,50,65.91,177.15,Active
2002,Explorer Tents,Camping,Tents,2,39.55,107.86,Discontinued
2003,Ocean Kayaks,Kayaking,Kayaks,13,21.81,43.92,Active
2004,Summit Hiking Boots,Footwear,Hiking Boots,38,242.62,511.78,Active
2005,Trail Backpacks,Hiking,Backpacks,23,235.77,574.55,Active
2006,Summit Hiking Boots,Footwear,Hiking Boots,24,246.44,620.96,Discontinued
2007,Thermal Jackets,Apparel,Jackets,27,13.87,26.8,Discontinued
2008,Trail Comfort Sleeping Bags,Camping,Sleeping Bags,28,236.98,609.31,Active
2009,Adventure Backpacks,Hiking,Backpacks,31,164.46,319.97,Active
2010,Performance Shirts,Apparel,Shirts,37,43.78,76.55,Active
2011,Trail Backpacks,Hiking,Backpacks,4,176.82,436.25,Active
2012,Aluminum Paddles,Kayaking,Paddles,27,158.21,403.84,Active
2013,Adventure Backpacks,Hiking,Backpacks,24,204.26,477.18,Active
2014,Explorer Backpacks,Hiking,Backpacks,24,58.98,115.9,Active
2015,Spin Reels,Fishing,Reels,57,197.98,369.08,Discontinued
2016,LED Camp Lighting,Camping,Lighting,25,229.26,335.89,Active
2017,Trail Backpacks,Hiking,Backpacks,27,93.68,160.36,Active
2018,Trail Comfort Sleeping Bags,Camping,Sleeping Bags,35,246.01,639.28,Discontinued
2019,Explorer Backpacks,Hiking,Backpacks,17,124.3,330.56,Active
2020,Moisture Shirts,Apparel,Shirts,32,170.42,261.59,Active
2021,Adventure Backpacks,Hiking,Backpacks,15,41.15,111.9,Active
2022,Explorer Kayaks,Kayaking,Kayaks,7,106.92,282.45,Active
2023,Carbon Trekking Poles,Hiking,Trekking Poles,46,185.21,337.37,Discontinued
2024,Carbon Paddles,Kayaking,Paddles,10,88.71,170.74,Active
2025,Carbon Paddles,Kayaking,Paddles,1,200.61,555.96,Active
2026,River Kayaks,Kayaking,Kayaks,37,48.85,90.45,Discontinued
2027,Runner Trail Shoes,Footwear,Trail Shoes,37,160.89,409.27,Discontinued
2028,TrailPro Hiking Boots,Footwear,Hiking Boots,8,159.12,344.37,Active
2029,Aluminum Paddles,Kayaking,Paddles,22,249.2,413.88,Discontinued
2030,Tournament Reels,Fishing,Reels,49,33.16,86.17,Active
2031,Trail Comfort Sleeping Bags,Camping,Sleeping Bags,9,164.15,451.52,Active
2032,Carbon Trekking Poles,Hiking,Trekking Poles,9,38.87,93.2,Active
2033,Outdoor Shirts,Apparel,Shirts,56,142.79,387.73,Active
2034,Summit Hiking Boots,Footwear,Hiking Boots,2,211.6,361.96,Active
2035,Carbon Paddles,Kayaking,Paddles,4,145.09,310.9,Active
2036,Professional Rods,Fishing,Rods,24,237.32,508.63,Active
2037,LED Camp Lighting,Camping,Lighting,15,162.38,422.6,Active
2038,Spin Reels,Fishing,Reels,26,76.82,210.69,Active
2039,Adventure Trail Shoes,Footwear,Trail Shoes,20,122.32,194.56,Active
2040,Mountain Sleeping Bags,Camping,Sleeping Bags,60,143.38,263.28,Active
2041,Cold Weather Sleeping Bags,Camping,Sleeping Bags,49,44.51,113.56,Active
2042,Mountain Hiking Boots,Footwear,Hiking Boots,16,110.56,246.33,Active
2043,TrailMaster Tents,Camping,Tents,47,43.71,85.76,Active
2044,Carbon Trekking Poles,Hiking,Trekking Poles,1,171.34,422.32,Active
2045,Tournament Reels,Fishing,Reels,31,34.63,78.96,Active
2046,Aluminum Paddles,Kayaking,Paddles,40,207.34,447.39,Discontinued
2047,Adventure Backpacks,Hiking,Backpacks,3,91.93,163.72,Discontinued
2048,StormGuard Jackets,Apparel,Jackets,57,121.97,270.65,Discontinued
2049,StormGuard Jackets,Apparel,Jackets,39,34.73,97.13,Active
2050,Ultralight Trekking Poles,Hiking,Trekking Poles,41,241.18,480.03,Active
2051,Outdoor Shirts,Apparel,Shirts,43,163.66,304.47,Active
2052,RainShell Jackets,Apparel,Jackets,16,34.27,86.65,Discontinued
2053,Ultralight Trekking Poles,Hiking,Trekking Poles,53,73.78,206.31,Discontinued
2054,Tournament Reels,Fishing,Reels,25,134.55,362.66,Active
2055,Professional Rods,Fishing,Rods,7,211.17,485.64,Active
2056,TrailMaster Tents,Camping,Tents,39,149.23,357.11,Discontinued
2057,TrailPro Hiking Boots,Footwear,Hiking Boots,30,165.3,333.3,Active
2058,Explorer Trail Shoes,Footwear,Trail Shoes,12,227.94,388.06,Active
2059,Carbon Paddles,Kayaking,Paddles,2,80.15,158.46,Discontinued
2060,Moisture Shirts,Apparel,Shirts,16,92.57,255.77,Active
2061,TrailPro Hiking Boots,Footwear,Hiking Boots,17,119.97,334.4,Active
2062,Ultralight Trekking Poles,Hiking,Trekking Poles,53,106.32,200.73,Active
2063,TrailPro Hiking Boots,Footwear,Hiking Boots,52,94.43,203.36,Active
2064,Performance Shirts,Apparel,Shirts,26,229.4,350.2,Active
2065,Tournament Reels,Fishing,Reels,17,54.69,105.87,Discontinued
2066,Outdoor Shirts,Apparel,Shirts,11,224.99,552.73,Active
2067,Summit Tents,Camping,Tents,45,149.64,399.89,Active
2068,Lake Rods,Fishing,Rods,6,158.43,238.64,Active
2069,Aluminum Paddles,Kayaking,Paddles,23,44.98,84.39,Discontinued
2070,Carbon Trekking Poles,Hiking,Trekking Poles,57,212.8,517.27,Active
2071,Lake Rods,Fishing,Rods,3,249.87,504.63,Active
2072,Professional Rods,Fishing,Rods,15,248.24,356.7,Active
2073,Explorer Backpacks,Hiking,Backpacks,1,165.49,281.72,Active
2074,Adventure Backpacks,Hiking,Backpacks,36,125.99,253.81,Active
2075,Mountain Hiking Boots,Footwear,Hiking Boots,57,149.41,340.38,Discontinued
2076,Aluminum Paddles,Kayaking,Paddles,24,202.82,358.78,Active
2077,Ultralight Trekking Poles,Hiking,Trekking Poles,9,95.7,262.35,Active
2078,Explorer Kayaks,Kayaking,Kayaks,59,148.95,228.68,Discontinued
2079,Spin Reels,Fishing,Reels,47,203.74,457.54,Active
2080,Ocean Kayaks,Kayaking,Kayaks,30,74.59,191.79,Discontinued
2081,Runner Trail Shoes,Footwear,Trail Shoes,36,238.76,391.54,Discontinued
2082,Lake Rods,Fishing,Rods,5,124.39,297.15,Active
2083,Rechargeable Lighting,Camping,Lighting,47,146.74,400.06,Active
2084,Aluminum Paddles,Kayaking,Paddles,26,179.01,486.88,Active
2085,Aluminum Paddles,Kayaking,Paddles,22,139.21,326.38,Active
2086,Spin Reels,Fishing,Reels,38,193.91,537.57,Active
2087,LED Camp Lighting,Camping,Lighting,8,180.91,344.03,Active
2088,Professional Rods,Fishing,Rods,13,109.29,177.67,Active
2089,River Rods,Fishing,Rods,47,17.08,46.12,Active
2090,RainShell Jackets,Apparel,Jackets,44,237.08,522.43,Discontinued
2091,Explorer Trail Shoes,Footwear,Trail Shoes,12,123.86,320.32,Active
2092,Performance Shirts,Apparel,Shirts,32,179.74,472.84,Active
2093,Aluminum Trekking Poles,Hiking,Trekking Poles,42,58.15,110.0,Active
2094,Performance Shirts,Apparel,Shirts,39,135.73,193.9,Active
2095,Professional Rods,Fishing,Rods,34,99.56,162.87,Active
2096,Trail Comfort Sleeping Bags,Camping,Sleeping Bags,37,83.5,210.42,Active
2097,Summit Tents,Camping,Tents,35,162.76,341.39,Active
2098,StormGuard Jackets,Apparel,Jackets,37,229.03,512.94,Active
2099,Mountain Hiking Boots,Footwear,Hiking Boots,2,45.72,116.43,Active
2100,Lake Rods,Fishing,Rods,44,234.41,363.54,Active
2101,River Rods,Fishing,Rods,40,129.44,290.58,Active
2102,Adventure Trail Shoes,Footwear,Trail Shoes,5,236.56,552.65,Active
2103,Carbon Trekking Poles,Hiking,Trekking Poles,13,67.47,171.69,Discontinued
2104,Cold Weather Sleeping Bags,Camping,Sleeping Bags,52,229.99,618.58,Active
2105,Professional Rods,Fishing,Rods,37,167.15,447.4,Discontinued
2106,Lake Rods,Fishing,Rods,13,86.88,176.11,Active
2107,Aluminum Paddles,Kayaking,Paddles,2,114.43,173.4,Discontinued
2108,Mountain Sleeping Bags,Camping,Sleeping Bags,32,126.19,245.36,Active
2109,Explorer Kayaks,Kayaking,Kayaks,6,209.5,348.46,Active
2110,Professional Rods,Fishing,Rods,2,85.28,125.12,Active
2111,Performance Shirts,Apparel,Shirts,53,94.42,203.27,Discontinued
2112,Explorer Kayaks,Kayaking,Kayaks,59,99.0,235.51,Active
2113,Cold Weather Sleeping Bags,Camping,Sleeping Bags,5,224.17,537.42,Active
2114,Mountain Hiking Boots,Footwear,Hiking Boots,60,163.7,232.75,Discontinued
2115,Explorer Backpacks,Hiking,Backpacks,53,11.14,19.35,Active
2116,Carbon Trekking Poles,Hiking,Trekking Poles,3,99.23,255.31,Active
2117,Adventure Backpacks,Hiking,Backpacks,28,170.45,449.09,Active
2118,Aluminum Trekking Poles,Hiking,Trekking Poles,27,175.67,348.22,Discontinued
2119,Thermal Jackets,Apparel,Jackets,45,70.82,100.18,Discontinued
2120,Rechargeable Lighting,Camping,Lighting,5,40.93,96.81,Active
2121,Explorer Tents,Camping,Tents,11,25.96,55.86,Active
2122,Aluminum Paddles,Kayaking,Paddles,37,138.7,249.46,Active
2123,Explorer Tents,Camping,Tents,6,207.49,547.28,Discontinued
2124,Adventure Backpacks,Hiking,Backpacks,7,248.93,511.93,Active
2125,Explorer Backpacks,Hiking,Backpacks,52,54.27,133.91,Active
2126,Ultralight Trekking Poles,Hiking,Trekking Poles,29,99.02,240.98,Active
2127,River Kayaks,Kayaking,Kayaks,1,183.98,268.84,Active
2128,Performance Shirts,Apparel,Shirts,42,94.03,158.06,Active
2129,Runner Trail Shoes,Footwear,Trail Shoes,15,237.24,500.06,Active
2130,Ocean Kayaks,Kayaking,Kayaks,56,167.92,338.26,Discontinued
2131,TrailMaster Tents,Camping,Tents,21,143.64,229.93,Active
2132,LED Camp Lighting,Camping,Lighting,40,108.38,232.8,Active
2133,Aluminum Paddles,Kayaking,Paddles,44,19.22,51.17,Active
2134,Cold Weather Sleeping Bags,Camping,Sleeping Bags,50,145.05,368.31,Active
2135,Adventure Backpacks,Hiking,Backpacks,53,140.94,201.22,Discontinued
2136,Pro Reels,Fishing,Reels,59,174.55,338.88,Active
2137,Aluminum Paddles,Kayaking,Paddles,30,92.84,258.39,Discontinued
2138,Ultralight Trekking Poles,Hiking,Trekking Poles,19,221.07,378.78,Active
2139,Runner Trail Shoes,Footwear,Trail Shoes,52,98.34,140.56,Active
2140,Explorer Backpacks,Hiking,Backpacks,55,108.49,285.52,Active
2141,Mountain Hiking Boots,Footwear,Hiking Boots,27,94.71,257.48,Discontinued
2142,Adventure Trail Shoes,Footwear,Trail Shoes,22,238.57,488.81,Active
2143,Carbon Paddles,Kayaking,Paddles,14,183.59,309.95,Active
2144,Professional Rods,Fishing,Rods,58,168.24,381.3,Discontinued
2145,Pro Reels,Fishing,Reels,10,164.56,279.57,Discontinued
2146,Outdoor Lantern Lighting,Camping,Lighting,50,118.56,316.15,Discontinued
2147,Summit Tents,Camping,Tents,43,91.04,240.88,Discontinued
2148,Spin Reels,Fishing,Reels,14,236.37,338.81,Discontinued
2149,Lake Rods,Fishing,Rods,50,246.07,578.97,Active
2150,Carbon Paddles,Kayaking,Paddles,16,46.16,85.08,Active
2151,Explorer Trail Shoes,Footwear,Trail Shoes,48,233.92,528.02,Active
2152,River Kayaks,Kayaking,Kayaks,56,30.58,43.18,Active
2153,Thermal Jackets,Apparel,Jackets,48,233.58,443.66,Active
2154,Carbon Trekking Poles,Hiking,Trekking Poles,38,97.11,259.57,Discontinued
2155,Explorer Trail Shoes,Footwear,Trail Shoes,52,52.05,94.97,Active
2156,Explorer Backpacks,Hiking,Backpacks,27,38.43,102.77,Active
2157,Tournament Reels,Fishing,Reels,58,245.99,582.0,Active
2158,LED Camp Lighting,Camping,Lighting,3,228.2,350.49,Active
2159,Adventure Trail Shoes,Footwear,Trail Shoes,38,124.45,307.89,Active
2160,TrailPro Hiking Boots,Footwear,Hiking Boots,43,224.56,619.43,Active
2161,Thermal Jackets,Apparel,Jackets,20,26.53,42.15,Discontinued
2162,Adventure Backpacks,Hiking,Backpacks,19,57.31,131.12,Active
2163,Performance Shirts,Apparel,Shirts,11,159.25,354.56,Active
2164,StormGuard Jackets,Apparel,Jackets,59,77.26,164.46,Active
2165,Runner Trail Shoes,Footwear,Trail Shoes,20,22.48,38.99,Active
2166,Adventure Trail Shoes,Footwear,Trail Shoes,49,19.71,48.29,Discontinued
2167,Ocean Kayaks,Kayaking,Kayaks,60,142.31,225.26,Active
2168,Ocean Kayaks,Kayaking,Kayaks,25,101.36,270.26,Discontinued
2169,Outdoor Lantern Lighting,Camping,Lighting,24,74.87,144.14,Discontinued
2170,Runner Trail Shoes,Footwear,Trail Shoes,36,236.3,568.72,Active
2171,Adventure Trail Shoes,Footwear,Trail Shoes,43,29.99,60.87,Active
2172,Carbon Paddles,Kayaking,Paddles,49,15.52,24.52,Active
2173,Trail Backpacks,Hiking,Backpacks,52,99.61,160.93,Active
2174,Alpine Tents,Camping,Tents,22,183.55,446.23,Active
2175,Ultralight Trekking Poles,Hiking,Trekking Poles,7,219.62,549.18,Active
2176,LED Camp Lighting,Camping,Lighting,6,57.89,141.51,Active
2177,LED Camp Lighting,Camping,Lighting,15,10.92,27.39,Active
2178,LED Camp Lighting,Camping,Lighting,13,102.86,234.07,Discontinued
2179,Ultralight Trekking Poles,Hiking,Trekking Poles,47,179.51,369.23,Active
2180,Mountain Hiking Boots,Footwear,Hiking Boots,13,11.52,18.96,Active
2181,Adventure Backpacks,Hiking,Backpacks,13,39.76,98.06,Active
2182,RainShell Jackets,Apparel,Jackets,19,104.72,269.18,Discontinued
2183,Spin Reels,Fishing,Reels,48,112.37,287.02,Active
2184,Professional Rods,Fishing,Rods,19,223.73,527.32,Active
2185,Alpine Tents,Camping,Tents,4,128.54,342.4,Discontinued
2186,Outdoor Lantern Lighting,Camping,Lighting,44,117.02,323.92,Active
2187,Moisture Shirts,Apparel,Shirts,5,173.46,407.54,Active
2188,Aluminum Paddles,Kayaking,Paddles,24,95.95,243.27,Discontinued
2189,Outdoor Shirts,Apparel,Shirts,15,141.02,344.51,Active
2190,Rechargeable Lighting,Camping,Lighting,21,108.34,285.15,Discontinued
2191,Adventure Trail Shoes,Footwear,Trail Shoes,25,46.64,113.48,Discontinued
2192,TrailMaster Tents,Camping,Tents,10,101.55,265.89,Discontinued
2193,Thermal Jackets,Apparel,Jackets,12,199.93,465.13,Active
2194,River Rods,Fishing,Rods,10,32.76,63.81,Active
2195,RainShell Jackets,Apparel,Jackets,54,129.36,209.78,Active
2196,Explorer Backpacks,Hiking,Backpacks,28,155.64,326.66,Active
2197,TrailPro Hiking Boots,Footwear,Hiking Boots,21,240.75,359.6,Discontinued
2198,Spin Reels,Fishing,Reels,52,66.44,180.76,Active
2199,Runner Trail Shoes,Footwear,Trail Shoes,22,239.65,547.39,Active
2200,Carbon Paddles,Kayaking,Paddles,22,153.79,329.34,Active
2201,Ocean Kayaks,Kayaking,Kayaks,2,145.68,300.53,Discontinued
2202,Performance Shirts,Apparel,Shirts,15,60.27,111.9,Active
2203,Aluminum Paddles,Kayaking,Paddles,22,143.2,316.2,Active
2204,Ultralight Trekking Poles,Hiking,Trekking Poles,46,147.35,394.3,Active
2205,Ultralight Trekking Poles,Hiking,Trekking Poles,33,122.74,175.17,Active
2206,Mountain Hiking Boots,Footwear,Hiking Boots,30,87.2,186.69,Active
2207,Trail Comfort Sleeping Bags,Camping,Sleeping Bags,18,196.58,492.98,Active
2208,Thermal Jackets,Apparel,Jackets,21,69.18,158.17,Active
2209,Tournament Reels,Fishing,Reels,21,45.07,80.31,Discontinued
2210,StormGuard Jackets,Apparel,Jackets,39,55.17,148.58,Active
2211,StormGuard Jackets,Apparel,Jackets,33,222.35,474.25,Active
2212,Aluminum Trekking Poles,Hiking,Trekking Poles,20,178.16,462.11,Active
2213,Explorer Backpacks,Hiking,Backpacks,49,16.07,37.16,Discontinued
2214,Trail Comfort Sleeping Bags,Camping,Sleeping Bags,29,196.19,547.4,Discontinued
2215,Professional Rods,Fishing,Rods,60,116.59,214.49,Active
2216,Runner Trail Shoes,Footwear,Trail Shoes,11,179.51,365.24,Active
2217,RainShell Jackets,Apparel,Jackets,31,22.58,41.93,Active
2218,Ultralight Trekking Poles,Hiking,Trekking Poles,28,100.01,143.58,Active
2219,TrailPro Hiking Boots,Footwear,Hiking Boots,42,157.14,387.31,Active
2220,StormGuard Jackets,Apparel,Jackets,9,23.41,56.28,Discontinued
2221,Summit Tents,Camping,Tents,46,46.38,98.88,Active
2222,Trail Comfort Sleeping Bags,Camping,Sleeping Bags,49,91.16,180.29,Active
2223,Explorer Trail Shoes,Footwear,Trail Shoes,51,24.92,49.41,Discontinued
2224,Explorer Kayaks,Kayaking,Kayaks,29,207.48,527.02,Active
2225,Cold Weather Sleeping Bags,Camping,Sleeping Bags,36,67.42,155.25,Active
2226,Outdoor Lantern Lighting,Camping,Lighting,15,64.12,93.57,Active
2227,Adventure Backpacks,Hiking,Backpacks,41,86.67,168.36,Discontinued
2228,Rechargeable Lighting,Camping,Lighting,45,128.13,299.5,Discontinued
2229,River Rods,Fishing,Rods,15,58.03,84.17,Discontinued
2230,Mountain Sleeping Bags,Camping,Sleeping Bags,33,29.35,77.32,Active
2231,Summit Hiking Boots,Footwear,Hiking Boots,48,138.7,371.89,Active
2232,Moisture Shirts,Apparel,Shirts,49,103.22,265.15,Active
2233,Thermal Jackets,Apparel,Jackets,42,225.5,439.65,Active
2234,TrailPro Hiking Boots,Footwear,Hiking Boots,33,154.81,357.92,Discontinued
2235,Trail Backpacks,Hiking,Backpacks,48,20.0,50.53,Active
2236,Ultralight Trekking Poles,Hiking,Trekking Poles,53,171.81,453.8,Active
2237,Performance Shirts,Apparel,Shirts,57,165.48,284.91,Active
2238,Explorer Backpacks,Hiking,Backpacks,56,12.97,33.22,Active
2239,Ultralight Trekking Poles,Hiking,Trekking Poles,26,103.26,191.89,Active
2240,Explorer Trail Shoes,Footwear,Trail Shoes,43,153.22,385.04,Active
2241,LED Camp Lighting,Camping,Lighting,40,222.26,576.49,Active
2242,Cold Weather Sleeping Bags,Camping,Sleeping Bags,37,82.83,160.19,Active
2243,TrailMaster Tents,Camping,Tents,28,61.67,102.81,Active
2244,Trail Comfort Sleeping Bags,Camping,Sleeping Bags,3,166.87,303.11,Active
2245,Thermal Jackets,Apparel,Jackets,52,119.66,323.7,Active
2246,Outdoor Lantern Lighting,Camping,Lighting,57,238.58,598.8,Discontinued
2247,Trail Backpacks,Hiking,Backpacks,56,30.66,53.0,Active
2248,StormGuard Jackets,Apparel,Jackets,45,145.18,216.11,Active
2249,Explorer Backpacks,Hiking,Backpacks,32,172.72,249.04,Discontinued
2250,Runner Trail Shoes,Footwear,Trail Shoes,3,243.5,537.52,Active
2251,Moisture Shirts,Apparel,Shirts,2,125.0,315.34,Active
2252,Adventure Backpacks,Hiking,Backpacks,42,117.52,164.85,Active
2253,Tournament Reels,Fishing,Reels,15,238.52,497.06,Active
2254,Performance Shirts,Apparel,Shirts,31,153.53,313.01,Active
2255,Moisture Shirts,Apparel,Shirts,48,142.25,228.17,Active
2256,Mountain Hiking Boots,Footwear,Hiking Boots,23,106.43,218.66,Active
2257,Ultralight Trekking Poles,Hiking,Trekking Poles,28,140.14,266.89,Active
2258,Spin Reels,Fishing,Reels,30,89.87,170.94,Discontinued
2259,River Rods,Fishing,Rods,41,92.43,248.23,Active
2260,Tournament Reels,Fishing,Reels,55,161.85,395.35,Active
2261,Carbon Trekking Poles,Hiking,Trekking Poles,33,207.63,546.69,Active
2262,Professional Rods,Fishing,Rods,43,10.97,29.71,Active
2263,Explorer Kayaks,Kayaking,Kayaks,8,180.34,337.03,Active
2264,Aluminum Paddles,Kayaking,Paddles,15,135.55,345.26,Active
2265,Carbon Paddles,Kayaking,Paddles,10,64.2,147.75,Active
2266,Explorer Kayaks,Kayaking,Kayaks,59,201.98,422.8,Active
2267,Carbon Paddles,Kayaking,Paddles,14,191.39,349.1,Active
2268,Trail Backpacks,Hiking,Backpacks,12,17.46,27.4,Active
2269,Trail Comfort Sleeping Bags,Camping,Sleeping Bags,23,238.24,474.26,Discontinued
2270,Outdoor Lantern Lighting,Camping,Lighting,14,82.05,159.41,Active
2271,Explorer Trail Shoes,Footwear,Trail Shoes,32,157.55,229.81,Active
2272,Adventure Trail Shoes,Footwear,Trail Shoes,56,17.45,41.55,Discontinued
2273,Lake Rods,Fishing,Rods,23,175.26,397.55,Discontinued
2274,Cold Weather Sleeping Bags,Camping,Sleeping Bags,6,241.06,593.65,Discontinued
2275,RainShell Jackets,Apparel,Jackets,41,68.89,176.56,Active
2276,Explorer Trail Shoes,Footwear,Trail Shoes,31,90.97,204.23,Active
2277,Moisture Shirts,Apparel,Shirts,14,196.52,510.26,Discontinued
2278,Summit Tents,Camping,Tents,2,152.42,357.48,Discontinued
2279,LED Camp Lighting,Camping,Lighting,25,121.16,287.87,Active
2280,StormGuard Jackets,Apparel,Jackets,29,134.02,220.26,Active
2281,Explorer Backpacks,Hiking,Backpacks,44,154.27,308.14,Active
2282,Explorer Tents,Camping,Tents,50,126.7,178.39,Active
2283,TrailPro Hiking Boots,Footwear,Hiking Boots,44,53.84,101.01,Discontinued
2284,Ultralight Trekking Poles,Hiking,Trekking Poles,11,237.53,371.15,Active
2285,Explorer Backpacks,Hiking,Backpacks,28,129.07,324.23,Active
2286,Carbon Paddles,Kayaking,Paddles,28,110.47,159.84,Discontinued
2287,Alpine Tents,Camping,Tents,23,73.07,199.34,Discontinued
2288,Summit Hiking Boots,Footwear,Hiking Boots,37,39.04,63.51,Active
2289,Ocean Kayaks,Kayaking,Kayaks,36,168.37,364.4,Active
2290,Mountain Hiking Boots,Footwear,Hiking Boots,36,54.52,107.87,Active
2291,Trail Backpacks,Hiking,Backpacks,26,82.08,200.71,Active
2292,StormGuard Jackets,Apparel,Jackets,43,199.14,310.23,Active
2293,Lake Rods,Fishing,Rods,59,221.29,352.27,Active
2294,Summit Hiking Boots,Footwear,Hiking Boots,14,169.37,350.53,Active
2295,Ultralight Trekking Poles,Hiking,Trekking Poles,52,162.02,349.63,Active
2296,Adventure Backpacks,Hiking,Backpacks,31,44.9,110.67,Active
2297,River Rods,Fishing,Rods,41,160.47,317.56,Active
2298,Aluminum Trekking Poles,Hiking,Trekking Poles,56,24.32,48.75,Active
2299,Summit Hiking Boots,Footwear,Hiking Boots,26,171.2,462.77,Discontinued
2300,Professional Rods,Fishing,Rods,51,227.8,471.8,Discontinued
2301,River Kayaks,Kayaking,Kayaks,50,153.75,277.16,Active
2302,TrailPro Hiking Boots,Footwear,Hiking Boots,58,25.92,39.37,Active
2303,Ocean Kayaks,Kayaking,Kayaks,42,76.57,137.3,Active
2304,Outdoor Shirts,Apparel,Shirts,32,215.29,443.04,Discontinued
2305,Ocean Kayaks,Kayaking,Kayaks,22,90.9,215.25,Active
2306,Outdoor Shirts,Apparel,Shirts,15,219.94,490.95,Active
2307,StormGuard Jackets,Apparel,Jackets,13,55.9,154.36,Active
2308,Pro Reels,Fishing,Reels,43,73.34,146.2,Active
2309,Professional Rods,Fishing,Rods,24,80.8,190.85,Active
2310,Ultralight Trekking Poles,Hiking,Trekking Poles,47,134.83,210.89,Active
2311,River Kayaks,Kayaking,Kayaks,22,153.55,351.14,Active
2312,Aluminum Paddles,Kayaking,Paddles,18,68.95,143.28,Discontinued
2313,Spin Reels,Fishing,Reels,8,71.13,106.76,Discontinued
2314,Spin Reels,Fishing,Reels,17,25.97,65.88,Discontinued
2315,Explorer Trail Shoes,Footwear,Trail Shoes,4,146.19,245.43,Discontinued
2316,Carbon Paddles,Kayaking,Paddles,8,124.33,241.4,Active
2317,Explorer Backpacks,Hiking,Backpacks,3,192.43,537.24,Active
2318,StormGuard Jackets,Apparel,Jackets,7,138.45,218.53,Discontinued
2319,Adventure Backpacks,Hiking,Backpacks,22,145.98,206.39,Active
2320,Performance Shirts,Apparel,Shirts,37,65.32,147.99,Active
2321,Spin Reels,Fishing,Reels,21,46.41,100.95,Active
2322,Carbon Trekking Poles,Hiking,Trekking Poles,11,140.01,199.43,Active
2323,Pro Reels,Fishing,Reels,27,39.9,69.61,Active
2324,Ultralight Trekking Poles,Hiking,Trekking Poles,15,49.75,81.74,Active
2325,Summit Tents,Camping,Tents,56,171.08,343.75,Discontinued
2326,Summit Hiking Boots,Footwear,Hiking Boots,46,34.09,51.64,Discontinued
2327,Mountain Hiking Boots,Footwear,Hiking Boots,49,223.15,578.14,Discontinued
2328,Rechargeable Lighting,Camping,Lighting,28,59.23,138.75,Active
2329,Thermal Jackets,Apparel,Jackets,29,131.81,256.11,Active
2330,StormGuard Jackets,Apparel,Jackets,44,28.57,73.47,Discontinued
2331,Carbon Trekking Poles,Hiking,Trekking Poles,18,62.3,118.03,Active
2332,Carbon Paddles,Kayaking,Paddles,2,101.07,265.7,Active
2333,Ocean Kayaks,Kayaking,Kayaks,37,181.14,259.14,Active
2334,Performance Shirts,Apparel,Shirts,59,127.83,308.56,Discontinued
2335,Trail Comfort Sleeping Bags,Camping,Sleeping Bags,59,93.58,166.27,Active
2336,Summit Hiking Boots,Footwear,Hiking Boots,34,62.59,138.93,Active
2337,Trail Comfort Sleeping Bags,Camping,Sleeping Bags,46,21.51,37.0,Active
2338,Outdoor Lantern Lighting,Camping,Lighting,34,142.68,249.77,Active
2339,TrailPro Hiking Boots,Footwear,Hiking Boots,56,43.99,88.43,Active
2340,Aluminum Trekking Poles,Hiking,Trekking Poles,56,49.99,74.66,Active
2341,Professional Rods,Fishing,Rods,56,167.11,417.44,Active
2342,Outdoor Shirts,Apparel,Shirts,52,224.78,389.04,Active
2343,River Rods,Fishing,Rods,51,195.48,347.3,Active
2344,Lake Rods,Fishing,Rods,12,142.83,273.73,Active
2345,River Rods,Fishing,Rods,11,198.86,369.02,Active
2346,Professional Rods,Fishing,Rods,9,131.08,193.94,Active
2347,Cold Weather Sleeping Bags,Camping,Sleeping Bags,39,213.17,370.64,Active
2348,Pro Reels,Fishing,Reels,8,68.99,113.5,Active
2349,Trail Backpacks,Hiking,Backpacks,19,245.89,391.03,Discontinued
2350,Tournament Reels,Fishing,Reels,47,191.02,414.6,Discontinued
2351,Tournament Reels,Fishing,Reels,39,236.39,448.08,Discontinued
2352,Performance Shirts,Apparel,Shirts,52,130.76,274.55,Active
2353,Adventure Backpacks,Hiking,Backpacks,8,248.73,641.41,Discontinued
2354,Adventure Trail Shoes,Footwear,Trail Shoes,13,99.67,183.43,Active
2355,Ultralight Trekking Poles,Hiking,Trekking Poles,38,190.08,385.85,Active
2356,Aluminum Paddles,Kayaking,Paddles,15,68.68,97.73,Discontinued
2357,Outdoor Shirts,Apparel,Shirts,57,121.92,250.09,Active
2358,TrailPro Hiking Boots,Footwear,Hiking Boots,10,240.31,418.98,Active
2359,Performance Shirts,Apparel,Shirts,57,94.13,251.62,Discontinued
2360,Rechargeable Lighting,Camping,Lighting,31,95.15,201.49,Active
2361,TrailPro Hiking Boots,Footwear,Hiking Boots,33,89.55,164.28,Active
2362,Summit Tents,Camping,Tents,4,188.64,412.41,Active
2363,Professional Rods,Fishing,Rods,26,135.06,193.65,Active
2364,Pro Reels,Fishing,Reels,4,159.23,286.44,Active
2365,Adventure Trail Shoes,Footwear,Trail Shoes,50,193.27,280.36,Active
2366,Aluminum Trekking Poles,Hiking,Trekking Poles,47,168.55,339.76,Active
2367,Trail Backpacks,Hiking,Backpacks,26,32.37,62.72,Active
2368,TrailMaster Tents,Camping,Tents,27,12.91,20.48,Active
2369,TrailPro Hiking Boots,Footwear,Hiking Boots,59,141.29,248.28,Active
2370,Summit Tents,Camping,Tents,31,216.12,382.9,Active
2371,Carbon Trekking Poles,Hiking,Trekking Poles,6,231.96,485.0,Discontinued
2372,Outdoor Shirts,Apparel,Shirts,36,239.36,421.59,Active
2373,Carbon Paddles,Kayaking,Paddles,38,170.26,437.48,Active
2374,River Rods,Fishing,Rods,18,205.58,412.69,Active
2375,Pro Reels,Fishing,Reels,4,243.46,678.73,Active
2376,RainShell Jackets,Apparel,Jackets,15,143.2,369.78,Active
2377,Summit Hiking Boots,Footwear,Hiking Boots,27,177.37,373.93,Discontinued
2378,Adventure Trail Shoes,Footwear,Trail Shoes,31,29.47,47.96,Active
2379,Thermal Jackets,Apparel,Jackets,27,107.42,215.38,Discontinued
2380,Trail Comfort Sleeping Bags,Camping,Sleeping Bags,57,38.37,66.38,Discontinued
2381,TrailPro Hiking Boots,Footwear,Hiking Boots,16,113.23,195.79,Active
2382,StormGuard Jackets,Apparel,Jackets,6,88.51,170.61,Active
2383,Alpine Tents,Camping,Tents,58,46.01,92.02,Active
2384,River Kayaks,Kayaking,Kayaks,9,10.5,17.31,Active
2385,Moisture Shirts,Apparel,Shirts,58,147.28,214.53,Active
2386,RainShell Jackets,Apparel,Jackets,3,249.12,377.49,Active
2387,Explorer Backpacks,Hiking,Backpacks,18,207.81,433.6,Active
2388,Professional Rods,Fishing,Rods,39,78.27,116.69,Active
2389,Explorer Backpacks,Hiking,Backpacks,3,155.56,367.84,Discontinued
2390,StormGuard Jackets,Apparel,Jackets,33,123.44,251.02,Active
2391,Outdoor Shirts,Apparel,Shirts,55,203.67,352.18,Active
2392,Carbon Paddles,Kayaking,Paddles,10,67.76,108.97,Active
2393,Alpine Tents,Camping,Tents,9,45.44,127.12,Active
2394,Ocean Kayaks,Kayaking,Kayaks,38,194.89,460.49,Active
2395,Aluminum Paddles,Kayaking,Paddles,43,108.37,292.8,Active
2396,Ocean Kayaks,Kayaking,Kayaks,26,167.48,319.87,Active
2397,RainShell Jackets,Apparel,Jackets,17,17.53,45.48,Discontinued
2398,Aluminum Trekking Poles,Hiking,Trekking Poles,46,168.0,328.69,Active
2399,TrailPro Hiking Boots,Footwear,Hiking Boots,43,188.87,451.46,Active
2400,River Rods,Fishing,Rods,17,218.6,356.29,Discontinued
2401,Trail Comfort Sleeping Bags,Camping,Sleeping Bags,16,45.56,120.18,Discontinued
2402,StormGuard Jackets,Apparel,Jackets,1,53.32,77.52,Active
2403,Aluminum Paddles,Kayaking,Paddles,50,90.92,140.6,Active
2404,Explorer Backpacks,Hiking,Backpacks,48,173.29,450.71,Active
2405,Tournament Reels,Fishing,Reels,40,248.47,560.91,Active
2406,TrailPro Hiking Boots,Footwear,Hiking Boots,19,241.39,537.66,Discontinued
2407,Trail Comfort Sleeping Bags,Camping,Sleeping Bags,51,14.3,31.82,Active
2408,Adventure Trail Shoes,Footwear,Trail Shoes,15,229.39,516.65,Active
2409,Lake Rods,Fishing,Rods,55,73.53,194.72,Active
2410,Aluminum Trekking Poles,Hiking,Trekking Poles,3,73.69,157.92,Active
2411,TrailPro Hiking Boots,Footwear,Hiking Boots,5,10.54,15.46,Active
2412,Spin Reels,Fishing,Reels,51,130.42,356.52,Active
2413,Lake Rods,Fishing,Rods,43,247.33,420.16,Active
2414,Explorer Tents,Camping,Tents,35,144.58,268.92,Active
2415,Rechargeable Lighting,Camping,Lighting,31,29.12,67.14,Active
2416,TrailMaster Tents,Camping,Tents,17,50.57,91.49,Discontinued
2417,Carbon Trekking Poles,Hiking,Trekking Poles,49,185.0,352.61,Active
2418,RainShell Jackets,Apparel,Jackets,55,245.88,644.82,Active
2419,Explorer Backpacks,Hiking,Backpacks,29,241.63,376.63,Active
2420,Outdoor Lantern Lighting,Camping,Lighting,43,121.67,191.14,Active
2421,Cold Weather Sleeping Bags,Camping,Sleeping Bags,13,94.78,184.16,Active
2422,Explorer Kayaks,Kayaking,Kayaks,6,203.05,509.78,Active
2423,Explorer Backpacks,Hiking,Backpacks,35,48.48,123.2,Active
2424,Runner Trail Shoes,Footwear,Trail Shoes,49,91.64,178.24,Discontinued
2425,Rechargeable Lighting,Camping,Lighting,41,60.97,101.59,Discontinued
2426,Professional Rods,Fishing,Rods,59,64.42,149.44,Discontinued
2427,Pro Reels,Fishing,Reels,58,87.33,167.36,Active
2428,Cold Weather Sleeping Bags,Camping,Sleeping Bags,43,10.89,20.66,Active
2429,Aluminum Paddles,Kayaking,Paddles,21,189.94,267.89,Discontinued
2430,Alpine Tents,Camping,Tents,8,152.72,333.84,Active
2431,Explorer Trail Shoes,Footwear,Trail Shoes,22,249.07,601.82,Active
2432,Professional Rods,Fishing,Rods,53,86.1,158.16,Discontinued
2433,RainShell Jackets,Apparel,Jackets,9,23.18,42.19,Active
2434,TrailPro Hiking Boots,Footwear,Hiking Boots,5,91.59,181.06,Active
2435,Trail Comfort Sleeping Bags,Camping,Sleeping Bags,2,187.27,368.85,Active
2436,StormGuard Jackets,Apparel,Jackets,34,32.34,51.5,Active
2437,RainShell Jackets,Apparel,Jackets,21,243.91,603.73,Active
2438,Adventure Backpacks,Hiking,Backpacks,18,202.09,348.43,Active
2439,Professional Rods,Fishing,Rods,45,141.74,313.01,Active
2440,Spin Reels,Fishing,Reels,3,224.88,551.68,Active
2441,Mountain Hiking Boots,Footwear,Hiking Boots,9,89.98,219.33,Active
2442,LED Camp Lighting,Camping,Lighting,31,35.64,73.7,Active
2443,TrailPro Hiking Boots,Footwear,Hiking Boots,58,48.11,130.64,Active
2444,Cold Weather Sleeping Bags,Camping,Sleeping Bags,45,54.43,146.17,Active
2445,Ocean Kayaks,Kayaking,Kayaks,11,62.42,149.27,Active
2446,Mountain Hiking Boots,Footwear,Hiking Boots,51,135.51,241.57,Active
2447,Summit Hiking Boots,Footwear,Hiking Boots,25,113.13,255.51,Active
2448,Pro Reels,Fishing,Reels,27,42.69,117.96,Active
2449,StormGuard Jackets,Apparel,Jackets,27,215.47,339.26,Active
2450,Carbon Paddles,Kayaking,Paddles,13,244.68,481.47,Active
2451,Explorer Kayaks,Kayaking,Kayaks,8,54.25,124.62,Active
2452,Trail Backpacks,Hiking,Backpacks,47,249.55,609.61,Active
2453,Carbon Paddles,Kayaking,Paddles,8,241.65,431.87,Active
2454,Explorer Kayaks,Kayaking,Kayaks,27,36.59,86.89,Active
2455,Thermal Jackets,Apparel,Jackets,51,44.65,107.79,Active
2456,Outdoor Shirts,Apparel,Shirts,18,100.89,214.53,Discontinued
2457,Explorer Kayaks,Kayaking,Kayaks,13,45.02,87.56,Active
2458,Adventure Trail Shoes,Footwear,Trail Shoes,28,114.99,201.57,Discontinued
2459,Trail Backpacks,Hiking,Backpacks,14,189.6,404.61,Discontinued
2460,Cold Weather Sleeping Bags,Camping,Sleeping Bags,50,78.03,128.58,Active
2461,Mountain Hiking Boots,Footwear,Hiking Boots,15,119.06,217.22,Discontinued
2462,Aluminum Trekking Poles,Hiking,Trekking Poles,31,241.24,428.8,Active
2463,Summit Hiking Boots,Footwear,Hiking Boots,25,197.44,454.77,Active
2464,River Rods,Fishing,Rods,17,74.24,142.48,Active
2465,Moisture Shirts,Apparel,Shirts,57,106.89,159.07,Active
2466,Aluminum Trekking Poles,Hiking,Trekking Poles,43,204.33,502.82,Active
2467,Carbon Paddles,Kayaking,Paddles,50,45.78,65.35,Discontinued
2468,Spin Reels,Fishing,Reels,47,125.44,208.52,Active
2469,Aluminum Paddles,Kayaking,Paddles,13,177.05,315.28,Discontinued
2470,Carbon Paddles,Kayaking,Paddles,57,101.18,230.13,Active
2471,Thermal Jackets,Apparel,Jackets,35,95.65,235.54,Active
2472,TrailPro Hiking Boots,Footwear,Hiking Boots,5,239.8,341.24,Active
2473,River Rods,Fishing,Rods,30,108.58,158.68,Discontinued
2474,River Rods,Fishing,Rods,29,173.43,479.76,Active
2475,Trail Backpacks,Hiking,Backpacks,1,99.01,143.69,Discontinued
2476,Mountain Sleeping Bags,Camping,Sleeping Bags,14,151.27,307.04,Active
2477,StormGuard Jackets,Apparel,Jackets,51,38.51,97.34,Active
2478,Mountain Sleeping Bags,Camping,Sleeping Bags,49,76.5,124.99,Active
2479,TrailPro Hiking Boots,Footwear,Hiking Boots,33,222.99,343.43,Active
2480,Spin Reels,Fishing,Reels,23,112.51,212.48,Discontinued
2481,River Rods,Fishing,Rods,37,187.34,519.49,Active
2482,Carbon Paddles,Kayaking,Paddles,48,51.3,83.09,Active
2483,River Kayaks,Kayaking,Kayaks,19,208.55,349.68,Discontinued
2484,Rechargeable Lighting,Camping,Lighting,8,64.15,101.89,Active
2485,Moisture Shirts,Apparel,Shirts,54,113.64,268.54,Active
2486,Runner Trail Shoes,Footwear,Trail Shoes,12,51.13,74.1,Discontinued
2487,Summit Tents,Camping,Tents,7,60.83,98.25,Discontinued
2488,Explorer Backpacks,Hiking,Backpacks,57,181.29,434.95,Active
2489,Mountain Hiking Boots,Footwear,Hiking Boots,29,137.88,302.54,Discontinued
2490,Aluminum Trekking Poles,Hiking,Trekking Poles,60,85.78,192.9,Active
2491,Aluminum Trekking Poles,Hiking,Trekking Poles,60,100.13,215.24,Active
2492,Professional Rods,Fishing,Rods,48,40.43,59.65,Active
2493,Pro Reels,Fishing,Reels,48,228.24,505.08,Active
2494,LED Camp Lighting,Camping,Lighting,9,139.37,240.35,Active
2495,Outdoor Lantern Lighting,Camping,Lighting,35,140.48,211.26,Active
2496,Thermal Jackets,Apparel,Jackets,53,72.67,157.58,Active
2497,Trail Comfort Sleeping Bags,Camping,Sleeping Bags,52,214.06,361.21,Active
2498,Explorer Kayaks,Kayaking,Kayaks,28,45.48,91.84,Active
2499,Aluminum Paddles,Kayaking,Paddles,55,49.51,88.47,Active
2500,Alpine Tents,Camping,Tents,45,197.21,490.15,Active
